workload,prompt_idx,policy,error_type,K,accepted_or_entropy
humaneval,0,fixed_1,Under-Drafting,1,0.08080562204122543
humaneval,0,fixed_1,Under-Drafting,1,0.03730170428752899
humaneval,0,fixed_1,Under-Drafting,1,0.030329233035445213
humaneval,0,fixed_1,Under-Drafting,1,0.16258443892002106
humaneval,0,fixed_1,Under-Drafting,1,0.02420802228152752
humaneval,0,fixed_1,Under-Drafting,1,0.01789245381951332
humaneval,0,fixed_1,Under-Drafting,1,0.025680486112833023
humaneval,0,fixed_1,Under-Drafting,1,0.15762023627758026
humaneval,0,fixed_1,Under-Drafting,1,0.04735306277871132
humaneval,0,fixed_1,Under-Drafting,1,0.050933871418237686
humaneval,0,fixed_1,Under-Drafting,1,0.047976523637771606
humaneval,0,fixed_1,Under-Drafting,1,0.16174201667308807
humaneval,0,fixed_1,Under-Drafting,1,0.02025383710861206
humaneval,0,fixed_1,Under-Drafting,1,0.1072782576084137
humaneval,0,fixed_1,Under-Drafting,1,0.0997675284743309
humaneval,0,fixed_1,Under-Drafting,1,0.012560044415295124
humaneval,1,fixed_1,Under-Drafting,1,0.06063215807080269
humaneval,1,fixed_1,Under-Drafting,1,0.047589898109436035
humaneval,1,fixed_1,Under-Drafting,1,0.007823978550732136
humaneval,1,fixed_1,Under-Drafting,1,0.0673813596367836
humaneval,1,fixed_1,Under-Drafting,1,0.0015766447177156806
humaneval,1,fixed_1,Under-Drafting,1,0.10849477350711823
humaneval,1,fixed_1,Under-Drafting,1,0.09492935985326767
humaneval,1,fixed_1,Under-Drafting,1,0.10581925511360168
humaneval,1,fixed_1,Under-Drafting,1,0.08766325563192368
humaneval,2,fixed_1,Under-Drafting,1,0.05760746821761131
humaneval,2,fixed_1,Under-Drafting,1,0.013770775869488716
humaneval,2,fixed_1,Under-Drafting,1,0.09708257019519806
humaneval,2,fixed_1,Under-Drafting,1,0.07860884070396423
humaneval,2,fixed_1,Under-Drafting,1,0.09876935184001923
humaneval,2,fixed_1,Under-Drafting,1,0.09667789936065674
humaneval,2,fixed_1,Under-Drafting,1,0.0916428193449974
humaneval,2,fixed_1,Under-Drafting,1,0.1090029925107956
humaneval,2,fixed_1,Under-Drafting,1,0.01972269080579281
humaneval,2,fixed_1,Under-Drafting,1,0.00046976772136986256
humaneval,2,fixed_1,Under-Drafting,1,0.017222903668880463
humaneval,2,fixed_1,Under-Drafting,1,0.010167377069592476
humaneval,2,fixed_1,Under-Drafting,1,0.04519093781709671
humaneval,2,fixed_1,Under-Drafting,1,0.16234846413135529
humaneval,2,fixed_1,Under-Drafting,1,0.0027155170682817698
humaneval,2,fixed_1,Under-Drafting,1,0.043869245797395706
humaneval,2,fixed_1,Under-Drafting,1,0.003161700675264001
humaneval,2,fixed_1,Under-Drafting,1,0.016054920852184296
humaneval,2,fixed_1,Under-Drafting,1,0.02137342095375061
humaneval,3,fixed_1,Under-Drafting,1,0.06160452589392662
humaneval,3,fixed_1,Under-Drafting,1,0.013582928106188774
humaneval,3,fixed_1,Under-Drafting,1,0.0017302691703662276
humaneval,3,fixed_1,Under-Drafting,1,0.05907059460878372
humaneval,3,fixed_1,Under-Drafting,1,0.030551999807357788
humaneval,3,fixed_1,Under-Drafting,1,0.012499053962528706
humaneval,3,fixed_1,Under-Drafting,1,0.02107805386185646
humaneval,3,fixed_1,Under-Drafting,1,0.06964210420846939
humaneval,3,fixed_1,Under-Drafting,1,0.018303826451301575
humaneval,3,fixed_1,Under-Drafting,1,0.0009705378906801343
humaneval,3,fixed_1,Under-Drafting,1,0.04926934838294983
humaneval,3,fixed_1,Under-Drafting,1,0.008420716039836407
humaneval,3,fixed_1,Under-Drafting,1,0.001987504307180643
humaneval,3,fixed_1,Under-Drafting,1,0.007044598925858736
humaneval,3,fixed_1,Under-Drafting,1,0.024372758343815804
humaneval,3,fixed_1,Under-Drafting,1,0.0796782374382019
humaneval,4,fixed_1,Under-Drafting,1,0.11923712491989136
humaneval,4,fixed_1,Under-Drafting,1,0.05476611852645874
humaneval,4,fixed_1,Under-Drafting,1,0.003122515045106411
humaneval,4,fixed_1,Under-Drafting,1,0.0469965860247612
humaneval,4,fixed_1,Under-Drafting,1,0.19420012831687927
humaneval,4,fixed_1,Under-Drafting,1,0.06860756129026413
humaneval,4,fixed_1,Under-Drafting,1,0.17461641132831573
humaneval,4,fixed_1,Under-Drafting,1,0.15182603895664215
humaneval,4,fixed_1,Under-Drafting,1,0.05085719749331474
humaneval,5,fixed_1,Under-Drafting,1,0.04361840710043907
humaneval,5,fixed_1,Under-Drafting,1,0.06452632695436478
humaneval,5,fixed_1,Under-Drafting,1,0.015134845860302448
humaneval,5,fixed_1,Under-Drafting,1,0.011793889105319977
humaneval,5,fixed_1,Under-Drafting,1,0.0070100524462759495
humaneval,5,fixed_1,Under-Drafting,1,0.10749487578868866
humaneval,5,fixed_1,Under-Drafting,1,0.036672379821538925
humaneval,5,fixed_1,Under-Drafting,1,0.002434772439301014
humaneval,5,fixed_1,Under-Drafting,1,0.038169972598552704
humaneval,5,fixed_1,Under-Drafting,1,0.0010276150424033403
humaneval,5,fixed_1,Under-Drafting,1,0.023117585107684135
humaneval,5,fixed_1,Under-Drafting,1,0.07110659778118134
humaneval,6,fixed_1,Under-Drafting,1,0.03931507095694542
humaneval,6,fixed_1,Under-Drafting,1,0.1564122438430786
humaneval,6,fixed_1,Under-Drafting,1,0.16800028085708618
humaneval,6,fixed_1,Under-Drafting,1,0.06122126430273056
humaneval,6,fixed_1,Under-Drafting,1,0.002514279680326581
humaneval,6,fixed_1,Under-Drafting,1,0.005917042959481478
humaneval,6,fixed_1,Under-Drafting,1,0.020157940685749054
humaneval,6,fixed_1,Under-Drafting,1,0.07046713680028915
humaneval,6,fixed_1,Under-Drafting,1,0.11393702030181885
humaneval,6,fixed_1,Under-Drafting,1,0.19560125470161438
humaneval,6,fixed_1,Under-Drafting,1,0.015829050913453102
humaneval,6,fixed_1,Under-Drafting,1,0.012173308990895748
humaneval,6,fixed_1,Under-Drafting,1,0.14621742069721222
humaneval,6,fixed_1,Under-Drafting,1,0.03645540773868561
humaneval,7,fixed_1,Under-Drafting,1,0.08024190366268158
humaneval,7,fixed_1,Under-Drafting,1,0.0651552677154541
humaneval,7,fixed_1,Under-Drafting,1,0.022043751552700996
humaneval,7,fixed_1,Under-Drafting,1,0.04334688559174538
humaneval,7,fixed_1,Under-Drafting,1,0.1628163605928421
humaneval,7,fixed_1,Under-Drafting,1,0.10475102066993713
humaneval,7,fixed_1,Under-Drafting,1,0.028238900005817413
humaneval,7,fixed_1,Under-Drafting,1,0.01895340159535408
humaneval,7,fixed_1,Under-Drafting,1,0.010941725224256516
humaneval,7,fixed_1,Under-Drafting,1,0.17965570092201233
humaneval,7,fixed_1,Under-Drafting,1,0.019829686731100082
humaneval,7,fixed_1,Under-Drafting,1,0.03526365011930466
humaneval,7,fixed_1,Under-Drafting,1,0.057317521423101425
humaneval,7,fixed_1,Under-Drafting,1,0.05560406297445297
humaneval,7,fixed_1,Under-Drafting,1,0.004907822236418724
humaneval,7,fixed_1,Under-Drafting,1,0.06078725680708885
humaneval,7,fixed_1,Under-Drafting,1,0.1414135992527008
humaneval,7,fixed_1,Under-Drafting,1,0.07569942623376846
humaneval,7,fixed_1,Under-Drafting,1,0.04348910599946976
humaneval,8,fixed_1,Under-Drafting,1,0.11191518604755402
humaneval,8,fixed_1,Under-Drafting,1,0.04067656770348549
humaneval,8,fixed_1,Under-Drafting,1,0.0007900650962255895
humaneval,8,fixed_1,Under-Drafting,1,0.06236552819609642
humaneval,8,fixed_1,Under-Drafting,1,0.032298967242240906
humaneval,8,fixed_1,Under-Drafting,1,0.0025171427987515926
humaneval,8,fixed_1,Under-Drafting,1,0.07343914359807968
humaneval,8,fixed_1,Under-Drafting,1,0.02473856881260872
humaneval,8,fixed_1,Under-Drafting,1,0.11361437290906906
humaneval,8,fixed_1,Under-Drafting,1,0.087955541908741
humaneval,8,fixed_1,Under-Drafting,1,0.027618981897830963
humaneval,8,fixed_1,Under-Drafting,1,0.09370893985033035
humaneval,8,fixed_1,Under-Drafting,1,0.04405217990279198
humaneval,8,fixed_1,Under-Drafting,1,0.0020249150693416595
humaneval,8,fixed_1,Under-Drafting,1,0.02301628328859806
humaneval,8,fixed_1,Under-Drafting,1,0.0005339260678738356
humaneval,8,fixed_1,Under-Drafting,1,0.01608910784125328
humaneval,8,fixed_1,Under-Drafting,1,0.10618993639945984
humaneval,8,fixed_1,Under-Drafting,1,0.010414106771349907
humaneval,9,fixed_1,Under-Drafting,1,0.04510372504591942
humaneval,9,fixed_1,Under-Drafting,1,0.041445039212703705
humaneval,9,fixed_1,Under-Drafting,1,0.014436665922403336
humaneval,9,fixed_1,Under-Drafting,1,0.12943688035011292
humaneval,9,fixed_1,Under-Drafting,1,0.025751814246177673
humaneval,9,fixed_1,Under-Drafting,1,0.13505919277668
humaneval,9,fixed_1,Under-Drafting,1,0.007958509959280491
humaneval,9,fixed_1,Under-Drafting,1,0.08917748928070068
humaneval,9,fixed_1,Under-Drafting,1,0.06622134894132614
humaneval,9,fixed_1,Under-Drafting,1,0.019237235188484192
humaneval,9,fixed_1,Under-Drafting,1,0.059691958129405975
humaneval,9,fixed_1,Under-Drafting,1,0.047109127044677734
humaneval,9,fixed_1,Under-Drafting,1,0.03325481712818146
humaneval,9,fixed_1,Under-Drafting,1,0.07798592746257782
humaneval,9,fixed_1,Under-Drafting,1,0.030560839921236038
humaneval,9,fixed_1,Under-Drafting,1,0.06509655714035034
humaneval,9,fixed_1,Under-Drafting,1,0.19678719341754913
humaneval,9,fixed_1,Under-Drafting,1,0.09087363630533218
humaneval,9,fixed_1,Under-Drafting,1,0.01737275719642639
humaneval,9,fixed_1,Under-Drafting,1,0.11235764622688293
humaneval,9,fixed_1,Under-Drafting,1,0.13114795088768005
humaneval,10,fixed_1,Under-Drafting,1,0.10816787928342819
humaneval,10,fixed_1,Under-Drafting,1,0.072880819439888
humaneval,10,fixed_1,Under-Drafting,1,0.09177019447088242
humaneval,10,fixed_1,Under-Drafting,1,0.023835262283682823
humaneval,10,fixed_1,Under-Drafting,1,0.012096956372261047
humaneval,10,fixed_1,Under-Drafting,1,0.07877061516046524
humaneval,10,fixed_1,Under-Drafting,1,0.024009671062231064
humaneval,10,fixed_1,Under-Drafting,1,0.16544455289840698
humaneval,10,fixed_1,Under-Drafting,1,0.04122087359428406
humaneval,10,fixed_1,Under-Drafting,1,0.002476353896781802
humaneval,10,fixed_1,Under-Drafting,1,0.002662947401404381
humaneval,10,fixed_1,Under-Drafting,1,0.1837826520204544
humaneval,10,fixed_1,Under-Drafting,1,0.18280312418937683
humaneval,10,fixed_1,Under-Drafting,1,0.19267097115516663
humaneval,10,fixed_1,Under-Drafting,1,0.0011936434311792254
humaneval,11,fixed_1,Under-Drafting,1,0.06671716272830963
humaneval,11,fixed_1,Under-Drafting,1,0.1741739958524704
humaneval,11,fixed_1,Under-Drafting,1,0.04529168829321861
humaneval,11,fixed_1,Under-Drafting,1,0.02652117609977722
humaneval,11,fixed_1,Under-Drafting,1,0.1824062317609787
humaneval,11,fixed_1,Under-Drafting,1,0.11573798209428787
humaneval,11,fixed_1,Under-Drafting,1,0.011203724890947342
humaneval,11,fixed_1,Under-Drafting,1,0.0895291268825531
humaneval,11,fixed_1,Under-Drafting,1,0.05805965140461922
humaneval,11,fixed_1,Under-Drafting,1,0.12201236188411713
humaneval,11,fixed_1,Under-Drafting,1,0.023173410445451736
humaneval,11,fixed_1,Under-Drafting,1,0.02178659290075302
humaneval,11,fixed_1,Under-Drafting,1,0.007073416840285063
humaneval,11,fixed_1,Under-Drafting,1,0.12463584542274475
humaneval,11,fixed_1,Under-Drafting,1,0.00745325768366456
humaneval,11,fixed_1,Under-Drafting,1,0.018250398337841034
humaneval,11,fixed_1,Under-Drafting,1,0.11133944243192673
humaneval,11,fixed_1,Under-Drafting,1,0.08476220816373825
humaneval,11,fixed_1,Under-Drafting,1,0.05435822159051895
humaneval,12,fixed_1,Under-Drafting,1,0.06644599139690399
humaneval,12,fixed_1,Under-Drafting,1,0.15157419443130493
humaneval,12,fixed_1,Under-Drafting,1,0.19344687461853027
humaneval,12,fixed_1,Under-Drafting,1,0.028852706775069237
humaneval,12,fixed_1,Under-Drafting,1,0.019656090065836906
humaneval,12,fixed_1,Under-Drafting,1,0.0006785549921914935
humaneval,12,fixed_1,Under-Drafting,1,0.04967346042394638
humaneval,12,fixed_1,Under-Drafting,1,0.004265198949724436
humaneval,12,fixed_1,Under-Drafting,1,0.0012205231469124556
humaneval,12,fixed_1,Under-Drafting,1,0.0050497897900640965
humaneval,12,fixed_1,Under-Drafting,1,0.020860319957137108
humaneval,12,fixed_1,Under-Drafting,1,0.06554090231657028
humaneval,13,fixed_1,Under-Drafting,1,0.01665160246193409
humaneval,13,fixed_1,Under-Drafting,1,0.1118197962641716
humaneval,13,fixed_1,Under-Drafting,1,0.015028687193989754
humaneval,13,fixed_1,Under-Drafting,1,0.03936496376991272
humaneval,13,fixed_1,Under-Drafting,1,0.039895858615636826
humaneval,13,fixed_1,Under-Drafting,1,0.010964634828269482
humaneval,13,fixed_1,Under-Drafting,1,0.14001141488552094
humaneval,13,fixed_1,Under-Drafting,1,0.18024921417236328
humaneval,13,fixed_1,Under-Drafting,1,0.009389625862240791
humaneval,13,fixed_1,Under-Drafting,1,0.090488500893116
humaneval,13,fixed_1,Under-Drafting,1,0.004601053893566132
humaneval,13,fixed_1,Under-Drafting,1,0.046450190246105194
humaneval,14,fixed_1,Under-Drafting,1,0.06899958848953247
humaneval,14,fixed_1,Under-Drafting,1,0.0033637301530689
humaneval,14,fixed_1,Under-Drafting,1,0.12901955842971802
humaneval,14,fixed_1,Under-Drafting,1,0.14678193628787994
humaneval,14,fixed_1,Under-Drafting,1,0.011711901053786278
humaneval,14,fixed_1,Under-Drafting,1,0.1046939417719841
humaneval,14,fixed_1,Under-Drafting,1,0.0014118575491011143
humaneval,14,fixed_1,Under-Drafting,1,0.00046301865950226784
humaneval,14,fixed_1,Under-Drafting,1,0.007969553582370281
humaneval,14,fixed_1,Under-Drafting,1,0.0036072246730327606
humaneval,14,fixed_1,Under-Drafting,1,0.019135985523462296
humaneval,14,fixed_1,Under-Drafting,1,0.11700083315372467
humaneval,14,fixed_1,Under-Drafting,1,0.18954876065254211
humaneval,14,fixed_1,Under-Drafting,1,0.1648295521736145
humaneval,14,fixed_1,Under-Drafting,1,0.16964411735534668
humaneval,14,fixed_1,Under-Drafting,1,0.03348599374294281
humaneval,15,fixed_1,Under-Drafting,1,0.17325562238693237
humaneval,15,fixed_1,Under-Drafting,1,0.008095812983810902
humaneval,15,fixed_1,Under-Drafting,1,0.047718070447444916
humaneval,15,fixed_1,Under-Drafting,1,0.012243942357599735
humaneval,15,fixed_1,Under-Drafting,1,0.015329449437558651
humaneval,15,fixed_1,Under-Drafting,1,0.11013935506343842
humaneval,15,fixed_1,Under-Drafting,1,0.10411480069160461
humaneval,15,fixed_1,Under-Drafting,1,0.1176382526755333
humaneval,15,fixed_1,Under-Drafting,1,0.008561845868825912
humaneval,15,fixed_1,Under-Drafting,1,0.01779971271753311
humaneval,15,fixed_1,Under-Drafting,1,0.010451901704072952
humaneval,15,fixed_1,Under-Drafting,1,0.021454891189932823
humaneval,16,fixed_1,Under-Drafting,1,0.1840510368347168
humaneval,16,fixed_1,Under-Drafting,1,0.06717399507761002
humaneval,16,fixed_1,Under-Drafting,1,0.12042500078678131
humaneval,16,fixed_1,Under-Drafting,1,0.14481423795223236
humaneval,16,fixed_1,Under-Drafting,1,0.0032701618038117886
humaneval,16,fixed_1,Under-Drafting,1,0.19959087669849396
humaneval,16,fixed_1,Under-Drafting,1,0.004155059810727835
humaneval,16,fixed_1,Under-Drafting,1,0.0018331597093492746
humaneval,16,fixed_1,Under-Drafting,1,0.04159212484955788
humaneval,16,fixed_1,Under-Drafting,1,0.006416714750230312
humaneval,16,fixed_1,Under-Drafting,1,0.021112456917762756
humaneval,16,fixed_1,Under-Drafting,1,0.0850553810596466
humaneval,16,fixed_1,Under-Drafting,1,0.0010627333540469408
humaneval,16,fixed_1,Under-Drafting,1,0.0013392954133450985
humaneval,16,fixed_1,Under-Drafting,1,0.1297042965888977
humaneval,17,fixed_1,Under-Drafting,1,0.07292738556861877
humaneval,17,fixed_1,Under-Drafting,1,0.02209385111927986
humaneval,17,fixed_1,Under-Drafting,1,0.1462000012397766
humaneval,17,fixed_1,Under-Drafting,1,0.1876719892024994
humaneval,17,fixed_1,Under-Drafting,1,0.19834928214550018
humaneval,17,fixed_1,Under-Drafting,1,0.05542359873652458
humaneval,17,fixed_1,Under-Drafting,1,0.06621065735816956
humaneval,17,fixed_1,Under-Drafting,1,0.04953832924365997
humaneval,17,fixed_1,Under-Drafting,1,0.13674533367156982
humaneval,17,fixed_1,Under-Drafting,1,0.19965523481369019
humaneval,17,fixed_1,Under-Drafting,1,0.1967228353023529
humaneval,17,fixed_1,Under-Drafting,1,0.07709486782550812
humaneval,17,fixed_1,Under-Drafting,1,0.011477340012788773
humaneval,17,fixed_1,Under-Drafting,1,0.076678067445755
humaneval,17,fixed_1,Under-Drafting,1,0.0059916237369179726
humaneval,17,fixed_1,Under-Drafting,1,0.04402066022157669
humaneval,17,fixed_1,Under-Drafting,1,0.013882898725569248
humaneval,17,fixed_1,Under-Drafting,1,0.09651048481464386
humaneval,17,fixed_1,Under-Drafting,1,0.04320397973060608
humaneval,17,fixed_1,Under-Drafting,1,0.17159108817577362
humaneval,17,fixed_1,Under-Drafting,1,0.025545476004481316
humaneval,17,fixed_1,Under-Drafting,1,0.1666339784860611
humaneval,17,fixed_1,Under-Drafting,1,0.01595754362642765
humaneval,17,fixed_1,Under-Drafting,1,0.03323109820485115
humaneval,18,fixed_1,Under-Drafting,1,0.1914321780204773
humaneval,18,fixed_1,Under-Drafting,1,0.04498105123639107
humaneval,18,fixed_1,Under-Drafting,1,0.006481989752501249
humaneval,18,fixed_1,Under-Drafting,1,0.19502563774585724
humaneval,18,fixed_1,Under-Drafting,1,0.10255435109138489
humaneval,18,fixed_1,Under-Drafting,1,0.12018360197544098
humaneval,18,fixed_1,Under-Drafting,1,0.052054427564144135
humaneval,18,fixed_1,Under-Drafting,1,0.19683809578418732
humaneval,18,fixed_1,Under-Drafting,1,0.0033212900161743164
humaneval,18,fixed_1,Under-Drafting,1,0.04680197685956955
humaneval,18,fixed_1,Under-Drafting,1,0.09389583766460419
humaneval,18,fixed_1,Under-Drafting,1,0.0862947627902031
humaneval,18,fixed_1,Under-Drafting,1,0.18389494717121124
humaneval,18,fixed_1,Under-Drafting,1,0.04158739000558853
humaneval,18,fixed_1,Under-Drafting,1,0.030797820538282394
humaneval,18,fixed_1,Under-Drafting,1,0.0026064442936331034
humaneval,18,fixed_1,Under-Drafting,1,0.07538455724716187
humaneval,19,fixed_1,Under-Drafting,1,0.11083139479160309
humaneval,19,fixed_1,Under-Drafting,1,0.03757686913013458
humaneval,19,fixed_1,Under-Drafting,1,0.15334013104438782
humaneval,19,fixed_1,Under-Drafting,1,0.0006769781466573477
humaneval,19,fixed_1,Under-Drafting,1,0.05414184555411339
humaneval,19,fixed_1,Under-Drafting,1,0.186482235789299
humaneval,19,fixed_1,Under-Drafting,1,0.04824789986014366
humaneval,19,fixed_1,Under-Drafting,1,0.030281629413366318
humaneval,19,fixed_1,Under-Drafting,1,0.008974109776318073
humaneval,20,fixed_1,Under-Drafting,1,0.1504211723804474
humaneval,20,fixed_1,Under-Drafting,1,0.06330333650112152
humaneval,20,fixed_1,Under-Drafting,1,0.009210933931171894
humaneval,20,fixed_1,Under-Drafting,1,0.114423468708992
humaneval,20,fixed_1,Under-Drafting,1,0.12410963326692581
humaneval,20,fixed_1,Under-Drafting,1,0.17642268538475037
humaneval,20,fixed_1,Under-Drafting,1,0.01738549768924713
humaneval,20,fixed_1,Under-Drafting,1,0.031697873026132584
humaneval,20,fixed_1,Under-Drafting,1,0.19790275394916534
humaneval,20,fixed_1,Under-Drafting,1,0.03259844332933426
humaneval,20,fixed_1,Under-Drafting,1,0.03501424938440323
humaneval,20,fixed_1,Under-Drafting,1,0.022167401388287544
humaneval,20,fixed_1,Under-Drafting,1,0.15726158022880554
humaneval,21,fixed_1,Under-Drafting,1,0.08145386725664139
humaneval,21,fixed_1,Under-Drafting,1,0.09875261783599854
humaneval,21,fixed_1,Under-Drafting,1,0.0028149907011538744
humaneval,21,fixed_1,Under-Drafting,1,0.026868494227528572
humaneval,21,fixed_1,Under-Drafting,1,0.030535412952303886
humaneval,21,fixed_1,Under-Drafting,1,0.1417018324136734
humaneval,21,fixed_1,Under-Drafting,1,0.02177410200238228
humaneval,21,fixed_1,Under-Drafting,1,0.02029811032116413
humaneval,21,fixed_1,Under-Drafting,1,0.016771303489804268
humaneval,21,fixed_1,Under-Drafting,1,0.08028078079223633
humaneval,21,fixed_1,Under-Drafting,1,0.09069103002548218
humaneval,21,fixed_1,Under-Drafting,1,0.025279829278588295
humaneval,21,fixed_1,Under-Drafting,1,0.10608929395675659
humaneval,21,fixed_1,Under-Drafting,1,0.06964804977178574
humaneval,21,fixed_1,Under-Drafting,1,0.06004403531551361
humaneval,21,fixed_1,Under-Drafting,1,0.10095272958278656
humaneval,21,fixed_1,Under-Drafting,1,0.008292111568152905
humaneval,21,fixed_1,Under-Drafting,1,0.010525336489081383
humaneval,22,fixed_1,Under-Drafting,1,0.06222473829984665
humaneval,22,fixed_1,Under-Drafting,1,0.17659997940063477
humaneval,22,fixed_1,Under-Drafting,1,0.02157360501587391
humaneval,22,fixed_1,Under-Drafting,1,0.035163991153240204
humaneval,22,fixed_1,Under-Drafting,1,0.03860493004322052
humaneval,22,fixed_1,Under-Drafting,1,0.020719006657600403
humaneval,22,fixed_1,Under-Drafting,1,0.0006627843831665814
humaneval,22,fixed_1,Under-Drafting,1,0.06741444766521454
humaneval,22,fixed_1,Under-Drafting,1,0.005586578510701656
humaneval,22,fixed_1,Under-Drafting,1,0.0017624711617827415
humaneval,22,fixed_1,Under-Drafting,1,0.006270408630371094
humaneval,22,fixed_1,Under-Drafting,1,0.04053917154669762
humaneval,22,fixed_1,Under-Drafting,1,0.0684000551700592
humaneval,22,fixed_1,Under-Drafting,1,0.1684272438287735
humaneval,22,fixed_1,Under-Drafting,1,0.06987903267145157
humaneval,23,fixed_1,Under-Drafting,1,0.1547767072916031
humaneval,23,fixed_1,Under-Drafting,1,0.0517321415245533
humaneval,23,fixed_1,Under-Drafting,1,0.16658160090446472
humaneval,23,fixed_1,Under-Drafting,1,0.029658634215593338
humaneval,23,fixed_1,Under-Drafting,1,0.10799010097980499
humaneval,23,fixed_1,Under-Drafting,1,0.025054432451725006
humaneval,23,fixed_1,Under-Drafting,1,0.003475804813206196
humaneval,23,fixed_1,Under-Drafting,1,0.1089744046330452
humaneval,23,fixed_1,Under-Drafting,1,0.008242504671216011
humaneval,23,fixed_1,Under-Drafting,1,0.003365670796483755
humaneval,23,fixed_1,Under-Drafting,1,0.03601039573550224
humaneval,23,fixed_1,Under-Drafting,1,0.0034194099716842175
humaneval,23,fixed_1,Under-Drafting,1,0.002407768042758107
humaneval,24,fixed_1,Under-Drafting,1,0.10869963467121124
humaneval,24,fixed_1,Under-Drafting,1,0.08582255989313126
humaneval,24,fixed_1,Under-Drafting,1,0.07605086266994476
humaneval,24,fixed_1,Under-Drafting,1,0.034380052238702774
humaneval,24,fixed_1,Under-Drafting,1,0.030872546136379242
humaneval,24,fixed_1,Under-Drafting,1,0.06165673956274986
humaneval,24,fixed_1,Under-Drafting,1,0.06994543224573135
humaneval,24,fixed_1,Under-Drafting,1,0.030952751636505127
humaneval,24,fixed_1,Under-Drafting,1,0.06669554114341736
humaneval,24,fixed_1,Under-Drafting,1,0.14724670350551605
humaneval,24,fixed_1,Under-Drafting,1,0.16057264804840088
humaneval,24,fixed_1,Under-Drafting,1,0.15489789843559265
humaneval,24,fixed_1,Under-Drafting,1,0.004553527105599642
humaneval,25,fixed_1,Under-Drafting,1,0.06533898413181305
humaneval,25,fixed_1,Under-Drafting,1,0.03501538932323456
humaneval,25,fixed_1,Under-Drafting,1,0.0008200868032872677
humaneval,25,fixed_1,Under-Drafting,1,0.01277369074523449
humaneval,25,fixed_1,Under-Drafting,1,0.03656606003642082
humaneval,25,fixed_1,Under-Drafting,1,0.01925775595009327
humaneval,25,fixed_1,Under-Drafting,1,0.025818537920713425
humaneval,25,fixed_1,Under-Drafting,1,0.00323287770152092
humaneval,25,fixed_1,Under-Drafting,1,0.1951504796743393
humaneval,25,fixed_1,Under-Drafting,1,0.09361178427934647
humaneval,25,fixed_1,Under-Drafting,1,0.008634813129901886
humaneval,25,fixed_1,Under-Drafting,1,0.1806260198354721
humaneval,25,fixed_1,Under-Drafting,1,0.12597841024398804
humaneval,25,fixed_1,Under-Drafting,1,0.010476794093847275
humaneval,25,fixed_1,Under-Drafting,1,0.05419298633933067
humaneval,25,fixed_1,Under-Drafting,1,0.016744129359722137
humaneval,25,fixed_1,Under-Drafting,1,0.008266913704574108
humaneval,25,fixed_1,Under-Drafting,1,0.031534042209386826
humaneval,25,fixed_1,Under-Drafting,1,0.0004785124328918755
humaneval,26,fixed_1,Under-Drafting,1,0.05436406657099724
humaneval,26,fixed_1,Under-Drafting,1,0.09243802726268768
humaneval,26,fixed_1,Under-Drafting,1,0.038656484335660934
humaneval,26,fixed_1,Under-Drafting,1,0.10908031463623047
humaneval,26,fixed_1,Under-Drafting,1,0.05559948831796646
humaneval,26,fixed_1,Under-Drafting,1,0.06804312020540237
humaneval,26,fixed_1,Under-Drafting,1,0.02388114482164383
humaneval,26,fixed_1,Under-Drafting,1,0.05475836247205734
humaneval,26,fixed_1,Under-Drafting,1,0.12783196568489075
humaneval,26,fixed_1,Under-Drafting,1,0.06214373931288719
humaneval,26,fixed_1,Under-Drafting,1,0.15083885192871094
humaneval,26,fixed_1,Under-Drafting,1,0.10607999563217163
humaneval,26,fixed_1,Under-Drafting,1,0.190416157245636
humaneval,26,fixed_1,Under-Drafting,1,0.08547548949718475
humaneval,26,fixed_1,Under-Drafting,1,0.13991858065128326
humaneval,26,fixed_1,Under-Drafting,1,0.15831258893013
humaneval,26,fixed_1,Under-Drafting,1,0.015749288722872734
humaneval,26,fixed_1,Under-Drafting,1,0.004923943430185318
humaneval,26,fixed_1,Under-Drafting,1,0.05132162570953369
humaneval,26,fixed_1,Under-Drafting,1,0.026075556874275208
humaneval,26,fixed_1,Under-Drafting,1,0.009748167358338833
humaneval,26,fixed_1,Under-Drafting,1,0.03095616027712822
humaneval,27,fixed_1,Under-Drafting,1,0.02676180750131607
humaneval,27,fixed_1,Under-Drafting,1,0.020624496042728424
humaneval,27,fixed_1,Under-Drafting,1,0.002126032020896673
humaneval,27,fixed_1,Under-Drafting,1,0.1053466796875
humaneval,27,fixed_1,Under-Drafting,1,0.18820495903491974
humaneval,27,fixed_1,Under-Drafting,1,0.003797361394390464
humaneval,27,fixed_1,Under-Drafting,1,0.017741266638040543
humaneval,27,fixed_1,Under-Drafting,1,0.0030522847082465887
humaneval,27,fixed_1,Under-Drafting,1,0.06373375654220581
humaneval,27,fixed_1,Under-Drafting,1,0.0028420924209058285
humaneval,27,fixed_1,Under-Drafting,1,0.07823893427848816
humaneval,27,fixed_1,Under-Drafting,1,0.038905926048755646
humaneval,27,fixed_1,Under-Drafting,1,0.006967830006033182
humaneval,27,fixed_1,Under-Drafting,1,0.09010308980941772
humaneval,28,fixed_1,Under-Drafting,1,0.0718822181224823
humaneval,28,fixed_1,Under-Drafting,1,0.016925059258937836
humaneval,28,fixed_1,Under-Drafting,1,0.0026416312903165817
humaneval,28,fixed_1,Under-Drafting,1,0.0792815312743187
humaneval,28,fixed_1,Under-Drafting,1,0.003977062646299601
humaneval,28,fixed_1,Under-Drafting,1,0.0036139918956905603
humaneval,28,fixed_1,Under-Drafting,1,0.028017986565828323
humaneval,28,fixed_1,Under-Drafting,1,0.0025707127060741186
humaneval,28,fixed_1,Under-Drafting,1,0.0013510242570191622
humaneval,28,fixed_1,Under-Drafting,1,0.08450963348150253
humaneval,28,fixed_1,Under-Drafting,1,0.0019031735137104988
humaneval,28,fixed_1,Under-Drafting,1,0.00549844466149807
humaneval,28,fixed_1,Under-Drafting,1,0.09929066896438599
humaneval,29,fixed_1,Under-Drafting,1,0.05147688090801239
humaneval,29,fixed_1,Under-Drafting,1,0.1335136890411377
humaneval,29,fixed_1,Under-Drafting,1,0.02133137919008732
humaneval,29,fixed_1,Under-Drafting,1,0.034889161586761475
humaneval,29,fixed_1,Under-Drafting,1,0.1482865810394287
humaneval,29,fixed_1,Under-Drafting,1,0.006475643254816532
humaneval,29,fixed_1,Under-Drafting,1,0.010137375444173813
humaneval,29,fixed_1,Under-Drafting,1,0.0533849373459816
humaneval,29,fixed_1,Under-Drafting,1,0.12828098237514496
humaneval,29,fixed_1,Under-Drafting,1,0.007754780352115631
humaneval,29,fixed_1,Under-Drafting,1,0.01332042645663023
humaneval,29,fixed_1,Under-Drafting,1,0.19121497869491577
humaneval,29,fixed_1,Under-Drafting,1,0.018735181540250778
humaneval,29,fixed_1,Under-Drafting,1,0.013339029625058174
humaneval,29,fixed_1,Under-Drafting,1,0.07271061837673187
humaneval,29,fixed_1,Under-Drafting,1,0.11102162301540375
humaneval,29,fixed_1,Under-Drafting,1,0.1263534426689148
humaneval,29,fixed_1,Under-Drafting,1,0.1333661824464798
humaneval,29,fixed_1,Under-Drafting,1,0.16168585419654846
humaneval,29,fixed_1,Under-Drafting,1,0.001783411717042327
humaneval,29,fixed_1,Under-Drafting,1,0.001396171865053475
humaneval,29,fixed_1,Under-Drafting,1,0.0015789744211360812
humaneval,29,fixed_1,Under-Drafting,1,0.019888604059815407
humaneval,30,fixed_1,Under-Drafting,1,0.06066626310348511
humaneval,30,fixed_1,Under-Drafting,1,0.011673725210130215
humaneval,30,fixed_1,Under-Drafting,1,0.026328735053539276
humaneval,30,fixed_1,Under-Drafting,1,0.018896011635661125
humaneval,30,fixed_1,Under-Drafting,1,0.07180265337228775
humaneval,30,fixed_1,Under-Drafting,1,0.07179306447505951
humaneval,30,fixed_1,Under-Drafting,1,0.13311319053173065
humaneval,30,fixed_1,Under-Drafting,1,0.0033755465410649776
humaneval,30,fixed_1,Under-Drafting,1,0.08262807875871658
humaneval,30,fixed_1,Under-Drafting,1,0.007533167954534292
humaneval,30,fixed_1,Under-Drafting,1,0.011719482019543648
humaneval,30,fixed_1,Under-Drafting,1,0.004075632896274328
humaneval,30,fixed_1,Under-Drafting,1,0.00209762342274189
humaneval,30,fixed_1,Under-Drafting,1,0.008087016642093658
humaneval,30,fixed_1,Under-Drafting,1,0.009664549492299557
humaneval,30,fixed_1,Under-Drafting,1,0.025690391659736633
humaneval,30,fixed_1,Under-Drafting,1,0.05895237624645233
humaneval,30,fixed_1,Under-Drafting,1,0.005940034985542297
humaneval,30,fixed_1,Under-Drafting,1,0.0008119222475215793
humaneval,30,fixed_1,Under-Drafting,1,0.0006098646554164588
humaneval,30,fixed_1,Under-Drafting,1,0.05100181698799133
humaneval,31,fixed_1,Under-Drafting,1,0.17898647487163544
humaneval,31,fixed_1,Under-Drafting,1,0.060001153498888016
humaneval,31,fixed_1,Under-Drafting,1,0.016386428847908974
humaneval,31,fixed_1,Under-Drafting,1,0.17339767515659332
humaneval,31,fixed_1,Under-Drafting,1,0.16466085612773895
humaneval,31,fixed_1,Under-Drafting,1,0.09164729714393616
humaneval,31,fixed_1,Under-Drafting,1,0.05651954561471939
humaneval,31,fixed_1,Under-Drafting,1,0.06394489854574203
humaneval,31,fixed_1,Under-Drafting,1,0.04741617292165756
humaneval,31,fixed_1,Under-Drafting,1,0.03232213109731674
humaneval,31,fixed_1,Under-Drafting,1,0.13735443353652954
humaneval,31,fixed_1,Under-Drafting,1,0.10772057622671127
humaneval,31,fixed_1,Under-Drafting,1,0.026973212137818336
humaneval,31,fixed_1,Under-Drafting,1,0.002139198360964656
humaneval,31,fixed_1,Under-Drafting,1,0.03777656704187393
humaneval,31,fixed_1,Under-Drafting,1,0.04654998704791069
humaneval,31,fixed_1,Under-Drafting,1,0.007697264198213816
humaneval,32,fixed_1,Under-Drafting,1,0.022626928985118866
humaneval,32,fixed_1,Under-Drafting,1,0.0914488434791565
humaneval,32,fixed_1,Under-Drafting,1,0.006646917201578617
humaneval,32,fixed_1,Under-Drafting,1,0.043779727071523666
humaneval,32,fixed_1,Under-Drafting,1,0.014968115836381912
humaneval,32,fixed_1,Under-Drafting,1,0.18759071826934814
humaneval,32,fixed_1,Under-Drafting,1,0.08345378935337067
humaneval,32,fixed_1,Under-Drafting,1,0.06497503817081451
humaneval,32,fixed_1,Under-Drafting,1,0.008772023022174835
humaneval,32,fixed_1,Under-Drafting,1,0.07342448830604553
humaneval,32,fixed_1,Under-Drafting,1,0.021931065246462822
humaneval,32,fixed_1,Under-Drafting,1,0.003405042225494981
humaneval,32,fixed_1,Under-Drafting,1,0.005372136831283569
humaneval,33,fixed_1,Under-Drafting,1,0.06251201033592224
humaneval,33,fixed_1,Under-Drafting,1,0.04865216463804245
humaneval,33,fixed_1,Under-Drafting,1,0.021032322198152542
humaneval,33,fixed_1,Under-Drafting,1,0.030115170404314995
humaneval,33,fixed_1,Under-Drafting,1,0.07116332650184631
humaneval,33,fixed_1,Under-Drafting,1,0.04305783286690712
humaneval,33,fixed_1,Under-Drafting,1,0.017409365624189377
humaneval,33,fixed_1,Under-Drafting,1,0.11866815388202667
humaneval,33,fixed_1,Under-Drafting,1,0.11590037494897842
humaneval,33,fixed_1,Under-Drafting,1,0.11789534986019135
humaneval,33,fixed_1,Under-Drafting,1,0.11065646260976791
humaneval,33,fixed_1,Under-Drafting,1,0.10138620436191559
humaneval,33,fixed_1,Under-Drafting,1,0.04795826971530914
humaneval,33,fixed_1,Under-Drafting,1,0.00952032208442688
humaneval,33,fixed_1,Under-Drafting,1,0.05817493051290512
humaneval,33,fixed_1,Under-Drafting,1,0.09702581912279129
humaneval,34,fixed_1,Under-Drafting,1,0.19325952231884003
humaneval,34,fixed_1,Under-Drafting,1,0.18543198704719543
humaneval,34,fixed_1,Under-Drafting,1,0.11696263402700424
humaneval,34,fixed_1,Under-Drafting,1,0.05716722458600998
humaneval,34,fixed_1,Under-Drafting,1,0.0037240672390908003
humaneval,34,fixed_1,Under-Drafting,1,0.04277820140123367
humaneval,34,fixed_1,Under-Drafting,1,0.007829482667148113
humaneval,34,fixed_1,Under-Drafting,1,0.007521757856011391
humaneval,34,fixed_1,Under-Drafting,1,0.015445416793227196
humaneval,34,fixed_1,Under-Drafting,1,0.003425220726057887
humaneval,34,fixed_1,Under-Drafting,1,0.01077829860150814
humaneval,34,fixed_1,Under-Drafting,1,0.01039494201540947
humaneval,34,fixed_1,Under-Drafting,1,0.005186339840292931
humaneval,34,fixed_1,Under-Drafting,1,0.014367249794304371
humaneval,34,fixed_1,Under-Drafting,1,0.027323298156261444
humaneval,34,fixed_1,Under-Drafting,1,0.0033252774737775326
humaneval,34,fixed_1,Under-Drafting,1,0.00806102529168129
humaneval,34,fixed_1,Under-Drafting,1,0.04678776487708092
humaneval,34,fixed_1,Under-Drafting,1,0.013001209124922752
humaneval,34,fixed_1,Under-Drafting,1,0.0023348680697381496
humaneval,35,fixed_1,Under-Drafting,1,0.15280450880527496
humaneval,35,fixed_1,Under-Drafting,1,0.10897228866815567
humaneval,35,fixed_1,Under-Drafting,1,0.15006129443645477
humaneval,35,fixed_1,Under-Drafting,1,0.061382025480270386
humaneval,35,fixed_1,Under-Drafting,1,0.012554630637168884
humaneval,35,fixed_1,Under-Drafting,1,0.026330461725592613
humaneval,35,fixed_1,Under-Drafting,1,0.1228264570236206
humaneval,35,fixed_1,Under-Drafting,1,0.1597028225660324
humaneval,35,fixed_1,Under-Drafting,1,0.03848941624164581
humaneval,35,fixed_1,Under-Drafting,1,0.0622188076376915
humaneval,35,fixed_1,Under-Drafting,1,0.009678428992629051
humaneval,35,fixed_1,Under-Drafting,1,0.04408132657408714
humaneval,35,fixed_1,Under-Drafting,1,0.014070370234549046
humaneval,35,fixed_1,Under-Drafting,1,0.06197875365614891
humaneval,35,fixed_1,Under-Drafting,1,0.0037565745878964663
humaneval,35,fixed_1,Under-Drafting,1,0.18717871606349945
humaneval,35,fixed_1,Under-Drafting,1,0.03336748480796814
humaneval,35,fixed_1,Under-Drafting,1,0.001751611940562725
humaneval,35,fixed_1,Under-Drafting,1,0.020540539175271988
humaneval,35,fixed_1,Under-Drafting,1,0.002240217523649335
humaneval,35,fixed_1,Under-Drafting,1,0.0024101852905005217
humaneval,35,fixed_1,Under-Drafting,1,0.00018934007675852627
humaneval,35,fixed_1,Under-Drafting,1,0.0007031066343188286
humaneval,35,fixed_1,Under-Drafting,1,0.0015705055557191372
humaneval,35,fixed_1,Under-Drafting,1,0.0014554313383996487
humaneval,35,fixed_1,Under-Drafting,1,0.0031157773919403553
humaneval,36,fixed_1,Under-Drafting,1,0.007419075351208448
humaneval,36,fixed_1,Under-Drafting,1,0.015528921969234943
humaneval,36,fixed_1,Under-Drafting,1,0.07927887886762619
humaneval,36,fixed_1,Under-Drafting,1,0.11499171704053879
humaneval,36,fixed_1,Under-Drafting,1,0.03892020881175995
humaneval,36,fixed_1,Under-Drafting,1,0.011359237134456635
humaneval,36,fixed_1,Under-Drafting,1,0.0599554143846035
humaneval,36,fixed_1,Under-Drafting,1,0.004320619162172079
humaneval,36,fixed_1,Under-Drafting,1,0.08896391838788986
humaneval,36,fixed_1,Under-Drafting,1,0.001677973777987063
humaneval,36,fixed_1,Under-Drafting,1,0.0010972089366987348
humaneval,36,fixed_1,Under-Drafting,1,0.005224561784416437
humaneval,36,fixed_1,Under-Drafting,1,0.0007939079077914357
humaneval,36,fixed_1,Under-Drafting,1,0.021797578781843185
humaneval,36,fixed_1,Under-Drafting,1,0.06124728173017502
humaneval,36,fixed_1,Under-Drafting,1,0.024401791393756866
humaneval,36,fixed_1,Under-Drafting,1,0.03966053947806358
humaneval,36,fixed_1,Under-Drafting,1,0.057622287422418594
humaneval,36,fixed_1,Under-Drafting,1,0.07870147377252579
humaneval,36,fixed_1,Under-Drafting,1,0.07412320375442505
humaneval,37,fixed_1,Under-Drafting,1,0.03617614507675171
humaneval,37,fixed_1,Under-Drafting,1,0.15589994192123413
humaneval,37,fixed_1,Under-Drafting,1,0.07171360403299332
humaneval,37,fixed_1,Under-Drafting,1,0.031019732356071472
humaneval,37,fixed_1,Under-Drafting,1,0.1407690942287445
humaneval,37,fixed_1,Under-Drafting,1,0.1658356487751007
humaneval,37,fixed_1,Under-Drafting,1,0.15326742827892303
humaneval,37,fixed_1,Under-Drafting,1,0.13840094208717346
humaneval,37,fixed_1,Under-Drafting,1,0.061817847192287445
humaneval,38,fixed_1,Under-Drafting,1,0.06305843591690063
humaneval,38,fixed_1,Under-Drafting,1,0.09299439191818237
humaneval,38,fixed_1,Under-Drafting,1,0.025590073317289352
humaneval,38,fixed_1,Under-Drafting,1,0.036588165909051895
humaneval,38,fixed_1,Under-Drafting,1,0.005096117500215769
humaneval,38,fixed_1,Under-Drafting,1,0.041868407279253006
humaneval,38,fixed_1,Under-Drafting,1,0.033859189599752426
humaneval,38,fixed_1,Under-Drafting,1,0.013474028557538986
humaneval,38,fixed_1,Under-Drafting,1,0.15669280290603638
humaneval,38,fixed_1,Under-Drafting,1,0.00076058111153543
humaneval,38,fixed_1,Under-Drafting,1,0.006483596283942461
humaneval,38,fixed_1,Under-Drafting,1,0.0058216857723891735
humaneval,38,fixed_1,Under-Drafting,1,0.025298699736595154
humaneval,38,fixed_1,Under-Drafting,1,0.0028909503016620874
humaneval,38,fixed_1,Under-Drafting,1,0.02798757329583168
humaneval,38,fixed_1,Under-Drafting,1,0.0014742796774953604
humaneval,38,fixed_1,Under-Drafting,1,0.15327712893486023
humaneval,39,fixed_1,Under-Drafting,1,0.1971987783908844
humaneval,39,fixed_1,Under-Drafting,1,0.02710285782814026
humaneval,39,fixed_1,Under-Drafting,1,0.004290373530238867
humaneval,39,fixed_1,Under-Drafting,1,0.0791679173707962
humaneval,39,fixed_1,Under-Drafting,1,0.008878836408257484
humaneval,39,fixed_1,Under-Drafting,1,0.13367049396038055
humaneval,39,fixed_1,Under-Drafting,1,0.055445119738578796
humaneval,39,fixed_1,Under-Drafting,1,0.0004897518083453178
humaneval,39,fixed_1,Under-Drafting,1,0.004584329202771187
humaneval,39,fixed_1,Under-Drafting,1,0.14685970544815063
humaneval,39,fixed_1,Under-Drafting,1,0.17466971278190613
humaneval,40,fixed_1,Under-Drafting,1,0.13435760140419006
humaneval,40,fixed_1,Under-Drafting,1,0.11068236827850342
humaneval,40,fixed_1,Under-Drafting,1,0.06892357766628265
humaneval,40,fixed_1,Under-Drafting,1,0.03675130754709244
humaneval,40,fixed_1,Under-Drafting,1,0.04654388502240181
humaneval,40,fixed_1,Under-Drafting,1,0.014952078461647034
humaneval,40,fixed_1,Under-Drafting,1,0.009950945153832436
humaneval,40,fixed_1,Under-Drafting,1,0.015334095805883408
humaneval,40,fixed_1,Under-Drafting,1,0.0009886318584904075
humaneval,40,fixed_1,Under-Drafting,1,0.011674318462610245
humaneval,40,fixed_1,Under-Drafting,1,0.04083646833896637
humaneval,40,fixed_1,Under-Drafting,1,0.005391518585383892
humaneval,40,fixed_1,Under-Drafting,1,0.04658341780304909
humaneval,40,fixed_1,Under-Drafting,1,0.0013223241548985243
humaneval,40,fixed_1,Under-Drafting,1,0.0031480668112635612
humaneval,40,fixed_1,Under-Drafting,1,0.04201359674334526
humaneval,40,fixed_1,Under-Drafting,1,0.02528226375579834
humaneval,40,fixed_1,Under-Drafting,1,0.015073814429342747
humaneval,40,fixed_1,Under-Drafting,1,0.0015978999435901642
humaneval,40,fixed_1,Under-Drafting,1,0.021303491666913033
humaneval,40,fixed_1,Under-Drafting,1,0.005997109226882458
humaneval,40,fixed_1,Under-Drafting,1,0.014704752713441849
humaneval,40,fixed_1,Under-Drafting,1,0.0007987918215803802
humaneval,40,fixed_1,Under-Drafting,1,0.019710782915353775
humaneval,40,fixed_1,Under-Drafting,1,0.04981038719415665
humaneval,40,fixed_1,Under-Drafting,1,0.17710578441619873
humaneval,40,fixed_1,Under-Drafting,1,0.005063403397798538
humaneval,41,fixed_1,Under-Drafting,1,0.14323529601097107
humaneval,42,fixed_1,Under-Drafting,1,0.17345720529556274
humaneval,42,fixed_1,Under-Drafting,1,0.0062253777869045734
humaneval,42,fixed_1,Under-Drafting,1,0.017528219148516655
humaneval,42,fixed_1,Under-Drafting,1,0.06341008841991425
humaneval,42,fixed_1,Under-Drafting,1,0.10470473766326904
humaneval,42,fixed_1,Under-Drafting,1,0.07862281799316406
humaneval,42,fixed_1,Under-Drafting,1,0.19928734004497528
humaneval,42,fixed_1,Under-Drafting,1,0.14986449480056763
humaneval,42,fixed_1,Under-Drafting,1,0.11220920085906982
humaneval,42,fixed_1,Under-Drafting,1,0.003560922807082534
humaneval,42,fixed_1,Under-Drafting,1,0.02636842615902424
humaneval,42,fixed_1,Under-Drafting,1,0.12538030743598938
humaneval,42,fixed_1,Under-Drafting,1,0.07691822946071625
humaneval,42,fixed_1,Under-Drafting,1,0.02630768157541752
humaneval,42,fixed_1,Under-Drafting,1,0.004482544492930174
humaneval,42,fixed_1,Under-Drafting,1,0.07490542531013489
humaneval,42,fixed_1,Under-Drafting,1,0.10916103422641754
humaneval,43,fixed_1,Under-Drafting,1,0.0831642672419548
humaneval,43,fixed_1,Under-Drafting,1,0.0012623091461136937
humaneval,43,fixed_1,Under-Drafting,1,0.022259380668401718
humaneval,43,fixed_1,Under-Drafting,1,0.051293861120939255
humaneval,43,fixed_1,Under-Drafting,1,0.10173049569129944
humaneval,43,fixed_1,Under-Drafting,1,0.027493735775351524
humaneval,43,fixed_1,Under-Drafting,1,0.0327288843691349
humaneval,43,fixed_1,Under-Drafting,1,0.0364493764936924
humaneval,43,fixed_1,Under-Drafting,1,0.009432637132704258
humaneval,43,fixed_1,Under-Drafting,1,0.06826133280992508
humaneval,43,fixed_1,Under-Drafting,1,0.0008687802474014461
humaneval,43,fixed_1,Under-Drafting,1,0.0004673121147789061
humaneval,43,fixed_1,Under-Drafting,1,4.7785782953724265e-05
humaneval,43,fixed_1,Under-Drafting,1,0.0008635009871795774
humaneval,43,fixed_1,Under-Drafting,1,0.020028304308652878
humaneval,43,fixed_1,Under-Drafting,1,0.0007247414323501289
humaneval,43,fixed_1,Under-Drafting,1,0.0039044807199388742
humaneval,43,fixed_1,Under-Drafting,1,0.040669091045856476
humaneval,43,fixed_1,Under-Drafting,1,0.017784753814339638
humaneval,43,fixed_1,Under-Drafting,1,8.706469088792801e-05
humaneval,43,fixed_1,Under-Drafting,1,0.019101737067103386
humaneval,43,fixed_1,Under-Drafting,1,0.005483082961291075
humaneval,43,fixed_1,Under-Drafting,1,0.012324281968176365
humaneval,43,fixed_1,Under-Drafting,1,8.553675434086472e-05
humaneval,44,fixed_1,Under-Drafting,1,0.18891207873821259
humaneval,44,fixed_1,Under-Drafting,1,0.07810455560684204
humaneval,44,fixed_1,Under-Drafting,1,0.04308665543794632
humaneval,44,fixed_1,Under-Drafting,1,0.0526854544878006
humaneval,44,fixed_1,Under-Drafting,1,0.14524875581264496
humaneval,44,fixed_1,Under-Drafting,1,0.023039404302835464
humaneval,44,fixed_1,Under-Drafting,1,0.08981561660766602
humaneval,44,fixed_1,Under-Drafting,1,0.0493939183652401
humaneval,44,fixed_1,Under-Drafting,1,0.10093632340431213
humaneval,44,fixed_1,Under-Drafting,1,0.11152084916830063
humaneval,44,fixed_1,Under-Drafting,1,0.03876075893640518
humaneval,44,fixed_1,Under-Drafting,1,0.03666587546467781
humaneval,44,fixed_1,Under-Drafting,1,0.19701015949249268
humaneval,44,fixed_1,Under-Drafting,1,0.19337911903858185
humaneval,45,fixed_1,Under-Drafting,1,0.1350962519645691
humaneval,45,fixed_1,Under-Drafting,1,0.08826880156993866
humaneval,45,fixed_1,Under-Drafting,1,0.11402011662721634
humaneval,45,fixed_1,Under-Drafting,1,0.06669238954782486
humaneval,45,fixed_1,Under-Drafting,1,0.11264415085315704
humaneval,45,fixed_1,Under-Drafting,1,0.11903877556324005
humaneval,45,fixed_1,Under-Drafting,1,0.10472184419631958
humaneval,45,fixed_1,Under-Drafting,1,0.009182577952742577
humaneval,45,fixed_1,Under-Drafting,1,0.06324520707130432
humaneval,45,fixed_1,Under-Drafting,1,0.059049930423498154
humaneval,45,fixed_1,Under-Drafting,1,0.12574709951877594
humaneval,45,fixed_1,Under-Drafting,1,0.004319611005485058
humaneval,45,fixed_1,Under-Drafting,1,0.12829722464084625
humaneval,45,fixed_1,Under-Drafting,1,0.022171465680003166
humaneval,45,fixed_1,Under-Drafting,1,0.0037453570403158665
humaneval,45,fixed_1,Under-Drafting,1,0.06832054257392883
humaneval,45,fixed_1,Under-Drafting,1,0.027172010391950607
humaneval,46,fixed_1,Under-Drafting,1,0.05727633833885193
humaneval,46,fixed_1,Under-Drafting,1,0.09905306249856949
humaneval,46,fixed_1,Under-Drafting,1,0.010054747574031353
humaneval,46,fixed_1,Under-Drafting,1,0.1507011353969574
humaneval,46,fixed_1,Under-Drafting,1,0.023164192214608192
humaneval,46,fixed_1,Under-Drafting,1,0.020186342298984528
humaneval,46,fixed_1,Under-Drafting,1,0.0032138514798134565
humaneval,46,fixed_1,Under-Drafting,1,0.04148641601204872
humaneval,46,fixed_1,Under-Drafting,1,0.022150112316012383
humaneval,46,fixed_1,Under-Drafting,1,0.06385715305805206
humaneval,46,fixed_1,Under-Drafting,1,0.007799564860761166
humaneval,46,fixed_1,Under-Drafting,1,0.006422080565243959
humaneval,46,fixed_1,Under-Drafting,1,0.11895087361335754
humaneval,46,fixed_1,Under-Drafting,1,0.02089426852762699
humaneval,46,fixed_1,Under-Drafting,1,0.04919097200036049
humaneval,46,fixed_1,Under-Drafting,1,0.010312964208424091
humaneval,46,fixed_1,Under-Drafting,1,0.07425351440906525
humaneval,46,fixed_1,Under-Drafting,1,0.015366263687610626
humaneval,46,fixed_1,Under-Drafting,1,0.1773638129234314
humaneval,46,fixed_1,Under-Drafting,1,0.10024799406528473
humaneval,46,fixed_1,Under-Drafting,1,0.007443028502166271
humaneval,47,fixed_1,Under-Drafting,1,0.10573677718639374
humaneval,47,fixed_1,Under-Drafting,1,0.09954419732093811
humaneval,47,fixed_1,Under-Drafting,1,0.1056368425488472
humaneval,47,fixed_1,Under-Drafting,1,0.03985904902219772
humaneval,47,fixed_1,Under-Drafting,1,0.053083233535289764
humaneval,47,fixed_1,Under-Drafting,1,0.024730786681175232
humaneval,47,fixed_1,Under-Drafting,1,0.052975643426179886
humaneval,47,fixed_1,Under-Drafting,1,0.03160397335886955
humaneval,47,fixed_1,Under-Drafting,1,0.09924837946891785
humaneval,47,fixed_1,Under-Drafting,1,0.038944393396377563
humaneval,47,fixed_1,Under-Drafting,1,0.03553963080048561
humaneval,47,fixed_1,Under-Drafting,1,0.017493311315774918
humaneval,47,fixed_1,Under-Drafting,1,0.036798927932977676
humaneval,47,fixed_1,Under-Drafting,1,0.003338687354698777
humaneval,48,fixed_1,Under-Drafting,1,0.18445664644241333
humaneval,48,fixed_1,Under-Drafting,1,0.007672076113522053
humaneval,48,fixed_1,Under-Drafting,1,0.010298769921064377
humaneval,48,fixed_1,Under-Drafting,1,0.09239139407873154
humaneval,48,fixed_1,Under-Drafting,1,0.011179642751812935
humaneval,48,fixed_1,Under-Drafting,1,0.09282532334327698
humaneval,48,fixed_1,Under-Drafting,1,0.001538352109491825
humaneval,48,fixed_1,Under-Drafting,1,0.014222759753465652
humaneval,48,fixed_1,Under-Drafting,1,0.004197870381176472
humaneval,48,fixed_1,Under-Drafting,1,0.03916628658771515
humaneval,48,fixed_1,Under-Drafting,1,0.0034102285280823708
humaneval,48,fixed_1,Under-Drafting,1,0.08864577859640121
humaneval,48,fixed_1,Under-Drafting,1,0.0059419060125947
humaneval,49,fixed_1,Under-Drafting,1,0.09601349383592606
humaneval,49,fixed_1,Under-Drafting,1,0.06315703690052032
humaneval,49,fixed_1,Under-Drafting,1,0.1445458084344864
humaneval,49,fixed_1,Under-Drafting,1,0.07557189464569092
humaneval,49,fixed_1,Under-Drafting,1,0.11612313240766525
humaneval,49,fixed_1,Under-Drafting,1,0.06937810778617859
humaneval,49,fixed_1,Under-Drafting,1,0.0957888513803482
humaneval,49,fixed_1,Under-Drafting,1,0.059599824249744415
humaneval,49,fixed_1,Under-Drafting,1,0.05428645759820938
humaneval,49,fixed_1,Under-Drafting,1,0.01981522887945175
humaneval,49,fixed_1,Under-Drafting,1,0.1265839785337448
humaneval,49,fixed_1,Under-Drafting,1,0.1824139952659607
humaneval,50,fixed_1,Under-Drafting,1,0.045645300298929214
humaneval,50,fixed_1,Under-Drafting,1,0.15990176796913147
humaneval,50,fixed_1,Under-Drafting,1,0.04581274837255478
humaneval,50,fixed_1,Under-Drafting,1,0.038022395223379135
humaneval,50,fixed_1,Under-Drafting,1,0.009837486781179905
humaneval,50,fixed_1,Under-Drafting,1,0.09257534891366959
humaneval,50,fixed_1,Under-Drafting,1,0.008986364118754864
humaneval,50,fixed_1,Under-Drafting,1,0.0019524795934557915
humaneval,50,fixed_1,Under-Drafting,1,0.06453336030244827
humaneval,50,fixed_1,Under-Drafting,1,0.0037599382922053337
humaneval,50,fixed_1,Under-Drafting,1,0.07313421368598938
humaneval,50,fixed_1,Under-Drafting,1,0.02214892953634262
humaneval,50,fixed_1,Under-Drafting,1,0.07641935348510742
humaneval,50,fixed_1,Under-Drafting,1,0.06439796090126038
humaneval,50,fixed_1,Under-Drafting,1,0.016825132071971893
humaneval,51,fixed_1,Under-Drafting,1,0.03149401396512985
humaneval,51,fixed_1,Under-Drafting,1,0.12290211021900177
humaneval,51,fixed_1,Under-Drafting,1,0.1404191553592682
humaneval,51,fixed_1,Under-Drafting,1,0.01295759342610836
humaneval,51,fixed_1,Under-Drafting,1,0.15795311331748962
humaneval,51,fixed_1,Under-Drafting,1,0.02864573523402214
humaneval,51,fixed_1,Under-Drafting,1,0.0007903155055828393
humaneval,51,fixed_1,Under-Drafting,1,0.003178838174790144
humaneval,51,fixed_1,Under-Drafting,1,0.00012490138760767877
humaneval,51,fixed_1,Under-Drafting,1,0.03719038888812065
humaneval,51,fixed_1,Under-Drafting,1,0.19766448438167572
humaneval,51,fixed_1,Under-Drafting,1,0.0008407765999436378
humaneval,51,fixed_1,Under-Drafting,1,0.03807657212018967
humaneval,51,fixed_1,Under-Drafting,1,0.03826439008116722
humaneval,51,fixed_1,Under-Drafting,1,0.014837518334388733
humaneval,51,fixed_1,Under-Drafting,1,0.0018114421982318163
humaneval,52,fixed_1,Under-Drafting,1,0.13714972138404846
humaneval,52,fixed_1,Under-Drafting,1,0.07172342389822006
humaneval,52,fixed_1,Under-Drafting,1,0.039894770830869675
humaneval,52,fixed_1,Under-Drafting,1,0.07156595587730408
humaneval,52,fixed_1,Under-Drafting,1,0.05045923963189125
humaneval,52,fixed_1,Under-Drafting,1,0.000532676640432328
humaneval,52,fixed_1,Under-Drafting,1,0.03770217299461365
humaneval,52,fixed_1,Under-Drafting,1,0.12253700196743011
humaneval,52,fixed_1,Under-Drafting,1,0.0007932822918519378
humaneval,52,fixed_1,Under-Drafting,1,0.14826995134353638
humaneval,52,fixed_1,Under-Drafting,1,0.012565244920551777
humaneval,52,fixed_1,Under-Drafting,1,0.00019116306793875992
humaneval,52,fixed_1,Under-Drafting,1,0.13137421011924744
humaneval,53,fixed_1,Under-Drafting,1,0.03175140172243118
humaneval,53,fixed_1,Under-Drafting,1,0.09681561589241028
humaneval,53,fixed_1,Under-Drafting,1,0.0060430304147303104
humaneval,53,fixed_1,Under-Drafting,1,0.01408455241471529
humaneval,53,fixed_1,Under-Drafting,1,0.04039764776825905
humaneval,53,fixed_1,Under-Drafting,1,0.1638152003288269
humaneval,53,fixed_1,Under-Drafting,1,0.08338315784931183
humaneval,53,fixed_1,Under-Drafting,1,0.14539922773838043
humaneval,53,fixed_1,Under-Drafting,1,0.0070307874120771885
humaneval,53,fixed_1,Under-Drafting,1,0.00992833636701107
humaneval,53,fixed_1,Under-Drafting,1,0.004086581990122795
humaneval,53,fixed_1,Under-Drafting,1,0.03003290668129921
humaneval,53,fixed_1,Under-Drafting,1,0.15834978222846985
humaneval,53,fixed_1,Under-Drafting,1,0.02681395784020424
humaneval,53,fixed_1,Under-Drafting,1,0.07706710696220398
humaneval,53,fixed_1,Under-Drafting,1,0.0750591978430748
humaneval,53,fixed_1,Under-Drafting,1,0.09257134795188904
humaneval,53,fixed_1,Under-Drafting,1,0.050996243953704834
humaneval,53,fixed_1,Under-Drafting,1,0.012154031544923782
humaneval,54,fixed_1,Under-Drafting,1,0.10907843708992004
humaneval,54,fixed_1,Under-Drafting,1,0.18164373934268951
humaneval,54,fixed_1,Under-Drafting,1,0.018099579960107803
humaneval,54,fixed_1,Under-Drafting,1,0.006316681858152151
humaneval,54,fixed_1,Under-Drafting,1,0.014378122985363007
humaneval,54,fixed_1,Under-Drafting,1,0.014647266827523708
humaneval,54,fixed_1,Under-Drafting,1,0.034985676407814026
humaneval,54,fixed_1,Under-Drafting,1,0.012629864737391472
humaneval,54,fixed_1,Under-Drafting,1,0.043918706476688385
humaneval,54,fixed_1,Under-Drafting,1,0.03905772417783737
humaneval,54,fixed_1,Under-Drafting,1,0.003187066176906228
humaneval,54,fixed_1,Under-Drafting,1,0.002701299265027046
humaneval,54,fixed_1,Under-Drafting,1,0.004056087229400873
humaneval,54,fixed_1,Under-Drafting,1,0.005828247405588627
humaneval,54,fixed_1,Under-Drafting,1,0.0794295072555542
humaneval,54,fixed_1,Under-Drafting,1,0.00955282524228096
humaneval,54,fixed_1,Under-Drafting,1,0.0005504419677890837
humaneval,54,fixed_1,Under-Drafting,1,0.02300288900732994
humaneval,54,fixed_1,Under-Drafting,1,0.10081024467945099
humaneval,55,fixed_1,Under-Drafting,1,0.16838575899600983
humaneval,55,fixed_1,Under-Drafting,1,0.0587758906185627
humaneval,55,fixed_1,Under-Drafting,1,0.14973212778568268
humaneval,55,fixed_1,Under-Drafting,1,0.0067219543270766735
humaneval,55,fixed_1,Under-Drafting,1,0.12105683982372284
humaneval,55,fixed_1,Under-Drafting,1,0.022363727912306786
humaneval,55,fixed_1,Under-Drafting,1,0.008403397165238857
humaneval,55,fixed_1,Under-Drafting,1,0.027307648211717606
humaneval,55,fixed_1,Under-Drafting,1,0.009823998436331749
humaneval,55,fixed_1,Under-Drafting,1,0.1410430371761322
humaneval,55,fixed_1,Under-Drafting,1,0.0827883780002594
humaneval,55,fixed_1,Under-Drafting,1,0.013389363884925842
humaneval,55,fixed_1,Under-Drafting,1,0.013142754323780537
humaneval,55,fixed_1,Under-Drafting,1,0.014179491437971592
humaneval,55,fixed_1,Under-Drafting,1,0.038258858025074005
humaneval,55,fixed_1,Under-Drafting,1,0.03660866990685463
humaneval,55,fixed_1,Under-Drafting,1,0.0003425815957598388
humaneval,55,fixed_1,Under-Drafting,1,0.05552835389971733
humaneval,55,fixed_1,Under-Drafting,1,0.020190201699733734
humaneval,55,fixed_1,Under-Drafting,1,0.04340685158967972
humaneval,55,fixed_1,Under-Drafting,1,0.0030556898564100266
humaneval,55,fixed_1,Under-Drafting,1,0.005627979524433613
humaneval,55,fixed_1,Under-Drafting,1,0.00127749377861619
humaneval,56,fixed_1,Under-Drafting,1,0.1853725016117096
humaneval,56,fixed_1,Under-Drafting,1,0.1445377767086029
humaneval,56,fixed_1,Under-Drafting,1,0.08196619898080826
humaneval,56,fixed_1,Under-Drafting,1,0.020764494314789772
humaneval,56,fixed_1,Under-Drafting,1,0.020870953798294067
humaneval,56,fixed_1,Under-Drafting,1,0.11647738516330719
humaneval,56,fixed_1,Under-Drafting,1,0.041988447308540344
humaneval,56,fixed_1,Under-Drafting,1,0.045099012553691864
humaneval,56,fixed_1,Under-Drafting,1,0.1437220722436905
humaneval,57,fixed_1,Under-Drafting,1,0.19418619573116302
humaneval,57,fixed_1,Under-Drafting,1,0.0649409294128418
humaneval,57,fixed_1,Under-Drafting,1,0.05983269587159157
humaneval,57,fixed_1,Under-Drafting,1,0.05917486548423767
humaneval,57,fixed_1,Under-Drafting,1,0.01956385001540184
humaneval,57,fixed_1,Under-Drafting,1,0.010002224706113338
humaneval,57,fixed_1,Under-Drafting,1,0.017357688397169113
humaneval,57,fixed_1,Under-Drafting,1,0.1756170094013214
humaneval,57,fixed_1,Under-Drafting,1,0.0813254863023758
humaneval,57,fixed_1,Under-Drafting,1,0.015674205496907234
humaneval,57,fixed_1,Under-Drafting,1,0.04528025537729263
humaneval,57,fixed_1,Under-Drafting,1,0.010411848314106464
humaneval,57,fixed_1,Under-Drafting,1,0.07087653130292892
humaneval,57,fixed_1,Under-Drafting,1,0.04057961702346802
humaneval,58,fixed_1,Under-Drafting,1,0.14363910257816315
humaneval,58,fixed_1,Under-Drafting,1,0.03434807434678078
humaneval,58,fixed_1,Under-Drafting,1,0.004772135987877846
humaneval,58,fixed_1,Under-Drafting,1,0.1435478925704956
humaneval,58,fixed_1,Under-Drafting,1,0.11723566055297852
humaneval,58,fixed_1,Under-Drafting,1,0.029889535158872604
humaneval,58,fixed_1,Under-Drafting,1,0.023105144500732422
humaneval,58,fixed_1,Under-Drafting,1,0.12691730260849
humaneval,58,fixed_1,Under-Drafting,1,0.10909360647201538
humaneval,58,fixed_1,Under-Drafting,1,0.182604119181633
humaneval,58,fixed_1,Under-Drafting,1,0.09098847210407257
humaneval,58,fixed_1,Under-Drafting,1,0.05481798201799393
humaneval,58,fixed_1,Under-Drafting,1,0.014186838641762733
humaneval,58,fixed_1,Under-Drafting,1,0.04777541756629944
humaneval,58,fixed_1,Under-Drafting,1,0.16332723200321198
humaneval,58,fixed_1,Under-Drafting,1,0.01952860876917839
humaneval,58,fixed_1,Under-Drafting,1,0.025041768327355385
humaneval,58,fixed_1,Under-Drafting,1,0.004924817476421595
humaneval,58,fixed_1,Under-Drafting,1,0.040632981806993484
humaneval,58,fixed_1,Under-Drafting,1,0.09180255234241486
humaneval,59,fixed_1,Under-Drafting,1,0.17464634776115417
humaneval,59,fixed_1,Under-Drafting,1,0.05433450639247894
humaneval,59,fixed_1,Under-Drafting,1,0.10398625582456589
humaneval,59,fixed_1,Under-Drafting,1,0.10111077129840851
humaneval,59,fixed_1,Under-Drafting,1,0.03959163278341293
humaneval,60,fixed_1,Under-Drafting,1,0.12425653636455536
humaneval,60,fixed_1,Under-Drafting,1,0.010347704403102398
humaneval,60,fixed_1,Under-Drafting,1,0.13233433663845062
humaneval,60,fixed_1,Under-Drafting,1,0.04762442409992218
humaneval,60,fixed_1,Under-Drafting,1,0.06210780888795853
humaneval,60,fixed_1,Under-Drafting,1,0.025171516463160515
humaneval,60,fixed_1,Under-Drafting,1,0.0695735365152359
humaneval,60,fixed_1,Under-Drafting,1,0.07137928158044815
humaneval,60,fixed_1,Under-Drafting,1,0.049419112503528595
humaneval,60,fixed_1,Under-Drafting,1,0.0008523135911673307
humaneval,60,fixed_1,Under-Drafting,1,0.04912711679935455
humaneval,61,fixed_1,Under-Drafting,1,0.18342225253582
humaneval,61,fixed_1,Under-Drafting,1,0.12455227971076965
humaneval,61,fixed_1,Under-Drafting,1,0.0669332891702652
humaneval,61,fixed_1,Under-Drafting,1,0.054707806557416916
humaneval,61,fixed_1,Under-Drafting,1,0.04212421551346779
humaneval,61,fixed_1,Under-Drafting,1,0.05947393551468849
humaneval,61,fixed_1,Under-Drafting,1,0.01039562001824379
humaneval,61,fixed_1,Under-Drafting,1,0.019431214779615402
humaneval,61,fixed_1,Under-Drafting,1,0.008693404495716095
humaneval,61,fixed_1,Under-Drafting,1,0.02733776345849037
humaneval,61,fixed_1,Under-Drafting,1,0.024879198521375656
humaneval,61,fixed_1,Under-Drafting,1,0.10486777126789093
humaneval,61,fixed_1,Under-Drafting,1,0.029761914163827896
humaneval,61,fixed_1,Under-Drafting,1,0.05299720913171768
humaneval,61,fixed_1,Under-Drafting,1,0.08565117418766022
humaneval,61,fixed_1,Under-Drafting,1,0.016446813941001892
humaneval,62,fixed_1,Under-Drafting,1,0.04986777901649475
humaneval,62,fixed_1,Under-Drafting,1,0.1374700963497162
humaneval,62,fixed_1,Under-Drafting,1,0.047111861407756805
humaneval,62,fixed_1,Under-Drafting,1,0.010961389169096947
humaneval,62,fixed_1,Under-Drafting,1,0.0797174870967865
humaneval,62,fixed_1,Under-Drafting,1,0.049644969403743744
humaneval,62,fixed_1,Under-Drafting,1,0.0663008764386177
humaneval,62,fixed_1,Under-Drafting,1,0.0077201989479362965
humaneval,62,fixed_1,Under-Drafting,1,0.005049616564065218
humaneval,62,fixed_1,Under-Drafting,1,0.01163892075419426
humaneval,62,fixed_1,Under-Drafting,1,0.0817345380783081
humaneval,62,fixed_1,Under-Drafting,1,0.09497442841529846
humaneval,63,fixed_1,Under-Drafting,1,0.04300686717033386
humaneval,63,fixed_1,Under-Drafting,1,0.06067828834056854
humaneval,63,fixed_1,Under-Drafting,1,0.007821068167686462
humaneval,63,fixed_1,Under-Drafting,1,0.13701289892196655
humaneval,63,fixed_1,Under-Drafting,1,0.013891289941966534
humaneval,63,fixed_1,Under-Drafting,1,0.0154487956315279
humaneval,63,fixed_1,Under-Drafting,1,0.0021233144216239452
humaneval,63,fixed_1,Under-Drafting,1,0.035529136657714844
humaneval,63,fixed_1,Under-Drafting,1,0.00888765323907137
humaneval,63,fixed_1,Under-Drafting,1,0.037788212299346924
humaneval,63,fixed_1,Under-Drafting,1,0.005064882338047028
humaneval,63,fixed_1,Under-Drafting,1,0.06083673611283302
humaneval,63,fixed_1,Under-Drafting,1,0.009910243563354015
humaneval,63,fixed_1,Under-Drafting,1,0.13259199261665344
humaneval,63,fixed_1,Under-Drafting,1,0.019709352403879166
humaneval,63,fixed_1,Under-Drafting,1,0.15037205815315247
humaneval,63,fixed_1,Under-Drafting,1,0.03649281710386276
humaneval,63,fixed_1,Under-Drafting,1,0.0057639991864562035
humaneval,63,fixed_1,Under-Drafting,1,0.04284762591123581
humaneval,63,fixed_1,Under-Drafting,1,0.011569710448384285
humaneval,63,fixed_1,Under-Drafting,1,0.003708928357809782
humaneval,63,fixed_1,Under-Drafting,1,0.0191839337348938
humaneval,64,fixed_1,Under-Drafting,1,0.1809098869562149
humaneval,64,fixed_1,Under-Drafting,1,0.1829529106616974
humaneval,64,fixed_1,Under-Drafting,1,0.006794843357056379
humaneval,64,fixed_1,Under-Drafting,1,0.006163947284221649
humaneval,64,fixed_1,Under-Drafting,1,0.04409315437078476
humaneval,64,fixed_1,Under-Drafting,1,0.0040949685499072075
humaneval,64,fixed_1,Under-Drafting,1,0.01494009979069233
humaneval,64,fixed_1,Under-Drafting,1,0.020755158737301826
humaneval,64,fixed_1,Under-Drafting,1,0.10196035355329514
humaneval,64,fixed_1,Under-Drafting,1,0.12554128468036652
humaneval,64,fixed_1,Under-Drafting,1,0.0022703642025589943
humaneval,64,fixed_1,Under-Drafting,1,0.005352148786187172
humaneval,64,fixed_1,Under-Drafting,1,0.12135712802410126
humaneval,64,fixed_1,Under-Drafting,1,0.037907958030700684
humaneval,64,fixed_1,Under-Drafting,1,0.1697763353586197
humaneval,64,fixed_1,Under-Drafting,1,0.044225312769412994
humaneval,64,fixed_1,Under-Drafting,1,0.027181250974535942
humaneval,64,fixed_1,Under-Drafting,1,0.12341298162937164
humaneval,64,fixed_1,Under-Drafting,1,0.005162206944078207
humaneval,64,fixed_1,Under-Drafting,1,0.07855149358510971
humaneval,64,fixed_1,Under-Drafting,1,0.1315121054649353
humaneval,64,fixed_1,Under-Drafting,1,0.0007412044797092676
humaneval,64,fixed_1,Under-Drafting,1,0.08912542462348938
humaneval,64,fixed_1,Under-Drafting,1,0.003943404648452997
humaneval,64,fixed_1,Under-Drafting,1,0.006215352099388838
humaneval,64,fixed_1,Under-Drafting,1,0.018420152366161346
humaneval,64,fixed_1,Under-Drafting,1,0.10686208307743073
humaneval,65,fixed_1,Under-Drafting,1,0.1580188274383545
humaneval,65,fixed_1,Under-Drafting,1,0.01231548935174942
humaneval,65,fixed_1,Under-Drafting,1,0.15619656443595886
humaneval,65,fixed_1,Under-Drafting,1,0.13122834265232086
humaneval,65,fixed_1,Under-Drafting,1,0.012107953429222107
humaneval,65,fixed_1,Under-Drafting,1,0.17109382152557373
humaneval,65,fixed_1,Under-Drafting,1,0.02235821634531021
humaneval,65,fixed_1,Under-Drafting,1,0.12113795429468155
humaneval,65,fixed_1,Under-Drafting,1,0.0020623821765184402
humaneval,65,fixed_1,Under-Drafting,1,0.06357216089963913
humaneval,65,fixed_1,Under-Drafting,1,0.037483349442481995
humaneval,65,fixed_1,Under-Drafting,1,0.17034980654716492
humaneval,65,fixed_1,Under-Drafting,1,0.006846028380095959
humaneval,65,fixed_1,Under-Drafting,1,0.003030357649549842
humaneval,65,fixed_1,Under-Drafting,1,0.07377388328313828
humaneval,66,fixed_1,Under-Drafting,1,0.012777979485690594
humaneval,66,fixed_1,Under-Drafting,1,0.0019494756124913692
humaneval,66,fixed_1,Under-Drafting,1,0.009824185632169247
humaneval,66,fixed_1,Under-Drafting,1,0.007072580978274345
humaneval,66,fixed_1,Under-Drafting,1,0.02429165318608284
humaneval,66,fixed_1,Under-Drafting,1,0.0004399615863803774
humaneval,66,fixed_1,Under-Drafting,1,0.14299534261226654
humaneval,66,fixed_1,Under-Drafting,1,0.008978823199868202
humaneval,66,fixed_1,Under-Drafting,1,0.0026529247406870127
humaneval,66,fixed_1,Under-Drafting,1,0.01493524108082056
humaneval,66,fixed_1,Under-Drafting,1,0.028701966628432274
humaneval,66,fixed_1,Under-Drafting,1,0.0040653906762599945
humaneval,66,fixed_1,Under-Drafting,1,0.0018768042791634798
humaneval,66,fixed_1,Under-Drafting,1,0.025720996782183647
humaneval,66,fixed_1,Under-Drafting,1,0.0009962148033082485
humaneval,66,fixed_1,Under-Drafting,1,0.010323787108063698
humaneval,66,fixed_1,Under-Drafting,1,0.030383210629224777
humaneval,66,fixed_1,Under-Drafting,1,0.002821317408233881
humaneval,66,fixed_1,Under-Drafting,1,0.0011727312812581658
humaneval,66,fixed_1,Under-Drafting,1,0.005474356934428215
humaneval,66,fixed_1,Under-Drafting,1,0.0017735359724611044
humaneval,67,fixed_1,Under-Drafting,1,0.18977294862270355
humaneval,67,fixed_1,Under-Drafting,1,0.027738366276025772
humaneval,67,fixed_1,Under-Drafting,1,0.038189005106687546
humaneval,67,fixed_1,Under-Drafting,1,0.08590929210186005
humaneval,67,fixed_1,Under-Drafting,1,0.13746041059494019
humaneval,67,fixed_1,Under-Drafting,1,0.10022290050983429
humaneval,67,fixed_1,Under-Drafting,1,0.01696028932929039
humaneval,67,fixed_1,Under-Drafting,1,0.020085137337446213
humaneval,67,fixed_1,Under-Drafting,1,0.01630113646388054
humaneval,67,fixed_1,Under-Drafting,1,0.0018051216611638665
humaneval,67,fixed_1,Under-Drafting,1,0.0053042080253362656
humaneval,67,fixed_1,Under-Drafting,1,0.08460474014282227
humaneval,67,fixed_1,Under-Drafting,1,0.008544404059648514
humaneval,67,fixed_1,Under-Drafting,1,0.009491785429418087
humaneval,67,fixed_1,Under-Drafting,1,0.015533339232206345
humaneval,67,fixed_1,Under-Drafting,1,0.002196886111050844
humaneval,67,fixed_1,Under-Drafting,1,0.0036980309523642063
humaneval,67,fixed_1,Under-Drafting,1,0.02403651550412178
humaneval,68,fixed_1,Under-Drafting,1,0.11949194967746735
humaneval,68,fixed_1,Under-Drafting,1,0.04224706068634987
humaneval,70,fixed_1,Under-Drafting,1,0.14660151302814484
humaneval,70,fixed_1,Under-Drafting,1,0.1325070559978485
humaneval,70,fixed_1,Under-Drafting,1,0.1768997609615326
humaneval,70,fixed_1,Under-Drafting,1,0.016800327226519585
humaneval,70,fixed_1,Under-Drafting,1,0.024555141106247902
humaneval,70,fixed_1,Under-Drafting,1,0.09817331284284592
humaneval,70,fixed_1,Under-Drafting,1,0.003317288588732481
humaneval,70,fixed_1,Under-Drafting,1,0.0167669877409935
humaneval,70,fixed_1,Under-Drafting,1,0.1945134401321411
humaneval,70,fixed_1,Under-Drafting,1,0.03151840716600418
humaneval,70,fixed_1,Under-Drafting,1,0.09945259988307953
humaneval,70,fixed_1,Under-Drafting,1,0.005605523474514484
humaneval,71,fixed_1,Under-Drafting,1,0.0898185446858406
humaneval,71,fixed_1,Under-Drafting,1,0.06203172355890274
humaneval,71,fixed_1,Under-Drafting,1,0.0679534450173378
humaneval,71,fixed_1,Under-Drafting,1,0.0298541821539402
humaneval,71,fixed_1,Under-Drafting,1,0.061539310961961746
humaneval,71,fixed_1,Under-Drafting,1,0.04697680473327637
humaneval,71,fixed_1,Under-Drafting,1,0.0932147204875946
humaneval,71,fixed_1,Under-Drafting,1,0.17513307929039001
humaneval,71,fixed_1,Under-Drafting,1,0.05607110634446144
humaneval,71,fixed_1,Under-Drafting,1,0.05685819685459137
humaneval,71,fixed_1,Under-Drafting,1,0.1705729216337204
humaneval,71,fixed_1,Under-Drafting,1,0.04306671768426895
humaneval,72,fixed_1,Under-Drafting,1,0.0033237114548683167
humaneval,72,fixed_1,Under-Drafting,1,0.07276247441768646
humaneval,72,fixed_1,Under-Drafting,1,0.0009926041821017861
humaneval,72,fixed_1,Under-Drafting,1,0.07453703135251999
humaneval,72,fixed_1,Under-Drafting,1,0.06017693504691124
humaneval,72,fixed_1,Under-Drafting,1,0.0227123461663723
humaneval,72,fixed_1,Under-Drafting,1,0.008231676183640957
humaneval,72,fixed_1,Under-Drafting,1,0.044659968465566635
humaneval,72,fixed_1,Under-Drafting,1,0.00023889270960353315
humaneval,72,fixed_1,Under-Drafting,1,0.0620163157582283
humaneval,72,fixed_1,Under-Drafting,1,0.0005074886721558869
humaneval,72,fixed_1,Under-Drafting,1,0.008802590891718864
humaneval,72,fixed_1,Under-Drafting,1,0.02198575995862484
humaneval,72,fixed_1,Under-Drafting,1,0.023625871166586876
humaneval,72,fixed_1,Under-Drafting,1,0.0028917358722537756
humaneval,72,fixed_1,Under-Drafting,1,0.042100850492715836
humaneval,73,fixed_1,Under-Drafting,1,0.07963913679122925
humaneval,73,fixed_1,Under-Drafting,1,0.09544238448143005
humaneval,73,fixed_1,Under-Drafting,1,0.005680255591869354
humaneval,73,fixed_1,Under-Drafting,1,0.11662450432777405
humaneval,73,fixed_1,Under-Drafting,1,0.1738930195569992
humaneval,73,fixed_1,Under-Drafting,1,0.01441165991127491
humaneval,73,fixed_1,Under-Drafting,1,0.10638392716646194
humaneval,73,fixed_1,Under-Drafting,1,0.00268156616948545
humaneval,73,fixed_1,Under-Drafting,1,0.03270091861486435
humaneval,73,fixed_1,Under-Drafting,1,0.016104089096188545
humaneval,73,fixed_1,Under-Drafting,1,0.04120667278766632
humaneval,73,fixed_1,Under-Drafting,1,0.04315823316574097
humaneval,73,fixed_1,Under-Drafting,1,0.02615647204220295
humaneval,73,fixed_1,Under-Drafting,1,0.0007502682856284082
humaneval,73,fixed_1,Under-Drafting,1,0.03642435371875763
humaneval,73,fixed_1,Under-Drafting,1,0.0014615736436098814
humaneval,73,fixed_1,Under-Drafting,1,0.0071406918577849865
humaneval,73,fixed_1,Under-Drafting,1,0.1817968487739563
humaneval,73,fixed_1,Under-Drafting,1,0.010691327974200249
humaneval,73,fixed_1,Under-Drafting,1,0.0022910665720701218
humaneval,74,fixed_1,Under-Drafting,1,0.05026669800281525
humaneval,74,fixed_1,Under-Drafting,1,0.020202619954943657
humaneval,75,fixed_1,Under-Drafting,1,0.04520747810602188
humaneval,75,fixed_1,Under-Drafting,1,0.05856277421116829
humaneval,75,fixed_1,Under-Drafting,1,0.013295561075210571
humaneval,75,fixed_1,Under-Drafting,1,0.16376201808452606
humaneval,75,fixed_1,Under-Drafting,1,0.12045010179281235
humaneval,75,fixed_1,Under-Drafting,1,0.09769728034734726
humaneval,75,fixed_1,Under-Drafting,1,0.04193722456693649
humaneval,75,fixed_1,Under-Drafting,1,0.035157497972249985
humaneval,76,fixed_1,Under-Drafting,1,0.07736189663410187
humaneval,76,fixed_1,Under-Drafting,1,0.03754781559109688
humaneval,76,fixed_1,Under-Drafting,1,0.11503921449184418
humaneval,76,fixed_1,Under-Drafting,1,0.06277503073215485
humaneval,76,fixed_1,Under-Drafting,1,0.04145964980125427
humaneval,76,fixed_1,Under-Drafting,1,0.10973752290010452
humaneval,76,fixed_1,Under-Drafting,1,0.1402447521686554
humaneval,76,fixed_1,Under-Drafting,1,0.006527899298816919
humaneval,76,fixed_1,Under-Drafting,1,0.08415788412094116
humaneval,76,fixed_1,Under-Drafting,1,0.005915061570703983
humaneval,77,fixed_1,Under-Drafting,1,0.02648189850151539
humaneval,77,fixed_1,Under-Drafting,1,0.17084458470344543
humaneval,77,fixed_1,Under-Drafting,1,0.010151898488402367
humaneval,77,fixed_1,Under-Drafting,1,0.0706590861082077
humaneval,77,fixed_1,Under-Drafting,1,0.006231554783880711
humaneval,77,fixed_1,Under-Drafting,1,0.09082646667957306
humaneval,77,fixed_1,Under-Drafting,1,0.030483022332191467
humaneval,77,fixed_1,Under-Drafting,1,0.0035057885106652975
humaneval,77,fixed_1,Under-Drafting,1,0.12871868908405304
humaneval,77,fixed_1,Under-Drafting,1,0.13980792462825775
humaneval,77,fixed_1,Under-Drafting,1,0.0225137360394001
humaneval,77,fixed_1,Under-Drafting,1,0.017743386328220367
humaneval,77,fixed_1,Under-Drafting,1,0.048759836703538895
humaneval,77,fixed_1,Under-Drafting,1,0.044255029410123825
humaneval,77,fixed_1,Under-Drafting,1,0.061188578605651855
humaneval,78,fixed_1,Under-Drafting,1,0.09974759072065353
humaneval,78,fixed_1,Under-Drafting,1,0.01955288276076317
humaneval,78,fixed_1,Under-Drafting,1,0.0042389086447656155
humaneval,78,fixed_1,Under-Drafting,1,0.013580204918980598
humaneval,78,fixed_1,Under-Drafting,1,0.030540522187948227
humaneval,78,fixed_1,Under-Drafting,1,0.007147884462028742
humaneval,78,fixed_1,Under-Drafting,1,0.005525385029613972
humaneval,78,fixed_1,Under-Drafting,1,0.0027254298329353333
humaneval,78,fixed_1,Under-Drafting,1,0.03649437800049782
humaneval,78,fixed_1,Under-Drafting,1,0.00619176309555769
humaneval,78,fixed_1,Under-Drafting,1,0.006148535758256912
humaneval,78,fixed_1,Under-Drafting,1,0.016834799200296402
humaneval,78,fixed_1,Under-Drafting,1,0.0012103720800951123
humaneval,78,fixed_1,Under-Drafting,1,0.00013682701683137566
humaneval,78,fixed_1,Under-Drafting,1,0.0012870898935943842
humaneval,78,fixed_1,Under-Drafting,1,0.01990652270615101
humaneval,78,fixed_1,Under-Drafting,1,0.014437428675591946
humaneval,78,fixed_1,Under-Drafting,1,0.0013684887671843171
humaneval,78,fixed_1,Under-Drafting,1,0.00410486152395606
humaneval,79,fixed_1,Under-Drafting,1,0.03197631612420082
humaneval,79,fixed_1,Under-Drafting,1,0.0784880593419075
humaneval,79,fixed_1,Under-Drafting,1,0.0980125367641449
humaneval,79,fixed_1,Under-Drafting,1,0.013185231015086174
humaneval,79,fixed_1,Under-Drafting,1,0.0018732445314526558
humaneval,79,fixed_1,Under-Drafting,1,0.017535969614982605
humaneval,79,fixed_1,Under-Drafting,1,0.007524164393544197
humaneval,79,fixed_1,Under-Drafting,1,0.01626475714147091
humaneval,79,fixed_1,Under-Drafting,1,0.010177981108427048
humaneval,79,fixed_1,Under-Drafting,1,0.000659926503431052
humaneval,79,fixed_1,Under-Drafting,1,0.015586062334477901
humaneval,79,fixed_1,Under-Drafting,1,0.024929244071245193
humaneval,79,fixed_1,Under-Drafting,1,0.04091732203960419
humaneval,79,fixed_1,Under-Drafting,1,0.004175499547272921
humaneval,79,fixed_1,Under-Drafting,1,0.002471271902322769
humaneval,79,fixed_1,Under-Drafting,1,0.0039345757104456425
humaneval,79,fixed_1,Under-Drafting,1,0.0035188111942261457
humaneval,80,fixed_1,Under-Drafting,1,0.04981277510523796
humaneval,80,fixed_1,Under-Drafting,1,0.1876087188720703
humaneval,80,fixed_1,Under-Drafting,1,0.12280641496181488
humaneval,80,fixed_1,Under-Drafting,1,0.12347747385501862
humaneval,80,fixed_1,Under-Drafting,1,0.12356878817081451
humaneval,80,fixed_1,Under-Drafting,1,0.02653409168124199
humaneval,80,fixed_1,Under-Drafting,1,0.016959166154265404
humaneval,80,fixed_1,Under-Drafting,1,0.1956154853105545
humaneval,80,fixed_1,Under-Drafting,1,0.032443467527627945
humaneval,80,fixed_1,Under-Drafting,1,0.14885246753692627
humaneval,80,fixed_1,Under-Drafting,1,0.026835940778255463
humaneval,80,fixed_1,Under-Drafting,1,0.0497412234544754
humaneval,80,fixed_1,Under-Drafting,1,0.03669685870409012
humaneval,80,fixed_1,Under-Drafting,1,0.010419023223221302
humaneval,80,fixed_1,Under-Drafting,1,0.018859107047319412
humaneval,80,fixed_1,Under-Drafting,1,0.007543335668742657
humaneval,80,fixed_1,Under-Drafting,1,0.06502914428710938
humaneval,80,fixed_1,Under-Drafting,1,0.018794100731611252
humaneval,80,fixed_1,Under-Drafting,1,0.040575772523880005
humaneval,81,fixed_1,Under-Drafting,1,0.05691530555486679
humaneval,81,fixed_1,Under-Drafting,1,0.051388658583164215
humaneval,81,fixed_1,Under-Drafting,1,0.11747389286756516
humaneval,81,fixed_1,Under-Drafting,1,0.08929233253002167
humaneval,81,fixed_1,Under-Drafting,1,0.07124726474285126
humaneval,81,fixed_1,Under-Drafting,1,0.05142602697014809
humaneval,81,fixed_1,Under-Drafting,1,0.1999184489250183
humaneval,81,fixed_1,Under-Drafting,1,0.04432442784309387
humaneval,81,fixed_1,Under-Drafting,1,0.059165433049201965
humaneval,81,fixed_1,Under-Drafting,1,0.00042038378887809813
humaneval,81,fixed_1,Under-Drafting,1,0.011539760045707226
humaneval,81,fixed_1,Under-Drafting,1,0.011575285345315933
humaneval,81,fixed_1,Under-Drafting,1,0.0182628333568573
humaneval,81,fixed_1,Under-Drafting,1,0.01973976008594036
humaneval,81,fixed_1,Under-Drafting,1,0.006888500414788723
humaneval,81,fixed_1,Under-Drafting,1,0.01502879336476326
humaneval,81,fixed_1,Under-Drafting,1,0.004694822710007429
humaneval,82,fixed_1,Under-Drafting,1,0.1723199039697647
humaneval,82,fixed_1,Under-Drafting,1,0.13966713845729828
humaneval,82,fixed_1,Under-Drafting,1,0.0014864011900499463
humaneval,82,fixed_1,Under-Drafting,1,0.17066515982151031
humaneval,82,fixed_1,Under-Drafting,1,0.027158845216035843
humaneval,82,fixed_1,Under-Drafting,1,0.02867206372320652
humaneval,82,fixed_1,Under-Drafting,1,0.0014900316018611193
humaneval,82,fixed_1,Under-Drafting,1,0.06990908086299896
humaneval,82,fixed_1,Under-Drafting,1,0.002867382252588868
humaneval,82,fixed_1,Under-Drafting,1,0.0022476797457784414
humaneval,82,fixed_1,Under-Drafting,1,0.030565280467271805
humaneval,82,fixed_1,Under-Drafting,1,0.01003649178892374
humaneval,82,fixed_1,Under-Drafting,1,0.01375582441687584
humaneval,82,fixed_1,Under-Drafting,1,0.02174629271030426
humaneval,82,fixed_1,Under-Drafting,1,0.01369830034673214
humaneval,82,fixed_1,Under-Drafting,1,0.14505594968795776
humaneval,82,fixed_1,Under-Drafting,1,0.1407736837863922
humaneval,83,fixed_1,Under-Drafting,1,0.04400449991226196
humaneval,83,fixed_1,Under-Drafting,1,0.012264230288565159
humaneval,83,fixed_1,Under-Drafting,1,0.05654825642704964
humaneval,83,fixed_1,Under-Drafting,1,0.10589884966611862
humaneval,83,fixed_1,Under-Drafting,1,0.038468137383461
humaneval,83,fixed_1,Under-Drafting,1,0.06775594502687454
humaneval,83,fixed_1,Under-Drafting,1,0.067771315574646
humaneval,83,fixed_1,Under-Drafting,1,0.009465365670621395
humaneval,83,fixed_1,Under-Drafting,1,0.10696253925561905
humaneval,83,fixed_1,Under-Drafting,1,0.0027320454828441143
humaneval,83,fixed_1,Under-Drafting,1,0.03875536099076271
humaneval,83,fixed_1,Under-Drafting,1,0.03025285340845585
humaneval,83,fixed_1,Under-Drafting,1,2.398538163106423e-05
humaneval,83,fixed_1,Under-Drafting,1,0.003736409591510892
humaneval,85,fixed_1,Under-Drafting,1,0.01932685449719429
humaneval,85,fixed_1,Under-Drafting,1,0.13434487581253052
humaneval,85,fixed_1,Under-Drafting,1,0.06310802698135376
humaneval,85,fixed_1,Under-Drafting,1,0.1864711493253708
humaneval,85,fixed_1,Under-Drafting,1,0.007930644787847996
humaneval,85,fixed_1,Under-Drafting,1,0.024328581988811493
humaneval,85,fixed_1,Under-Drafting,1,0.012054093182086945
humaneval,85,fixed_1,Under-Drafting,1,0.048893049359321594
humaneval,85,fixed_1,Under-Drafting,1,0.1918310821056366
humaneval,85,fixed_1,Under-Drafting,1,0.10643316805362701
humaneval,86,fixed_1,Under-Drafting,1,0.1772541105747223
humaneval,86,fixed_1,Under-Drafting,1,0.043893732130527496
humaneval,86,fixed_1,Under-Drafting,1,0.05648989975452423
humaneval,86,fixed_1,Under-Drafting,1,0.07858403027057648
humaneval,87,fixed_1,Under-Drafting,1,0.0968637764453888
humaneval,87,fixed_1,Under-Drafting,1,0.04708731919527054
humaneval,87,fixed_1,Under-Drafting,1,0.016569463536143303
humaneval,87,fixed_1,Under-Drafting,1,0.059796761721372604
humaneval,87,fixed_1,Under-Drafting,1,0.004530788864940405
humaneval,87,fixed_1,Under-Drafting,1,0.06905490159988403
humaneval,87,fixed_1,Under-Drafting,1,0.011257363483309746
humaneval,87,fixed_1,Under-Drafting,1,0.04715810716152191
humaneval,87,fixed_1,Under-Drafting,1,0.0011571161448955536
humaneval,87,fixed_1,Under-Drafting,1,0.03804933652281761
humaneval,87,fixed_1,Under-Drafting,1,0.0059916237369179726
humaneval,87,fixed_1,Under-Drafting,1,0.007511398755013943
humaneval,87,fixed_1,Under-Drafting,1,0.08950066566467285
humaneval,88,fixed_1,Under-Drafting,1,0.04053453356027603
humaneval,88,fixed_1,Under-Drafting,1,0.09086447209119797
humaneval,88,fixed_1,Under-Drafting,1,0.004767050966620445
humaneval,88,fixed_1,Under-Drafting,1,0.0064889537170529366
humaneval,88,fixed_1,Under-Drafting,1,0.04736953228712082
humaneval,88,fixed_1,Under-Drafting,1,0.0006173168658278883
humaneval,88,fixed_1,Under-Drafting,1,0.001952107879333198
humaneval,88,fixed_1,Under-Drafting,1,0.011313952505588531
humaneval,88,fixed_1,Under-Drafting,1,0.000968944514170289
humaneval,88,fixed_1,Under-Drafting,1,0.018117982894182205
humaneval,88,fixed_1,Under-Drafting,1,0.005838336888700724
humaneval,88,fixed_1,Under-Drafting,1,0.0007216975791379809
humaneval,88,fixed_1,Under-Drafting,1,0.0023564319126307964
humaneval,88,fixed_1,Under-Drafting,1,0.003512933384627104
humaneval,88,fixed_1,Under-Drafting,1,0.0018300432711839676
humaneval,89,fixed_1,Under-Drafting,1,0.19594842195510864
humaneval,89,fixed_1,Under-Drafting,1,0.11631320416927338
humaneval,89,fixed_1,Under-Drafting,1,0.0009836270473897457
humaneval,89,fixed_1,Under-Drafting,1,0.0006740266107954085
humaneval,89,fixed_1,Under-Drafting,1,0.04053715616464615
humaneval,89,fixed_1,Under-Drafting,1,0.0028466188814491034
humaneval,90,fixed_1,Under-Drafting,1,0.07144636660814285
humaneval,90,fixed_1,Under-Drafting,1,0.1472775936126709
humaneval,90,fixed_1,Under-Drafting,1,0.04215023294091225
humaneval,90,fixed_1,Under-Drafting,1,0.13391168415546417
humaneval,90,fixed_1,Under-Drafting,1,0.16774454712867737
humaneval,90,fixed_1,Under-Drafting,1,0.1025337278842926
humaneval,90,fixed_1,Under-Drafting,1,0.015728220343589783
humaneval,90,fixed_1,Under-Drafting,1,0.0066062514670193195
humaneval,90,fixed_1,Under-Drafting,1,0.03584923967719078
humaneval,90,fixed_1,Under-Drafting,1,0.12269647419452667
humaneval,90,fixed_1,Under-Drafting,1,0.014766517095267773
humaneval,90,fixed_1,Under-Drafting,1,0.0016608345322310925
humaneval,90,fixed_1,Under-Drafting,1,0.028224188834428787
humaneval,90,fixed_1,Under-Drafting,1,0.0013270842609927058
humaneval,90,fixed_1,Under-Drafting,1,0.0022563482634723186
humaneval,90,fixed_1,Under-Drafting,1,0.020222702994942665
humaneval,91,fixed_1,Under-Drafting,1,0.029913900420069695
humaneval,91,fixed_1,Under-Drafting,1,0.11607770621776581
humaneval,91,fixed_1,Under-Drafting,1,0.05461498349905014
humaneval,91,fixed_1,Under-Drafting,1,0.0798533484339714
humaneval,91,fixed_1,Under-Drafting,1,0.01461925357580185
humaneval,91,fixed_1,Under-Drafting,1,0.004092524293810129
humaneval,91,fixed_1,Under-Drafting,1,0.17014585435390472
humaneval,91,fixed_1,Under-Drafting,1,0.011538023129105568
humaneval,91,fixed_1,Under-Drafting,1,0.1014106497168541
humaneval,91,fixed_1,Under-Drafting,1,0.16309721767902374
humaneval,91,fixed_1,Under-Drafting,1,0.024985721334815025
humaneval,91,fixed_1,Under-Drafting,1,0.020943529903888702
humaneval,91,fixed_1,Under-Drafting,1,0.01041372586041689
humaneval,91,fixed_1,Under-Drafting,1,0.0342964269220829
humaneval,91,fixed_1,Under-Drafting,1,0.10325656831264496
humaneval,91,fixed_1,Under-Drafting,1,0.00029028119752183557
humaneval,91,fixed_1,Under-Drafting,1,0.005397695116698742
humaneval,92,fixed_1,Under-Drafting,1,0.03640888258814812
humaneval,92,fixed_1,Under-Drafting,1,0.1462927758693695
humaneval,92,fixed_1,Under-Drafting,1,0.10671296715736389
humaneval,92,fixed_1,Under-Drafting,1,0.05138194188475609
humaneval,92,fixed_1,Under-Drafting,1,0.16769233345985413
humaneval,92,fixed_1,Under-Drafting,1,0.11964677274227142
humaneval,92,fixed_1,Under-Drafting,1,0.06551662087440491
humaneval,92,fixed_1,Under-Drafting,1,0.19354917109012604
humaneval,92,fixed_1,Under-Drafting,1,0.18431414663791656
humaneval,93,fixed_1,Under-Drafting,1,0.13111646473407745
humaneval,93,fixed_1,Under-Drafting,1,0.07888910174369812
humaneval,93,fixed_1,Under-Drafting,1,0.007591526955366135
humaneval,93,fixed_1,Under-Drafting,1,0.036740992218256
humaneval,93,fixed_1,Under-Drafting,1,0.06515372544527054
humaneval,93,fixed_1,Under-Drafting,1,0.07919767498970032
humaneval,93,fixed_1,Under-Drafting,1,0.0020994769874960184
humaneval,93,fixed_1,Under-Drafting,1,0.0776502788066864
humaneval,93,fixed_1,Under-Drafting,1,0.04879627004265785
humaneval,93,fixed_1,Under-Drafting,1,0.0348883680999279
humaneval,93,fixed_1,Under-Drafting,1,0.07625969499349594
humaneval,93,fixed_1,Under-Drafting,1,0.005873462185263634
humaneval,93,fixed_1,Under-Drafting,1,0.0045815277844667435
humaneval,94,fixed_1,Under-Drafting,1,0.02228163368999958
humaneval,94,fixed_1,Under-Drafting,1,0.14191150665283203
humaneval,94,fixed_1,Under-Drafting,1,0.13023711740970612
humaneval,94,fixed_1,Under-Drafting,1,0.16839832067489624
humaneval,94,fixed_1,Under-Drafting,1,0.19244040548801422
humaneval,94,fixed_1,Under-Drafting,1,0.02991224080324173
humaneval,94,fixed_1,Under-Drafting,1,0.02703266218304634
humaneval,94,fixed_1,Under-Drafting,1,0.009837339632213116
humaneval,94,fixed_1,Under-Drafting,1,0.15228092670440674
humaneval,94,fixed_1,Under-Drafting,1,0.025113211944699287
humaneval,94,fixed_1,Under-Drafting,1,0.000527933007106185
humaneval,94,fixed_1,Under-Drafting,1,0.012799860909581184
humaneval,94,fixed_1,Under-Drafting,1,0.046210840344429016
humaneval,94,fixed_1,Under-Drafting,1,0.021840158849954605
humaneval,94,fixed_1,Under-Drafting,1,0.03743309900164604
humaneval,94,fixed_1,Under-Drafting,1,0.0118733961135149
humaneval,94,fixed_1,Under-Drafting,1,0.014554141089320183
humaneval,94,fixed_1,Under-Drafting,1,0.0033762268722057343
humaneval,94,fixed_1,Under-Drafting,1,0.008997882716357708
humaneval,95,fixed_1,Under-Drafting,1,0.10256632417440414
humaneval,95,fixed_1,Under-Drafting,1,0.1651218831539154
humaneval,95,fixed_1,Under-Drafting,1,0.1875377744436264
humaneval,95,fixed_1,Under-Drafting,1,0.0650181695818901
humaneval,95,fixed_1,Under-Drafting,1,0.1140872985124588
humaneval,95,fixed_1,Under-Drafting,1,0.03443705663084984
humaneval,95,fixed_1,Under-Drafting,1,0.016811726614832878
humaneval,95,fixed_1,Under-Drafting,1,0.014829161576926708
humaneval,95,fixed_1,Under-Drafting,1,0.0004819052992388606
humaneval,95,fixed_1,Under-Drafting,1,0.028206005692481995
humaneval,95,fixed_1,Under-Drafting,1,0.07923096418380737
humaneval,95,fixed_1,Under-Drafting,1,0.05273204296827316
humaneval,96,fixed_1,Under-Drafting,1,0.1457289457321167
humaneval,96,fixed_1,Under-Drafting,1,0.18408051133155823
humaneval,96,fixed_1,Under-Drafting,1,0.15219493210315704
humaneval,96,fixed_1,Under-Drafting,1,0.08251489698886871
humaneval,96,fixed_1,Under-Drafting,1,0.13216789066791534
humaneval,96,fixed_1,Under-Drafting,1,0.038114361464977264
humaneval,96,fixed_1,Under-Drafting,1,0.11073394119739532
humaneval,96,fixed_1,Under-Drafting,1,0.002876718295738101
humaneval,96,fixed_1,Under-Drafting,1,0.038707882165908813
humaneval,96,fixed_1,Under-Drafting,1,0.005737938918173313
humaneval,96,fixed_1,Under-Drafting,1,0.0018569303210824728
humaneval,96,fixed_1,Under-Drafting,1,0.012135536409914494
humaneval,96,fixed_1,Under-Drafting,1,0.002775976900011301
humaneval,96,fixed_1,Under-Drafting,1,0.0018583043711259961
humaneval,96,fixed_1,Under-Drafting,1,0.07559946924448013
humaneval,96,fixed_1,Under-Drafting,1,0.007411309517920017
humaneval,96,fixed_1,Under-Drafting,1,0.003308502957224846
humaneval,97,fixed_1,Under-Drafting,1,0.14037607610225677
humaneval,97,fixed_1,Under-Drafting,1,0.017489861696958542
humaneval,97,fixed_1,Under-Drafting,1,0.12499868124723434
humaneval,97,fixed_1,Under-Drafting,1,0.03715577349066734
humaneval,97,fixed_1,Under-Drafting,1,0.0004756770795211196
humaneval,97,fixed_1,Under-Drafting,1,0.17951801419258118
humaneval,97,fixed_1,Under-Drafting,1,0.024556005373597145
humaneval,97,fixed_1,Under-Drafting,1,0.020883051678538322
humaneval,97,fixed_1,Under-Drafting,1,0.005330939777195454
humaneval,97,fixed_1,Under-Drafting,1,0.11507128924131393
humaneval,97,fixed_1,Under-Drafting,1,0.16512608528137207
humaneval,97,fixed_1,Under-Drafting,1,0.1970694363117218
humaneval,97,fixed_1,Under-Drafting,1,0.01716783456504345
humaneval,97,fixed_1,Under-Drafting,1,0.005187165457755327
humaneval,97,fixed_1,Under-Drafting,1,0.021300718188285828
humaneval,97,fixed_1,Under-Drafting,1,0.007420855108648539
humaneval,97,fixed_1,Under-Drafting,1,0.0008198855794034898
humaneval,97,fixed_1,Under-Drafting,1,0.0021903086453676224
humaneval,97,fixed_1,Under-Drafting,1,0.0011230673408135772
humaneval,97,fixed_1,Under-Drafting,1,0.012113179080188274
humaneval,97,fixed_1,Under-Drafting,1,0.047635503113269806
humaneval,97,fixed_1,Under-Drafting,1,0.0061937784776091576
humaneval,97,fixed_1,Under-Drafting,1,0.016783928498625755
humaneval,98,fixed_1,Under-Drafting,1,0.007474802900105715
humaneval,98,fixed_1,Under-Drafting,1,0.07726886123418808
humaneval,98,fixed_1,Under-Drafting,1,0.0007881650235503912
humaneval,98,fixed_1,Under-Drafting,1,0.0004883824149146676
humaneval,98,fixed_1,Under-Drafting,1,0.032568540424108505
humaneval,98,fixed_1,Under-Drafting,1,0.00018416190869174898
humaneval,98,fixed_1,Under-Drafting,1,0.00013044796651229262
humaneval,98,fixed_1,Under-Drafting,1,8.356471516890451e-05
humaneval,98,fixed_1,Under-Drafting,1,7.820392784196883e-05
humaneval,98,fixed_1,Under-Drafting,1,8.749213156988844e-05
humaneval,98,fixed_1,Under-Drafting,1,0.026528792455792427
humaneval,98,fixed_1,Under-Drafting,1,0.18613682687282562
humaneval,98,fixed_1,Under-Drafting,1,0.018922576680779457
humaneval,98,fixed_1,Under-Drafting,1,0.033238090574741364
humaneval,98,fixed_1,Under-Drafting,1,0.0004011972341686487
humaneval,98,fixed_1,Under-Drafting,1,0.11245685815811157
humaneval,100,fixed_1,Under-Drafting,1,0.00366659602150321
humaneval,100,fixed_1,Under-Drafting,1,0.1118248775601387
humaneval,100,fixed_1,Under-Drafting,1,0.0009069587686099112
humaneval,100,fixed_1,Under-Drafting,1,0.0069501567631959915
humaneval,100,fixed_1,Under-Drafting,1,0.000411060027545318
humaneval,100,fixed_1,Under-Drafting,1,0.0004471402207855135
humaneval,100,fixed_1,Under-Drafting,1,0.13749293982982635
humaneval,101,fixed_1,Under-Drafting,1,0.012594395317137241
humaneval,101,fixed_1,Under-Drafting,1,0.16107513010501862
humaneval,101,fixed_1,Under-Drafting,1,0.004030210431665182
humaneval,101,fixed_1,Under-Drafting,1,0.051270611584186554
humaneval,102,fixed_1,Under-Drafting,1,0.15585513412952423
humaneval,102,fixed_1,Under-Drafting,1,0.12250441312789917
humaneval,102,fixed_1,Under-Drafting,1,0.026630451902747154
humaneval,102,fixed_1,Under-Drafting,1,0.0867106094956398
humaneval,102,fixed_1,Under-Drafting,1,0.015881376340985298
humaneval,102,fixed_1,Under-Drafting,1,0.028207959607243538
humaneval,102,fixed_1,Under-Drafting,1,0.044811658561229706
humaneval,102,fixed_1,Under-Drafting,1,0.09476512670516968
humaneval,103,fixed_1,Under-Drafting,1,0.08008646219968796
humaneval,103,fixed_1,Under-Drafting,1,0.056176409125328064
humaneval,103,fixed_1,Under-Drafting,1,0.07675454020500183
humaneval,103,fixed_1,Under-Drafting,1,0.1014021635055542
humaneval,103,fixed_1,Under-Drafting,1,0.05649290233850479
humaneval,103,fixed_1,Under-Drafting,1,0.04824129864573479
humaneval,103,fixed_1,Under-Drafting,1,0.13585926592350006
humaneval,103,fixed_1,Under-Drafting,1,0.07743384689092636
humaneval,103,fixed_1,Under-Drafting,1,0.0037928689271211624
humaneval,103,fixed_1,Under-Drafting,1,0.003464324865490198
humaneval,103,fixed_1,Under-Drafting,1,0.005821317434310913
humaneval,103,fixed_1,Under-Drafting,1,0.0046836319379508495
humaneval,104,fixed_1,Under-Drafting,1,0.05496373772621155
humaneval,104,fixed_1,Under-Drafting,1,0.12126752734184265
humaneval,104,fixed_1,Under-Drafting,1,0.1248302012681961
humaneval,104,fixed_1,Under-Drafting,1,0.017160480841994286
humaneval,104,fixed_1,Under-Drafting,1,0.030017415061593056
humaneval,104,fixed_1,Under-Drafting,1,0.0739816278219223
humaneval,104,fixed_1,Under-Drafting,1,0.06649219989776611
humaneval,104,fixed_1,Under-Drafting,1,0.004539294634014368
humaneval,104,fixed_1,Under-Drafting,1,0.00984013918787241
humaneval,104,fixed_1,Under-Drafting,1,0.006480822339653969
humaneval,104,fixed_1,Under-Drafting,1,0.020457347854971886
humaneval,104,fixed_1,Under-Drafting,1,0.01068915706127882
humaneval,104,fixed_1,Under-Drafting,1,0.030518706887960434
humaneval,104,fixed_1,Under-Drafting,1,0.11333000659942627
humaneval,104,fixed_1,Under-Drafting,1,0.010992342606186867
humaneval,104,fixed_1,Under-Drafting,1,0.08105485141277313
humaneval,104,fixed_1,Under-Drafting,1,0.0016184230335056782
humaneval,105,fixed_1,Under-Drafting,1,0.18053489923477173
humaneval,105,fixed_1,Under-Drafting,1,0.07625730335712433
humaneval,105,fixed_1,Under-Drafting,1,0.0047851139679551125
humaneval,105,fixed_1,Under-Drafting,1,0.031885601580142975
humaneval,105,fixed_1,Under-Drafting,1,0.005914694629609585
humaneval,105,fixed_1,Under-Drafting,1,0.003011474385857582
humaneval,105,fixed_1,Under-Drafting,1,0.001876569353044033
humaneval,105,fixed_1,Under-Drafting,1,0.005626989528536797
humaneval,105,fixed_1,Under-Drafting,1,0.016489500179886818
humaneval,105,fixed_1,Under-Drafting,1,0.004455994348973036
humaneval,105,fixed_1,Under-Drafting,1,0.003922623116523027
humaneval,105,fixed_1,Under-Drafting,1,0.054684024304151535
humaneval,105,fixed_1,Under-Drafting,1,0.04954766482114792
humaneval,105,fixed_1,Under-Drafting,1,0.02258150279521942
humaneval,105,fixed_1,Under-Drafting,1,0.006761424243450165
humaneval,105,fixed_1,Under-Drafting,1,0.007936309091746807
humaneval,105,fixed_1,Under-Drafting,1,0.008199717849493027
humaneval,105,fixed_1,Under-Drafting,1,0.03690335899591446
humaneval,106,fixed_1,Under-Drafting,1,0.06536614894866943
humaneval,106,fixed_1,Under-Drafting,1,0.062064751982688904
humaneval,106,fixed_1,Under-Drafting,1,0.012684042565524578
humaneval,106,fixed_1,Under-Drafting,1,0.16586753726005554
humaneval,106,fixed_1,Under-Drafting,1,0.03342851996421814
humaneval,106,fixed_1,Under-Drafting,1,0.004935515578836203
humaneval,106,fixed_1,Under-Drafting,1,0.1701548546552658
humaneval,106,fixed_1,Under-Drafting,1,0.1863376945257187
humaneval,106,fixed_1,Under-Drafting,1,0.004129094071686268
humaneval,106,fixed_1,Under-Drafting,1,0.020005743950605392
humaneval,106,fixed_1,Under-Drafting,1,0.009670602157711983
humaneval,106,fixed_1,Under-Drafting,1,0.01019519567489624
humaneval,106,fixed_1,Under-Drafting,1,0.0036976770497858524
humaneval,106,fixed_1,Under-Drafting,1,0.0015176176093518734
humaneval,107,fixed_1,Under-Drafting,1,0.001152039272710681
humaneval,107,fixed_1,Under-Drafting,1,0.010920370928943157
humaneval,107,fixed_1,Under-Drafting,1,0.05987919867038727
humaneval,107,fixed_1,Under-Drafting,1,0.004443156998604536
humaneval,107,fixed_1,Under-Drafting,1,0.061246491968631744
humaneval,107,fixed_1,Under-Drafting,1,0.005529517307877541
humaneval,107,fixed_1,Under-Drafting,1,0.0014351203572005033
humaneval,107,fixed_1,Under-Drafting,1,0.002562845591455698
humaneval,107,fixed_1,Under-Drafting,1,0.0030639860779047012
humaneval,107,fixed_1,Under-Drafting,1,0.006674204953014851
humaneval,107,fixed_1,Under-Drafting,1,0.06788625568151474
humaneval,107,fixed_1,Under-Drafting,1,0.18822458386421204
humaneval,107,fixed_1,Under-Drafting,1,0.02311602048575878
humaneval,107,fixed_1,Under-Drafting,1,0.0362686887383461
humaneval,107,fixed_1,Under-Drafting,1,0.0026051972527056932
humaneval,107,fixed_1,Under-Drafting,1,0.0009665265679359436
humaneval,107,fixed_1,Under-Drafting,1,0.011679377406835556
humaneval,107,fixed_1,Under-Drafting,1,0.09111475199460983
humaneval,107,fixed_1,Under-Drafting,1,0.0851101204752922
humaneval,108,fixed_1,Under-Drafting,1,0.08616418391466141
humaneval,108,fixed_1,Under-Drafting,1,0.1799025535583496
humaneval,108,fixed_1,Under-Drafting,1,0.06533372402191162
humaneval,108,fixed_1,Under-Drafting,1,0.07979551702737808
humaneval,108,fixed_1,Under-Drafting,1,0.022901982069015503
humaneval,108,fixed_1,Under-Drafting,1,0.19999390840530396
humaneval,108,fixed_1,Under-Drafting,1,0.08386830985546112
humaneval,108,fixed_1,Under-Drafting,1,0.024996843189001083
humaneval,108,fixed_1,Under-Drafting,1,0.011074872687458992
humaneval,108,fixed_1,Under-Drafting,1,0.07510756701231003
humaneval,108,fixed_1,Under-Drafting,1,0.06867292523384094
humaneval,108,fixed_1,Under-Drafting,1,0.019033275544643402
humaneval,108,fixed_1,Under-Drafting,1,0.0211903378367424
humaneval,108,fixed_1,Under-Drafting,1,0.004130840301513672
humaneval,108,fixed_1,Under-Drafting,1,0.1529356688261032
humaneval,108,fixed_1,Under-Drafting,1,0.019416265189647675
humaneval,109,fixed_1,Under-Drafting,1,0.13721109926700592
humaneval,109,fixed_1,Under-Drafting,1,0.0434202216565609
humaneval,109,fixed_1,Under-Drafting,1,0.1438894271850586
humaneval,109,fixed_1,Under-Drafting,1,0.0859663337469101
humaneval,109,fixed_1,Under-Drafting,1,0.11988691985607147
humaneval,109,fixed_1,Under-Drafting,1,0.059554845094680786
humaneval,109,fixed_1,Under-Drafting,1,0.11853202432394028
humaneval,109,fixed_1,Under-Drafting,1,0.039603907614946365
humaneval,109,fixed_1,Under-Drafting,1,0.09024408459663391
humaneval,109,fixed_1,Under-Drafting,1,0.02070038951933384
humaneval,109,fixed_1,Under-Drafting,1,0.06696822494268417
humaneval,109,fixed_1,Under-Drafting,1,0.043911103159189224
humaneval,110,fixed_1,Under-Drafting,1,0.17855361104011536
humaneval,110,fixed_1,Under-Drafting,1,0.13936853408813477
humaneval,110,fixed_1,Under-Drafting,1,0.10659483820199966
humaneval,110,fixed_1,Under-Drafting,1,0.08202742040157318
humaneval,110,fixed_1,Under-Drafting,1,0.19893866777420044
humaneval,110,fixed_1,Under-Drafting,1,0.0763419046998024
humaneval,111,fixed_1,Under-Drafting,1,0.15154895186424255
humaneval,111,fixed_1,Under-Drafting,1,0.03997800126671791
humaneval,111,fixed_1,Under-Drafting,1,0.1379128247499466
humaneval,111,fixed_1,Under-Drafting,1,0.0896163359284401
humaneval,111,fixed_1,Under-Drafting,1,0.06349021196365356
humaneval,112,fixed_1,Under-Drafting,1,0.07610975205898285
humaneval,112,fixed_1,Under-Drafting,1,0.08660942316055298
humaneval,112,fixed_1,Under-Drafting,1,0.017192773520946503
humaneval,112,fixed_1,Under-Drafting,1,0.008174076676368713
humaneval,112,fixed_1,Under-Drafting,1,0.14868584275245667
humaneval,112,fixed_1,Under-Drafting,1,0.06473496556282043
humaneval,112,fixed_1,Under-Drafting,1,0.19653460383415222
humaneval,112,fixed_1,Under-Drafting,1,0.05623325705528259
humaneval,112,fixed_1,Under-Drafting,1,0.09136130660772324
humaneval,112,fixed_1,Under-Drafting,1,0.007852394133806229
humaneval,112,fixed_1,Under-Drafting,1,0.024290284141898155
humaneval,112,fixed_1,Under-Drafting,1,0.014147310517728329
humaneval,112,fixed_1,Under-Drafting,1,0.06744322180747986
humaneval,112,fixed_1,Under-Drafting,1,0.08995691686868668
humaneval,112,fixed_1,Under-Drafting,1,0.11023083329200745
humaneval,112,fixed_1,Under-Drafting,1,0.005257315933704376
humaneval,113,fixed_1,Under-Drafting,1,0.007656261324882507
humaneval,113,fixed_1,Under-Drafting,1,0.1325380653142929
humaneval,113,fixed_1,Under-Drafting,1,0.1271824985742569
humaneval,113,fixed_1,Under-Drafting,1,0.04252389445900917
humaneval,114,fixed_1,Under-Drafting,1,0.0695100948214531
humaneval,114,fixed_1,Under-Drafting,1,0.18494753539562225
humaneval,114,fixed_1,Under-Drafting,1,0.13190490007400513
humaneval,114,fixed_1,Under-Drafting,1,0.0014882205286994576
humaneval,114,fixed_1,Under-Drafting,1,0.05438467860221863
humaneval,114,fixed_1,Under-Drafting,1,0.14233249425888062
humaneval,114,fixed_1,Under-Drafting,1,0.04671622812747955
humaneval,114,fixed_1,Under-Drafting,1,0.08270446211099625
humaneval,114,fixed_1,Under-Drafting,1,0.007185820955783129
humaneval,114,fixed_1,Under-Drafting,1,0.03742380440235138
humaneval,114,fixed_1,Under-Drafting,1,0.00033503788290545344
humaneval,114,fixed_1,Under-Drafting,1,0.07776477187871933
humaneval,114,fixed_1,Under-Drafting,1,0.1020265519618988
humaneval,114,fixed_1,Under-Drafting,1,0.003986682742834091
humaneval,114,fixed_1,Under-Drafting,1,0.00028825653134845197
humaneval,114,fixed_1,Under-Drafting,1,0.058895938098430634
humaneval,114,fixed_1,Under-Drafting,1,0.10794325172901154
humaneval,115,fixed_1,Under-Drafting,1,0.15801681578159332
humaneval,115,fixed_1,Under-Drafting,1,0.11356089264154434
humaneval,115,fixed_1,Under-Drafting,1,0.06614566594362259
humaneval,115,fixed_1,Under-Drafting,1,0.00020106779993511736
humaneval,115,fixed_1,Under-Drafting,1,0.00025011683464981616
humaneval,115,fixed_1,Under-Drafting,1,0.00041232159128412604
humaneval,115,fixed_1,Under-Drafting,1,0.008639832958579063
humaneval,115,fixed_1,Under-Drafting,1,0.003906161291524768
humaneval,115,fixed_1,Under-Drafting,1,0.003300157841295004
humaneval,115,fixed_1,Under-Drafting,1,0.005075216293334961
humaneval,115,fixed_1,Under-Drafting,1,0.007335081230849028
humaneval,115,fixed_1,Under-Drafting,1,0.013823946937918663
humaneval,115,fixed_1,Under-Drafting,1,0.0420982763171196
humaneval,115,fixed_1,Under-Drafting,1,0.08168972283601761
humaneval,115,fixed_1,Under-Drafting,1,0.003401136491447687
humaneval,115,fixed_1,Under-Drafting,1,0.012887109071016312
humaneval,116,fixed_1,Under-Drafting,1,0.14628535509109497
humaneval,116,fixed_1,Under-Drafting,1,0.06678327172994614
humaneval,116,fixed_1,Under-Drafting,1,0.10758226364850998
humaneval,117,fixed_1,Under-Drafting,1,0.0820183977484703
humaneval,117,fixed_1,Under-Drafting,1,0.09245643764734268
humaneval,118,fixed_1,Under-Drafting,1,3.589883272070438e-05
humaneval,118,fixed_1,Under-Drafting,1,0.004006771836429834
humaneval,118,fixed_1,Under-Drafting,1,0.027732573449611664
humaneval,118,fixed_1,Under-Drafting,1,0.0530894435942173
humaneval,118,fixed_1,Under-Drafting,1,0.12978754937648773
humaneval,118,fixed_1,Under-Drafting,1,0.008336993865668774
humaneval,118,fixed_1,Under-Drafting,1,0.0031025283969938755
humaneval,118,fixed_1,Under-Drafting,1,0.00010959422797895968
humaneval,118,fixed_1,Under-Drafting,1,0.004967654123902321
humaneval,118,fixed_1,Under-Drafting,1,0.026047419756650925
humaneval,118,fixed_1,Under-Drafting,1,0.0008989991620182991
humaneval,118,fixed_1,Under-Drafting,1,0.02113925851881504
humaneval,118,fixed_1,Under-Drafting,1,0.038898009806871414
humaneval,118,fixed_1,Under-Drafting,1,0.06176605075597763
humaneval,118,fixed_1,Under-Drafting,1,0.002059320453554392
humaneval,118,fixed_1,Under-Drafting,1,2.2821976017439738e-05
humaneval,118,fixed_1,Under-Drafting,1,0.0013060132041573524
humaneval,118,fixed_1,Under-Drafting,1,0.1101161390542984
humaneval,118,fixed_1,Under-Drafting,1,0.008508597500622272
humaneval,118,fixed_1,Under-Drafting,1,0.1233891099691391
humaneval,119,fixed_1,Under-Drafting,1,0.14229701459407806
humaneval,119,fixed_1,Under-Drafting,1,0.0009288049768656492
humaneval,119,fixed_1,Under-Drafting,1,0.020548569038510323
humaneval,119,fixed_1,Under-Drafting,1,0.08167807757854462
humaneval,119,fixed_1,Under-Drafting,1,0.009295443072915077
humaneval,119,fixed_1,Under-Drafting,1,0.0003340776893310249
humaneval,119,fixed_1,Under-Drafting,1,0.0010519304778426886
humaneval,119,fixed_1,Under-Drafting,1,0.0013776305131614208
humaneval,119,fixed_1,Under-Drafting,1,0.008141967467963696
humaneval,120,fixed_1,Under-Drafting,1,0.04326089471578598
humaneval,120,fixed_1,Under-Drafting,1,0.09266436100006104
humaneval,120,fixed_1,Under-Drafting,1,0.1695580780506134
humaneval,120,fixed_1,Under-Drafting,1,0.007691750302910805
humaneval,120,fixed_1,Under-Drafting,1,0.01801091805100441
humaneval,120,fixed_1,Under-Drafting,1,0.1158226728439331
humaneval,120,fixed_1,Under-Drafting,1,0.17726072669029236
humaneval,120,fixed_1,Under-Drafting,1,0.012260030955076218
humaneval,120,fixed_1,Under-Drafting,1,0.016213908791542053
humaneval,120,fixed_1,Under-Drafting,1,0.06330293416976929
humaneval,121,fixed_1,Under-Drafting,1,0.009434634819626808
humaneval,121,fixed_1,Under-Drafting,1,0.17815271019935608
humaneval,121,fixed_1,Under-Drafting,1,0.0723751038312912
humaneval,121,fixed_1,Under-Drafting,1,0.10527646541595459
humaneval,121,fixed_1,Under-Drafting,1,0.010715841315686703
humaneval,121,fixed_1,Under-Drafting,1,0.011652274988591671
humaneval,121,fixed_1,Under-Drafting,1,0.004302433226257563
humaneval,121,fixed_1,Under-Drafting,1,0.0050481343641877174
humaneval,121,fixed_1,Under-Drafting,1,0.00580546073615551
humaneval,121,fixed_1,Under-Drafting,1,0.0781555250287056
humaneval,121,fixed_1,Under-Drafting,1,0.05366399139165878
humaneval,121,fixed_1,Under-Drafting,1,0.004934315104037523
humaneval,121,fixed_1,Under-Drafting,1,0.002317119389772415
humaneval,121,fixed_1,Under-Drafting,1,0.011193491518497467
humaneval,121,fixed_1,Under-Drafting,1,0.0029081387910991907
humaneval,122,fixed_1,Under-Drafting,1,0.17281115055084229
humaneval,122,fixed_1,Under-Drafting,1,0.1685398817062378
humaneval,122,fixed_1,Under-Drafting,1,0.07725675404071808
humaneval,122,fixed_1,Under-Drafting,1,0.0020348518155515194
humaneval,122,fixed_1,Under-Drafting,1,0.08034443110227585
humaneval,122,fixed_1,Under-Drafting,1,0.18638378381729126
humaneval,122,fixed_1,Under-Drafting,1,0.022820984944701195
humaneval,123,fixed_1,Under-Drafting,1,0.02186471037566662
humaneval,123,fixed_1,Under-Drafting,1,0.003911909181624651
humaneval,123,fixed_1,Under-Drafting,1,0.006273421458899975
humaneval,123,fixed_1,Under-Drafting,1,0.012586189433932304
humaneval,123,fixed_1,Under-Drafting,1,0.009999454952776432
humaneval,123,fixed_1,Under-Drafting,1,0.004690673667937517
humaneval,123,fixed_1,Under-Drafting,1,0.00915971864014864
humaneval,123,fixed_1,Under-Drafting,1,0.006018218584358692
humaneval,123,fixed_1,Under-Drafting,1,0.09177882969379425
humaneval,123,fixed_1,Under-Drafting,1,0.0012959191808477044
humaneval,124,fixed_1,Under-Drafting,1,0.18428117036819458
humaneval,124,fixed_1,Under-Drafting,1,0.07143819332122803
humaneval,124,fixed_1,Under-Drafting,1,0.158250093460083
humaneval,124,fixed_1,Under-Drafting,1,0.032955095171928406
humaneval,124,fixed_1,Under-Drafting,1,0.019506845623254776
humaneval,124,fixed_1,Under-Drafting,1,0.033778246492147446
humaneval,124,fixed_1,Under-Drafting,1,0.0319284163415432
humaneval,124,fixed_1,Under-Drafting,1,0.03214263170957565
humaneval,125,fixed_1,Under-Drafting,1,0.08213285356760025
humaneval,125,fixed_1,Under-Drafting,1,0.14375367760658264
humaneval,126,fixed_1,Under-Drafting,1,0.06720125675201416
humaneval,126,fixed_1,Under-Drafting,1,0.0952647253870964
humaneval,126,fixed_1,Under-Drafting,1,0.1421632170677185
humaneval,126,fixed_1,Under-Drafting,1,0.02985469624400139
humaneval,126,fixed_1,Under-Drafting,1,0.19899213314056396
humaneval,127,fixed_1,Under-Drafting,1,0.07741712778806686
humaneval,127,fixed_1,Under-Drafting,1,0.004409993998706341
humaneval,127,fixed_1,Under-Drafting,1,0.08525878190994263
humaneval,127,fixed_1,Under-Drafting,1,0.009557709097862244
humaneval,127,fixed_1,Under-Drafting,1,0.08972735702991486
humaneval,127,fixed_1,Under-Drafting,1,0.0445563942193985
humaneval,127,fixed_1,Under-Drafting,1,0.012093441560864449
humaneval,127,fixed_1,Under-Drafting,1,0.005936691537499428
humaneval,127,fixed_1,Under-Drafting,1,0.041680365800857544
humaneval,127,fixed_1,Under-Drafting,1,0.04561515897512436
humaneval,127,fixed_1,Under-Drafting,1,0.04193546995520592
humaneval,127,fixed_1,Under-Drafting,1,0.03807979077100754
humaneval,127,fixed_1,Under-Drafting,1,0.04432469233870506
humaneval,127,fixed_1,Under-Drafting,1,0.007783477194607258
humaneval,127,fixed_1,Under-Drafting,1,0.002881443127989769
humaneval,127,fixed_1,Under-Drafting,1,0.05404201149940491
humaneval,127,fixed_1,Under-Drafting,1,0.031749237328767776
humaneval,127,fixed_1,Under-Drafting,1,0.0014422793174162507
humaneval,127,fixed_1,Under-Drafting,1,0.07536447048187256
humaneval,127,fixed_1,Under-Drafting,1,0.05825043097138405
humaneval,127,fixed_1,Under-Drafting,1,0.003234516130760312
humaneval,127,fixed_1,Under-Drafting,1,0.0009077551076188684
humaneval,127,fixed_1,Under-Drafting,1,0.010279334150254726
humaneval,127,fixed_1,Under-Drafting,1,0.005259362049400806
humaneval,128,fixed_1,Under-Drafting,1,0.057485926896333694
humaneval,128,fixed_1,Under-Drafting,1,0.08725417405366898
humaneval,128,fixed_1,Under-Drafting,1,0.1423632651567459
humaneval,129,fixed_1,Under-Drafting,1,0.11080025136470795
humaneval,129,fixed_1,Under-Drafting,1,0.12662963569164276
humaneval,129,fixed_1,Under-Drafting,1,0.13853715360164642
humaneval,129,fixed_1,Under-Drafting,1,0.04027527570724487
humaneval,129,fixed_1,Under-Drafting,1,0.03536863252520561
humaneval,129,fixed_1,Under-Drafting,1,0.0049094874411821365
humaneval,129,fixed_1,Under-Drafting,1,0.005277056246995926
humaneval,129,fixed_1,Under-Drafting,1,0.0670337826013565
humaneval,129,fixed_1,Under-Drafting,1,0.1476990282535553
humaneval,129,fixed_1,Under-Drafting,1,0.024501968175172806
humaneval,129,fixed_1,Under-Drafting,1,0.1034320518374443
humaneval,129,fixed_1,Under-Drafting,1,0.09841334074735641
humaneval,129,fixed_1,Under-Drafting,1,0.07475771009922028
humaneval,129,fixed_1,Under-Drafting,1,0.013874657452106476
humaneval,129,fixed_1,Under-Drafting,1,0.012741363607347012
humaneval,129,fixed_1,Under-Drafting,1,0.12834908068180084
humaneval,130,fixed_1,Under-Drafting,1,0.10280726850032806
humaneval,130,fixed_1,Under-Drafting,1,0.16626983880996704
humaneval,130,fixed_1,Under-Drafting,1,0.13565316796302795
humaneval,130,fixed_1,Under-Drafting,1,0.03415333479642868
humaneval,130,fixed_1,Under-Drafting,1,0.1546795517206192
humaneval,130,fixed_1,Under-Drafting,1,0.13808540999889374
humaneval,130,fixed_1,Under-Drafting,1,0.025375869125127792
humaneval,130,fixed_1,Under-Drafting,1,0.07421734184026718
humaneval,130,fixed_1,Under-Drafting,1,0.04938314110040665
humaneval,130,fixed_1,Under-Drafting,1,0.12404336035251617
humaneval,130,fixed_1,Under-Drafting,1,0.07600603997707367
humaneval,130,fixed_1,Under-Drafting,1,0.17312408983707428
humaneval,130,fixed_1,Under-Drafting,1,0.07769811898469925
humaneval,130,fixed_1,Under-Drafting,1,0.09361138194799423
humaneval,131,fixed_1,Under-Drafting,1,0.15247398614883423
humaneval,131,fixed_1,Under-Drafting,1,0.09928584843873978
humaneval,131,fixed_1,Under-Drafting,1,0.09625919908285141
humaneval,131,fixed_1,Under-Drafting,1,0.03559528663754463
humaneval,131,fixed_1,Under-Drafting,1,0.009386968798935413
humaneval,131,fixed_1,Under-Drafting,1,0.013626422733068466
humaneval,131,fixed_1,Under-Drafting,1,0.008977189660072327
humaneval,131,fixed_1,Under-Drafting,1,0.0072092823684215546
humaneval,131,fixed_1,Under-Drafting,1,0.024180840700864792
humaneval,131,fixed_1,Under-Drafting,1,0.06084698811173439
humaneval,131,fixed_1,Under-Drafting,1,0.01915857382118702
humaneval,131,fixed_1,Under-Drafting,1,0.009281517937779427
humaneval,132,fixed_1,Under-Drafting,1,0.15706944465637207
humaneval,132,fixed_1,Under-Drafting,1,0.0832131952047348
humaneval,132,fixed_1,Under-Drafting,1,0.059019848704338074
humaneval,132,fixed_1,Under-Drafting,1,0.010390356183052063
humaneval,132,fixed_1,Under-Drafting,1,0.0019333402160555124
humaneval,132,fixed_1,Under-Drafting,1,0.01951400749385357
humaneval,132,fixed_1,Under-Drafting,1,0.014373630285263062
humaneval,132,fixed_1,Under-Drafting,1,0.056797150522470474
humaneval,132,fixed_1,Under-Drafting,1,0.016828566789627075
humaneval,132,fixed_1,Under-Drafting,1,0.011231284588575363
humaneval,132,fixed_1,Under-Drafting,1,0.00995144434273243
humaneval,132,fixed_1,Under-Drafting,1,0.028101421892642975
humaneval,132,fixed_1,Under-Drafting,1,0.0034809657372534275
humaneval,132,fixed_1,Under-Drafting,1,0.04501336067914963
humaneval,132,fixed_1,Under-Drafting,1,0.06163060665130615
humaneval,132,fixed_1,Under-Drafting,1,0.00325945857912302
humaneval,132,fixed_1,Under-Drafting,1,0.00201158644631505
humaneval,132,fixed_1,Under-Drafting,1,0.012597160413861275
humaneval,132,fixed_1,Under-Drafting,1,0.0039883824065327644
humaneval,132,fixed_1,Under-Drafting,1,0.010065391659736633
humaneval,132,fixed_1,Under-Drafting,1,0.035295262932777405
humaneval,133,fixed_1,Under-Drafting,1,0.028354741632938385
humaneval,133,fixed_1,Under-Drafting,1,0.15393495559692383
humaneval,133,fixed_1,Under-Drafting,1,0.031885500997304916
humaneval,133,fixed_1,Under-Drafting,1,0.029796216636896133
humaneval,133,fixed_1,Under-Drafting,1,0.14489316940307617
humaneval,133,fixed_1,Under-Drafting,1,0.036097560077905655
humaneval,133,fixed_1,Under-Drafting,1,0.02706998586654663
humaneval,133,fixed_1,Under-Drafting,1,0.035694729536771774
humaneval,133,fixed_1,Under-Drafting,1,0.1738099306821823
humaneval,133,fixed_1,Under-Drafting,1,0.07262915372848511
humaneval,133,fixed_1,Under-Drafting,1,0.02563411183655262
humaneval,133,fixed_1,Under-Drafting,1,0.039426691830158234
humaneval,133,fixed_1,Under-Drafting,1,0.010126663371920586
humaneval,133,fixed_1,Under-Drafting,1,0.12187647819519043
humaneval,133,fixed_1,Under-Drafting,1,0.0017567416653037071
humaneval,134,fixed_1,Under-Drafting,1,0.13789905607700348
humaneval,134,fixed_1,Under-Drafting,1,0.0034369213972240686
humaneval,134,fixed_1,Under-Drafting,1,0.10689429193735123
humaneval,134,fixed_1,Under-Drafting,1,0.11977694183588028
humaneval,134,fixed_1,Under-Drafting,1,0.1455063819885254
humaneval,135,fixed_1,Under-Drafting,1,0.03453550115227699
humaneval,135,fixed_1,Under-Drafting,1,0.016407527029514313
humaneval,135,fixed_1,Under-Drafting,1,0.07870756089687347
humaneval,135,fixed_1,Under-Drafting,1,0.06764014065265656
humaneval,135,fixed_1,Under-Drafting,1,0.001524690305814147
humaneval,135,fixed_1,Under-Drafting,1,0.03280191496014595
humaneval,135,fixed_1,Under-Drafting,1,0.019492143765091896
humaneval,135,fixed_1,Under-Drafting,1,0.1250012367963791
humaneval,135,fixed_1,Under-Drafting,1,0.17272555828094482
humaneval,136,fixed_1,Under-Drafting,1,0.10991603136062622
humaneval,136,fixed_1,Under-Drafting,1,0.17911416292190552
humaneval,136,fixed_1,Under-Drafting,1,0.17468233406543732
humaneval,136,fixed_1,Under-Drafting,1,0.1574692279100418
humaneval,136,fixed_1,Under-Drafting,1,0.013686060905456543
humaneval,136,fixed_1,Under-Drafting,1,0.032897595316171646
humaneval,136,fixed_1,Under-Drafting,1,0.10016759485006332
humaneval,136,fixed_1,Under-Drafting,1,0.09200994670391083
humaneval,136,fixed_1,Under-Drafting,1,0.1843726485967636
humaneval,136,fixed_1,Under-Drafting,1,0.013126851990818977
humaneval,136,fixed_1,Under-Drafting,1,0.04134506732225418
humaneval,136,fixed_1,Under-Drafting,1,0.13088858127593994
humaneval,136,fixed_1,Under-Drafting,1,0.1273937076330185
humaneval,136,fixed_1,Under-Drafting,1,0.012278234586119652
humaneval,136,fixed_1,Under-Drafting,1,0.007413338404148817
humaneval,136,fixed_1,Under-Drafting,1,0.13987436890602112
humaneval,137,fixed_1,Under-Drafting,1,0.07850481569766998
humaneval,137,fixed_1,Under-Drafting,1,0.026013480499386787
humaneval,137,fixed_1,Under-Drafting,1,0.11198090016841888
humaneval,137,fixed_1,Under-Drafting,1,0.039809904992580414
humaneval,137,fixed_1,Under-Drafting,1,0.027141148224473
humaneval,137,fixed_1,Under-Drafting,1,0.16884654760360718
humaneval,137,fixed_1,Under-Drafting,1,0.01864888332784176
humaneval,138,fixed_1,Under-Drafting,1,0.07110024988651276
humaneval,138,fixed_1,Under-Drafting,1,0.16934624314308167
humaneval,138,fixed_1,Under-Drafting,1,0.04272294044494629
humaneval,138,fixed_1,Under-Drafting,1,0.19634047150611877
humaneval,138,fixed_1,Under-Drafting,1,0.0543813519179821
humaneval,138,fixed_1,Under-Drafting,1,0.0069728875532746315
humaneval,138,fixed_1,Under-Drafting,1,0.05583566799759865
humaneval,138,fixed_1,Under-Drafting,1,0.015657445415854454
humaneval,138,fixed_1,Under-Drafting,1,0.0002359504869673401
humaneval,138,fixed_1,Under-Drafting,1,0.011693838983774185
humaneval,138,fixed_1,Under-Drafting,1,0.0038819857873022556
humaneval,138,fixed_1,Under-Drafting,1,0.0013109209248796105
humaneval,138,fixed_1,Under-Drafting,1,0.00033031561179086566
humaneval,139,fixed_1,Under-Drafting,1,0.08334281295537949
humaneval,139,fixed_1,Under-Drafting,1,0.16628092527389526
humaneval,139,fixed_1,Under-Drafting,1,0.02398599311709404
humaneval,139,fixed_1,Under-Drafting,1,0.0013226121664047241
humaneval,139,fixed_1,Under-Drafting,1,0.08248090744018555
humaneval,139,fixed_1,Under-Drafting,1,0.007326451130211353
humaneval,139,fixed_1,Under-Drafting,1,0.0049931639805436134
humaneval,139,fixed_1,Under-Drafting,1,6.413078517653048e-05
humaneval,139,fixed_1,Under-Drafting,1,0.005065076053142548
humaneval,139,fixed_1,Under-Drafting,1,0.008212252520024776
humaneval,139,fixed_1,Under-Drafting,1,0.0004027161339763552
humaneval,139,fixed_1,Under-Drafting,1,0.01053302176296711
humaneval,139,fixed_1,Under-Drafting,1,7.870807166909799e-05
humaneval,140,fixed_1,Under-Drafting,1,0.027752943336963654
humaneval,140,fixed_1,Under-Drafting,1,0.04924432188272476
humaneval,140,fixed_1,Under-Drafting,1,0.1301461011171341
humaneval,140,fixed_1,Under-Drafting,1,0.1861831098794937
humaneval,140,fixed_1,Under-Drafting,1,0.11298857629299164
humaneval,140,fixed_1,Under-Drafting,1,0.09153824299573898
humaneval,140,fixed_1,Under-Drafting,1,0.012517300434410572
humaneval,140,fixed_1,Under-Drafting,1,0.03477711230516434
humaneval,140,fixed_1,Under-Drafting,1,0.014004018157720566
humaneval,140,fixed_1,Under-Drafting,1,0.018390515819191933
humaneval,140,fixed_1,Under-Drafting,1,0.03584425151348114
humaneval,140,fixed_1,Under-Drafting,1,0.02611965872347355
humaneval,140,fixed_1,Under-Drafting,1,0.004316521342843771
humaneval,140,fixed_1,Under-Drafting,1,0.007778110448271036
humaneval,140,fixed_1,Under-Drafting,1,0.04175035282969475
humaneval,140,fixed_1,Under-Drafting,1,0.026271505281329155
humaneval,140,fixed_1,Under-Drafting,1,0.018524864688515663
humaneval,141,fixed_1,Under-Drafting,1,0.024216584861278534
humaneval,141,fixed_1,Under-Drafting,1,0.013587499037384987
humaneval,141,fixed_1,Under-Drafting,1,0.003842733334749937
humaneval,141,fixed_1,Under-Drafting,1,0.09012994170188904
humaneval,141,fixed_1,Under-Drafting,1,0.06741879880428314
humaneval,141,fixed_1,Under-Drafting,1,0.002965930849313736
humaneval,141,fixed_1,Under-Drafting,1,0.13157890737056732
humaneval,141,fixed_1,Under-Drafting,1,0.09253980964422226
humaneval,141,fixed_1,Under-Drafting,1,0.058682214468717575
humaneval,141,fixed_1,Under-Drafting,1,0.0022340966388583183
humaneval,142,fixed_1,Under-Drafting,1,0.11852427572011948
humaneval,142,fixed_1,Under-Drafting,1,0.08570833504199982
humaneval,142,fixed_1,Under-Drafting,1,0.04670108109712601
humaneval,142,fixed_1,Under-Drafting,1,0.07062114030122757
humaneval,142,fixed_1,Under-Drafting,1,0.044083330780267715
humaneval,142,fixed_1,Under-Drafting,1,0.10450449585914612
humaneval,142,fixed_1,Under-Drafting,1,0.10976944118738174
humaneval,143,fixed_1,Under-Drafting,1,0.19329962134361267
humaneval,143,fixed_1,Under-Drafting,1,0.1644820123910904
humaneval,143,fixed_1,Under-Drafting,1,0.032871536910533905
humaneval,143,fixed_1,Under-Drafting,1,0.07359614223241806
humaneval,143,fixed_1,Under-Drafting,1,0.024001190438866615
humaneval,143,fixed_1,Under-Drafting,1,0.053318221122026443
humaneval,143,fixed_1,Under-Drafting,1,0.010214167647063732
humaneval,143,fixed_1,Under-Drafting,1,0.023853804916143417
humaneval,143,fixed_1,Under-Drafting,1,0.0993296280503273
humaneval,143,fixed_1,Under-Drafting,1,0.01616763137280941
humaneval,143,fixed_1,Under-Drafting,1,0.011655798181891441
humaneval,143,fixed_1,Under-Drafting,1,0.017871670424938202
humaneval,144,fixed_1,Under-Drafting,1,0.1266106218099594
humaneval,144,fixed_1,Under-Drafting,1,0.19228553771972656
humaneval,145,fixed_1,Under-Drafting,1,0.04533267021179199
humaneval,145,fixed_1,Under-Drafting,1,0.16353411972522736
humaneval,145,fixed_1,Under-Drafting,1,0.03178779035806656
humaneval,145,fixed_1,Under-Drafting,1,0.035497527569532394
humaneval,145,fixed_1,Under-Drafting,1,0.0943308100104332
humaneval,145,fixed_1,Under-Drafting,1,0.18395322561264038
humaneval,145,fixed_1,Under-Drafting,1,0.04022930562496185
humaneval,145,fixed_1,Under-Drafting,1,0.018077418208122253
humaneval,145,fixed_1,Under-Drafting,1,0.19642771780490875
humaneval,145,fixed_1,Under-Drafting,1,0.04524338245391846
humaneval,145,fixed_1,Under-Drafting,1,0.028268970549106598
humaneval,145,fixed_1,Under-Drafting,1,0.004020454362034798
humaneval,145,fixed_1,Under-Drafting,1,0.043618205934762955
humaneval,145,fixed_1,Under-Drafting,1,0.007012435235083103
humaneval,145,fixed_1,Under-Drafting,1,0.04265497997403145
humaneval,145,fixed_1,Under-Drafting,1,0.032902467995882034
humaneval,145,fixed_1,Under-Drafting,1,0.00701605761423707
humaneval,145,fixed_1,Under-Drafting,1,0.008799402043223381
humaneval,145,fixed_1,Under-Drafting,1,0.0997471809387207
humaneval,146,fixed_1,Under-Drafting,1,0.00662408908829093
humaneval,146,fixed_1,Under-Drafting,1,0.02098093554377556
humaneval,146,fixed_1,Under-Drafting,1,0.09392128884792328
humaneval,146,fixed_1,Under-Drafting,1,0.11309008300304413
humaneval,146,fixed_1,Under-Drafting,1,0.0428558886051178
humaneval,146,fixed_1,Under-Drafting,1,0.004287130665034056
humaneval,146,fixed_1,Under-Drafting,1,0.014880966395139694
humaneval,146,fixed_1,Under-Drafting,1,0.05072025954723358
humaneval,146,fixed_1,Under-Drafting,1,0.0530872717499733
humaneval,146,fixed_1,Under-Drafting,1,0.0032840159256011248
humaneval,146,fixed_1,Under-Drafting,1,0.09682309627532959
humaneval,146,fixed_1,Under-Drafting,1,0.0438883975148201
humaneval,146,fixed_1,Under-Drafting,1,0.059591155499219894
humaneval,146,fixed_1,Under-Drafting,1,0.073800228536129
humaneval,147,fixed_1,Under-Drafting,1,0.05400034785270691
humaneval,147,fixed_1,Under-Drafting,1,0.004720855504274368
humaneval,147,fixed_1,Under-Drafting,1,0.09954182058572769
humaneval,147,fixed_1,Under-Drafting,1,0.16663715243339539
humaneval,147,fixed_1,Under-Drafting,1,0.03790009766817093
humaneval,147,fixed_1,Under-Drafting,1,0.004936985671520233
humaneval,147,fixed_1,Under-Drafting,1,0.07083433121442795
humaneval,147,fixed_1,Under-Drafting,1,0.12321000546216965
humaneval,147,fixed_1,Under-Drafting,1,0.012960080988705158
humaneval,148,fixed_1,Under-Drafting,1,0.06478700041770935
humaneval,148,fixed_1,Under-Drafting,1,0.16147218644618988
humaneval,148,fixed_1,Under-Drafting,1,0.15849052369594574
humaneval,148,fixed_1,Under-Drafting,1,0.09982220828533173
humaneval,148,fixed_1,Under-Drafting,1,0.0039359889924526215
humaneval,148,fixed_1,Under-Drafting,1,0.07247157394886017
humaneval,148,fixed_1,Under-Drafting,1,0.01955517940223217
humaneval,148,fixed_1,Under-Drafting,1,0.146871417760849
humaneval,148,fixed_1,Under-Drafting,1,0.00017676266725175083
humaneval,148,fixed_1,Under-Drafting,1,0.002949052955955267
humaneval,148,fixed_1,Under-Drafting,1,0.09817847609519958
humaneval,148,fixed_1,Under-Drafting,1,0.015753358602523804
humaneval,148,fixed_1,Under-Drafting,1,0.04773065075278282
humaneval,148,fixed_1,Under-Drafting,1,0.11111370474100113
humaneval,148,fixed_1,Under-Drafting,1,0.049904435873031616
humaneval,149,fixed_1,Under-Drafting,1,0.040989845991134644
humaneval,149,fixed_1,Under-Drafting,1,0.008132336661219597
humaneval,149,fixed_1,Under-Drafting,1,0.08093301951885223
humaneval,149,fixed_1,Under-Drafting,1,0.024684162810444832
humaneval,149,fixed_1,Under-Drafting,1,0.05623568594455719
humaneval,149,fixed_1,Under-Drafting,1,0.0018884865567088127
humaneval,149,fixed_1,Under-Drafting,1,0.1411145031452179
humaneval,149,fixed_1,Under-Drafting,1,0.001856794930063188
humaneval,149,fixed_1,Under-Drafting,1,0.013596709817647934
humaneval,149,fixed_1,Under-Drafting,1,0.04802324250340462
humaneval,149,fixed_1,Under-Drafting,1,0.0032969629392027855
humaneval,149,fixed_1,Under-Drafting,1,0.03262295946478844
humaneval,149,fixed_1,Under-Drafting,1,0.03868994861841202
humaneval,149,fixed_1,Under-Drafting,1,0.020823564380407333
humaneval,149,fixed_1,Under-Drafting,1,0.030684253200888634
humaneval,150,fixed_1,Under-Drafting,1,0.044707510620355606
humaneval,150,fixed_1,Under-Drafting,1,0.13674506545066833
humaneval,150,fixed_1,Under-Drafting,1,0.01798097975552082
humaneval,150,fixed_1,Under-Drafting,1,0.09211304038763046
humaneval,150,fixed_1,Under-Drafting,1,0.022293820977211
humaneval,150,fixed_1,Under-Drafting,1,0.1805107146501541
humaneval,150,fixed_1,Under-Drafting,1,0.023787418380379677
humaneval,150,fixed_1,Under-Drafting,1,0.06773543357849121
humaneval,150,fixed_1,Under-Drafting,1,0.10202214121818542
humaneval,150,fixed_1,Under-Drafting,1,0.07967996597290039
humaneval,150,fixed_1,Under-Drafting,1,0.023097030818462372
humaneval,151,fixed_1,Under-Drafting,1,0.04297073930501938
humaneval,151,fixed_1,Under-Drafting,1,0.07821419835090637
humaneval,151,fixed_1,Under-Drafting,1,0.028086861595511436
humaneval,151,fixed_1,Under-Drafting,1,0.017783673480153084
humaneval,151,fixed_1,Under-Drafting,1,0.028713293373584747
humaneval,151,fixed_1,Under-Drafting,1,0.05417412519454956
humaneval,151,fixed_1,Under-Drafting,1,0.018100960180163383
humaneval,151,fixed_1,Under-Drafting,1,0.012267682701349258
humaneval,151,fixed_1,Under-Drafting,1,0.028194421902298927
humaneval,151,fixed_1,Under-Drafting,1,0.1573508083820343
humaneval,151,fixed_1,Under-Drafting,1,0.010302670300006866
humaneval,151,fixed_1,Under-Drafting,1,0.0024707019329071045
humaneval,152,fixed_1,Under-Drafting,1,0.05103317275643349
humaneval,152,fixed_1,Under-Drafting,1,0.09607423841953278
humaneval,152,fixed_1,Under-Drafting,1,0.04805447533726692
humaneval,152,fixed_1,Under-Drafting,1,0.03680163994431496
humaneval,152,fixed_1,Under-Drafting,1,0.1368398666381836
humaneval,152,fixed_1,Under-Drafting,1,0.10622712969779968
humaneval,152,fixed_1,Under-Drafting,1,0.039570730179548264
humaneval,152,fixed_1,Under-Drafting,1,0.041028935462236404
humaneval,152,fixed_1,Under-Drafting,1,0.015058779157698154
humaneval,152,fixed_1,Under-Drafting,1,0.1657939851284027
humaneval,152,fixed_1,Under-Drafting,1,0.046814773231744766
humaneval,152,fixed_1,Under-Drafting,1,0.0643448457121849
humaneval,153,fixed_1,Under-Drafting,1,0.020188946276903152
humaneval,153,fixed_1,Under-Drafting,1,0.10688202828168869
humaneval,153,fixed_1,Under-Drafting,1,0.027455400675535202
humaneval,153,fixed_1,Under-Drafting,1,0.03144347295165062
humaneval,154,fixed_1,Under-Drafting,1,0.1840095967054367
humaneval,154,fixed_1,Under-Drafting,1,0.172736257314682
humaneval,154,fixed_1,Under-Drafting,1,0.059354934841394424
humaneval,154,fixed_1,Under-Drafting,1,0.12878477573394775
humaneval,154,fixed_1,Under-Drafting,1,0.0918118804693222
humaneval,154,fixed_1,Under-Drafting,1,0.008891342207789421
humaneval,154,fixed_1,Under-Drafting,1,0.004958950448781252
humaneval,154,fixed_1,Under-Drafting,1,0.0004963686224073172
humaneval,154,fixed_1,Under-Drafting,1,0.0009508051443845034
humaneval,155,fixed_1,Under-Drafting,1,0.06874552369117737
humaneval,155,fixed_1,Under-Drafting,1,0.00529920868575573
humaneval,155,fixed_1,Under-Drafting,1,0.08091093599796295
humaneval,155,fixed_1,Under-Drafting,1,0.0502944253385067
humaneval,155,fixed_1,Under-Drafting,1,0.02993513084948063
humaneval,155,fixed_1,Under-Drafting,1,0.16647319495677948
humaneval,155,fixed_1,Under-Drafting,1,0.09785367548465729
humaneval,155,fixed_1,Under-Drafting,1,0.1285267472267151
humaneval,155,fixed_1,Under-Drafting,1,0.014127258211374283
humaneval,155,fixed_1,Under-Drafting,1,0.10879658162593842
humaneval,155,fixed_1,Under-Drafting,1,0.18497347831726074
humaneval,155,fixed_1,Under-Drafting,1,0.01852954551577568
humaneval,155,fixed_1,Under-Drafting,1,0.054642170667648315
humaneval,155,fixed_1,Under-Drafting,1,0.0029206674080342054
humaneval,155,fixed_1,Under-Drafting,1,0.046871840953826904
humaneval,156,fixed_1,Under-Drafting,1,0.1138119325041771
humaneval,156,fixed_1,Under-Drafting,1,0.001107947900891304
humaneval,156,fixed_1,Under-Drafting,1,0.06867519021034241
humaneval,156,fixed_1,Under-Drafting,1,0.11557121574878693
humaneval,156,fixed_1,Under-Drafting,1,0.008766520768404007
humaneval,156,fixed_1,Under-Drafting,1,0.009735732339322567
humaneval,156,fixed_1,Under-Drafting,1,0.11224588751792908
humaneval,156,fixed_1,Under-Drafting,1,6.104425119701773e-05
humaneval,156,fixed_1,Under-Drafting,1,0.00016763570602051914
humaneval,156,fixed_1,Under-Drafting,1,0.006952808704227209
humaneval,156,fixed_1,Under-Drafting,1,4.981211532140151e-05
humaneval,156,fixed_1,Under-Drafting,1,0.0009129892569035292
humaneval,156,fixed_1,Under-Drafting,1,0.19284962117671967
humaneval,156,fixed_1,Under-Drafting,1,0.011990253813564777
humaneval,156,fixed_1,Under-Drafting,1,0.0007918119663372636
humaneval,156,fixed_1,Under-Drafting,1,0.0007211000192910433
humaneval,156,fixed_1,Under-Drafting,1,0.008861840702593327
humaneval,156,fixed_1,Under-Drafting,1,0.0014450105372816324
humaneval,156,fixed_1,Under-Drafting,1,0.0016091389115899801
humaneval,156,fixed_1,Under-Drafting,1,0.006303903181105852
humaneval,156,fixed_1,Under-Drafting,1,0.023778216913342476
humaneval,156,fixed_1,Under-Drafting,1,0.028988579288125038
humaneval,157,fixed_1,Under-Drafting,1,0.053089141845703125
humaneval,157,fixed_1,Under-Drafting,1,0.14094997942447662
humaneval,157,fixed_1,Under-Drafting,1,0.005757610779255629
humaneval,157,fixed_1,Under-Drafting,1,0.1211884394288063
humaneval,157,fixed_1,Under-Drafting,1,0.007625022437423468
humaneval,157,fixed_1,Under-Drafting,1,0.15846243500709534
humaneval,157,fixed_1,Under-Drafting,1,0.052290044724941254
humaneval,157,fixed_1,Under-Drafting,1,0.029442690312862396
humaneval,157,fixed_1,Under-Drafting,1,0.004670583177357912
humaneval,157,fixed_1,Under-Drafting,1,0.1976022571325302
humaneval,157,fixed_1,Under-Drafting,1,0.0043096053414046764
humaneval,157,fixed_1,Under-Drafting,1,0.02328874170780182
humaneval,157,fixed_1,Under-Drafting,1,0.08425086736679077
humaneval,157,fixed_1,Under-Drafting,1,0.0901205912232399
humaneval,157,fixed_1,Under-Drafting,1,0.012429109774529934
humaneval,157,fixed_1,Under-Drafting,1,0.001798213110305369
humaneval,158,fixed_1,Under-Drafting,1,0.09508418291807175
humaneval,158,fixed_1,Under-Drafting,1,0.0820503830909729
humaneval,158,fixed_1,Under-Drafting,1,0.11051285266876221
humaneval,158,fixed_1,Under-Drafting,1,0.10264676064252853
humaneval,159,fixed_1,Under-Drafting,1,0.0038391852285712957
humaneval,159,fixed_1,Under-Drafting,1,0.09099574387073517
humaneval,159,fixed_1,Under-Drafting,1,0.00409453921020031
humaneval,159,fixed_1,Under-Drafting,1,0.027878224849700928
humaneval,159,fixed_1,Under-Drafting,1,0.01720578595995903
humaneval,159,fixed_1,Under-Drafting,1,0.07747239619493484
humaneval,159,fixed_1,Under-Drafting,1,0.06210535019636154
humaneval,159,fixed_1,Under-Drafting,1,0.008286540396511555
humaneval,159,fixed_1,Under-Drafting,1,0.030455565080046654
humaneval,159,fixed_1,Under-Drafting,1,0.0066415006294846535
humaneval,159,fixed_1,Under-Drafting,1,0.0010443765204399824
humaneval,159,fixed_1,Under-Drafting,1,0.027575228363275528
humaneval,159,fixed_1,Under-Drafting,1,0.00269114738330245
humaneval,159,fixed_1,Under-Drafting,1,0.0005612688255496323
humaneval,159,fixed_1,Under-Drafting,1,0.00470741419121623
humaneval,159,fixed_1,Under-Drafting,1,0.004455783404409885
humaneval,159,fixed_1,Under-Drafting,1,0.001001768046990037
humaneval,159,fixed_1,Under-Drafting,1,0.007264118641614914
humaneval,160,fixed_1,Under-Drafting,1,0.10699375718832016
humaneval,160,fixed_1,Under-Drafting,1,0.03181278333067894
humaneval,160,fixed_1,Under-Drafting,1,0.03281933069229126
humaneval,160,fixed_1,Under-Drafting,1,0.0427718348801136
humaneval,160,fixed_1,Under-Drafting,1,0.007424954790621996
humaneval,160,fixed_1,Under-Drafting,1,0.03816870599985123
humaneval,160,fixed_1,Under-Drafting,1,0.042258404195308685
humaneval,160,fixed_1,Under-Drafting,1,0.028214212507009506
humaneval,160,fixed_1,Under-Drafting,1,0.06615482270717621
humaneval,160,fixed_1,Under-Drafting,1,0.1202227920293808
humaneval,160,fixed_1,Under-Drafting,1,0.012369286268949509
humaneval,161,fixed_1,Under-Drafting,1,0.13705362379550934
humaneval,161,fixed_1,Under-Drafting,1,0.09460186958312988
humaneval,161,fixed_1,Under-Drafting,1,0.11237654089927673
humaneval,161,fixed_1,Under-Drafting,1,0.18540091812610626
humaneval,161,fixed_1,Under-Drafting,1,0.0390653982758522
humaneval,161,fixed_1,Under-Drafting,1,0.02987334504723549
humaneval,161,fixed_1,Under-Drafting,1,0.10219931602478027
humaneval,161,fixed_1,Under-Drafting,1,0.08499900251626968
humaneval,161,fixed_1,Under-Drafting,1,0.09153100103139877
humaneval,161,fixed_1,Under-Drafting,1,0.018808890134096146
humaneval,161,fixed_1,Under-Drafting,1,0.1668774038553238
humaneval,162,fixed_1,Under-Drafting,1,0.07636667788028717
humaneval,162,fixed_1,Under-Drafting,1,0.0861210972070694
humaneval,162,fixed_1,Under-Drafting,1,0.02880704030394554
humaneval,162,fixed_1,Under-Drafting,1,0.18368850648403168
humaneval,162,fixed_1,Under-Drafting,1,0.04846307635307312
humaneval,162,fixed_1,Under-Drafting,1,0.0007919640047475696
humaneval,162,fixed_1,Under-Drafting,1,0.0022480785846710205
humaneval,162,fixed_1,Under-Drafting,1,9.875689283944666e-05
humaneval,162,fixed_1,Under-Drafting,1,0.02001262828707695
humaneval,162,fixed_1,Under-Drafting,1,0.0035724530462175608
humaneval,162,fixed_1,Under-Drafting,1,0.00899185985326767
humaneval,162,fixed_1,Under-Drafting,1,0.0075921351090073586
humaneval,162,fixed_1,Under-Drafting,1,0.196345716714859
humaneval,162,fixed_1,Under-Drafting,1,0.002576650818809867
humaneval,162,fixed_1,Under-Drafting,1,9.466378105571494e-05
humaneval,163,fixed_1,Under-Drafting,1,0.03558901697397232
humaneval,163,fixed_1,Under-Drafting,1,0.027488401159644127
humaneval,163,fixed_1,Under-Drafting,1,0.0046053240075707436
humaneval,163,fixed_1,Under-Drafting,1,0.013738268986344337
humaneval,163,fixed_1,Under-Drafting,1,0.013098777271807194
humaneval,163,fixed_1,Under-Drafting,1,0.014747550711035728
humaneval,163,fixed_1,Under-Drafting,1,0.0002987884799949825
humaneval,163,fixed_1,Under-Drafting,1,0.0002571429358795285
humaneval,163,fixed_1,Under-Drafting,1,0.002896360820159316
humaneval,163,fixed_1,Under-Drafting,1,0.0015654589515179396
humaneval,163,fixed_1,Under-Drafting,1,0.010427472181618214
humaneval,163,fixed_1,Under-Drafting,1,0.002584640169516206
humaneval,163,fixed_1,Under-Drafting,1,0.0010022703791037202
humaneval,163,fixed_1,Under-Drafting,1,0.0005590793443843722
humaneval,163,fixed_1,Under-Drafting,1,0.0021536860149353743
humaneval,163,fixed_1,Under-Drafting,1,0.00016922137001529336
humaneval,163,fixed_1,Under-Drafting,1,0.11085935682058334
humaneval,163,fixed_1,Under-Drafting,1,0.0006104020867496729
humaneval,163,fixed_1,Under-Drafting,1,0.000739953073207289
humaneval,163,fixed_1,Under-Drafting,1,0.0002989392669405788
humaneval,163,fixed_1,Under-Drafting,1,0.0002741204807534814
humaneval,163,fixed_1,Under-Drafting,1,0.021596694365143776
humaneval,1,fixed_8,Over-Drafting,8,1
humaneval,1,fixed_8,Over-Drafting,8,1
humaneval,2,fixed_8,Over-Drafting,8,1
humaneval,4,fixed_8,Over-Drafting,8,1
humaneval,4,fixed_8,Over-Drafting,8,0
humaneval,4,fixed_8,Over-Drafting,8,1
humaneval,4,fixed_8,Over-Drafting,8,0
humaneval,5,fixed_8,Over-Drafting,8,1
humaneval,5,fixed_8,Over-Drafting,8,1
humaneval,6,fixed_8,Over-Drafting,8,1
humaneval,6,fixed_8,Over-Drafting,8,1
humaneval,9,fixed_8,Over-Drafting,8,1
humaneval,9,fixed_8,Over-Drafting,8,1
humaneval,9,fixed_8,Over-Drafting,8,1
humaneval,10,fixed_8,Over-Drafting,8,1
humaneval,10,fixed_8,Over-Drafting,8,0
humaneval,10,fixed_8,Over-Drafting,8,1
humaneval,12,fixed_8,Over-Drafting,8,1
humaneval,13,fixed_8,Over-Drafting,8,0
humaneval,14,fixed_8,Over-Drafting,8,1
humaneval,14,fixed_8,Over-Drafting,8,0
humaneval,15,fixed_8,Over-Drafting,8,1
humaneval,15,fixed_8,Over-Drafting,8,1
humaneval,17,fixed_8,Over-Drafting,8,1
humaneval,19,fixed_8,Over-Drafting,8,1
humaneval,19,fixed_8,Over-Drafting,8,1
humaneval,19,fixed_8,Over-Drafting,8,1
humaneval,20,fixed_8,Over-Drafting,8,0
humaneval,21,fixed_8,Over-Drafting,8,1
humaneval,21,fixed_8,Over-Drafting,8,0
humaneval,22,fixed_8,Over-Drafting,8,0
humaneval,22,fixed_8,Over-Drafting,8,1
humaneval,22,fixed_8,Over-Drafting,8,0
humaneval,23,fixed_8,Over-Drafting,8,1
humaneval,23,fixed_8,Over-Drafting,8,0
humaneval,24,fixed_8,Over-Drafting,8,1
humaneval,26,fixed_8,Over-Drafting,8,1
humaneval,27,fixed_8,Over-Drafting,8,1
humaneval,31,fixed_8,Over-Drafting,8,1
humaneval,32,fixed_8,Over-Drafting,8,1
humaneval,33,fixed_8,Over-Drafting,8,1
humaneval,33,fixed_8,Over-Drafting,8,1
humaneval,35,fixed_8,Over-Drafting,8,1
humaneval,36,fixed_8,Over-Drafting,8,1
humaneval,36,fixed_8,Over-Drafting,8,0
humaneval,37,fixed_8,Over-Drafting,8,1
humaneval,37,fixed_8,Over-Drafting,8,1
humaneval,37,fixed_8,Over-Drafting,8,0
humaneval,37,fixed_8,Over-Drafting,8,0
humaneval,39,fixed_8,Over-Drafting,8,1
humaneval,39,fixed_8,Over-Drafting,8,0
humaneval,39,fixed_8,Over-Drafting,8,0
humaneval,40,fixed_8,Over-Drafting,8,1
humaneval,40,fixed_8,Over-Drafting,8,0
humaneval,41,fixed_8,Over-Drafting,8,1
humaneval,41,fixed_8,Over-Drafting,8,0
humaneval,41,fixed_8,Over-Drafting,8,0
humaneval,42,fixed_8,Over-Drafting,8,1
humaneval,42,fixed_8,Over-Drafting,8,0
humaneval,42,fixed_8,Over-Drafting,8,0
humaneval,43,fixed_8,Over-Drafting,8,1
humaneval,44,fixed_8,Over-Drafting,8,0
humaneval,44,fixed_8,Over-Drafting,8,1
humaneval,44,fixed_8,Over-Drafting,8,0
humaneval,44,fixed_8,Over-Drafting,8,1
humaneval,44,fixed_8,Over-Drafting,8,1
humaneval,47,fixed_8,Over-Drafting,8,0
humaneval,48,fixed_8,Over-Drafting,8,0
humaneval,49,fixed_8,Over-Drafting,8,1
humaneval,49,fixed_8,Over-Drafting,8,1
humaneval,50,fixed_8,Over-Drafting,8,0
humaneval,51,fixed_8,Over-Drafting,8,0
humaneval,51,fixed_8,Over-Drafting,8,0
humaneval,51,fixed_8,Over-Drafting,8,0
humaneval,52,fixed_8,Over-Drafting,8,0
humaneval,52,fixed_8,Over-Drafting,8,0
humaneval,52,fixed_8,Over-Drafting,8,0
humaneval,52,fixed_8,Over-Drafting,8,0
humaneval,52,fixed_8,Over-Drafting,8,1
humaneval,52,fixed_8,Over-Drafting,8,0
humaneval,52,fixed_8,Over-Drafting,8,0
humaneval,52,fixed_8,Over-Drafting,8,0
humaneval,52,fixed_8,Over-Drafting,8,1
humaneval,52,fixed_8,Over-Drafting,8,1
humaneval,52,fixed_8,Over-Drafting,8,0
humaneval,55,fixed_8,Over-Drafting,8,1
humaneval,56,fixed_8,Over-Drafting,8,1
humaneval,56,fixed_8,Over-Drafting,8,0
humaneval,56,fixed_8,Over-Drafting,8,0
humaneval,56,fixed_8,Over-Drafting,8,1
humaneval,56,fixed_8,Over-Drafting,8,0
humaneval,57,fixed_8,Over-Drafting,8,0
humaneval,57,fixed_8,Over-Drafting,8,0
humaneval,58,fixed_8,Over-Drafting,8,1
humaneval,58,fixed_8,Over-Drafting,8,1
humaneval,58,fixed_8,Over-Drafting,8,1
humaneval,59,fixed_8,Over-Drafting,8,1
humaneval,59,fixed_8,Over-Drafting,8,0
humaneval,59,fixed_8,Over-Drafting,8,1
humaneval,59,fixed_8,Over-Drafting,8,0
humaneval,59,fixed_8,Over-Drafting,8,0
humaneval,59,fixed_8,Over-Drafting,8,0
humaneval,59,fixed_8,Over-Drafting,8,1
humaneval,59,fixed_8,Over-Drafting,8,0
humaneval,60,fixed_8,Over-Drafting,8,1
humaneval,60,fixed_8,Over-Drafting,8,1
humaneval,61,fixed_8,Over-Drafting,8,1
humaneval,61,fixed_8,Over-Drafting,8,1
humaneval,62,fixed_8,Over-Drafting,8,1
humaneval,62,fixed_8,Over-Drafting,8,1
humaneval,66,fixed_8,Over-Drafting,8,1
humaneval,66,fixed_8,Over-Drafting,8,0
humaneval,67,fixed_8,Over-Drafting,8,1
humaneval,67,fixed_8,Over-Drafting,8,0
humaneval,67,fixed_8,Over-Drafting,8,1
humaneval,67,fixed_8,Over-Drafting,8,0
humaneval,68,fixed_8,Over-Drafting,8,1
humaneval,68,fixed_8,Over-Drafting,8,0
humaneval,68,fixed_8,Over-Drafting,8,0
humaneval,68,fixed_8,Over-Drafting,8,0
humaneval,68,fixed_8,Over-Drafting,8,1
humaneval,68,fixed_8,Over-Drafting,8,0
humaneval,68,fixed_8,Over-Drafting,8,1
humaneval,68,fixed_8,Over-Drafting,8,0
humaneval,69,fixed_8,Over-Drafting,8,0
humaneval,69,fixed_8,Over-Drafting,8,0
humaneval,70,fixed_8,Over-Drafting,8,1
humaneval,70,fixed_8,Over-Drafting,8,0
humaneval,70,fixed_8,Over-Drafting,8,1
humaneval,70,fixed_8,Over-Drafting,8,0
humaneval,71,fixed_8,Over-Drafting,8,1
humaneval,71,fixed_8,Over-Drafting,8,0
humaneval,71,fixed_8,Over-Drafting,8,0
humaneval,71,fixed_8,Over-Drafting,8,0
humaneval,72,fixed_8,Over-Drafting,8,0
humaneval,72,fixed_8,Over-Drafting,8,0
humaneval,72,fixed_8,Over-Drafting,8,1
humaneval,75,fixed_8,Over-Drafting,8,1
humaneval,75,fixed_8,Over-Drafting,8,0
humaneval,75,fixed_8,Over-Drafting,8,1
humaneval,76,fixed_8,Over-Drafting,8,0
humaneval,77,fixed_8,Over-Drafting,8,1
humaneval,77,fixed_8,Over-Drafting,8,1
humaneval,77,fixed_8,Over-Drafting,8,0
humaneval,77,fixed_8,Over-Drafting,8,1
humaneval,77,fixed_8,Over-Drafting,8,0
humaneval,77,fixed_8,Over-Drafting,8,0
humaneval,77,fixed_8,Over-Drafting,8,1
humaneval,78,fixed_8,Over-Drafting,8,0
humaneval,78,fixed_8,Over-Drafting,8,1
humaneval,79,fixed_8,Over-Drafting,8,0
humaneval,80,fixed_8,Over-Drafting,8,1
humaneval,81,fixed_8,Over-Drafting,8,1
humaneval,81,fixed_8,Over-Drafting,8,0
humaneval,82,fixed_8,Over-Drafting,8,1
humaneval,82,fixed_8,Over-Drafting,8,0
humaneval,82,fixed_8,Over-Drafting,8,1
humaneval,82,fixed_8,Over-Drafting,8,1
humaneval,82,fixed_8,Over-Drafting,8,0
humaneval,82,fixed_8,Over-Drafting,8,0
humaneval,82,fixed_8,Over-Drafting,8,0
humaneval,82,fixed_8,Over-Drafting,8,0
humaneval,82,fixed_8,Over-Drafting,8,1
humaneval,82,fixed_8,Over-Drafting,8,0
humaneval,82,fixed_8,Over-Drafting,8,0
humaneval,83,fixed_8,Over-Drafting,8,1
humaneval,83,fixed_8,Over-Drafting,8,1
humaneval,83,fixed_8,Over-Drafting,8,0
humaneval,83,fixed_8,Over-Drafting,8,0
humaneval,83,fixed_8,Over-Drafting,8,0
humaneval,84,fixed_8,Over-Drafting,8,1
humaneval,85,fixed_8,Over-Drafting,8,1
humaneval,85,fixed_8,Over-Drafting,8,1
humaneval,86,fixed_8,Over-Drafting,8,0
humaneval,86,fixed_8,Over-Drafting,8,0
humaneval,86,fixed_8,Over-Drafting,8,0
humaneval,86,fixed_8,Over-Drafting,8,0
humaneval,86,fixed_8,Over-Drafting,8,0
humaneval,86,fixed_8,Over-Drafting,8,0
humaneval,86,fixed_8,Over-Drafting,8,0
humaneval,87,fixed_8,Over-Drafting,8,1
humaneval,87,fixed_8,Over-Drafting,8,0
humaneval,88,fixed_8,Over-Drafting,8,0
humaneval,89,fixed_8,Over-Drafting,8,1
humaneval,89,fixed_8,Over-Drafting,8,0
humaneval,89,fixed_8,Over-Drafting,8,0
humaneval,89,fixed_8,Over-Drafting,8,0
humaneval,90,fixed_8,Over-Drafting,8,1
humaneval,90,fixed_8,Over-Drafting,8,1
humaneval,90,fixed_8,Over-Drafting,8,1
humaneval,91,fixed_8,Over-Drafting,8,1
humaneval,91,fixed_8,Over-Drafting,8,0
humaneval,91,fixed_8,Over-Drafting,8,1
humaneval,92,fixed_8,Over-Drafting,8,1
humaneval,92,fixed_8,Over-Drafting,8,1
humaneval,94,fixed_8,Over-Drafting,8,0
humaneval,94,fixed_8,Over-Drafting,8,0
humaneval,94,fixed_8,Over-Drafting,8,0
humaneval,94,fixed_8,Over-Drafting,8,0
humaneval,94,fixed_8,Over-Drafting,8,0
humaneval,96,fixed_8,Over-Drafting,8,1
humaneval,96,fixed_8,Over-Drafting,8,0
humaneval,96,fixed_8,Over-Drafting,8,1
humaneval,97,fixed_8,Over-Drafting,8,1
humaneval,98,fixed_8,Over-Drafting,8,1
humaneval,98,fixed_8,Over-Drafting,8,0
humaneval,98,fixed_8,Over-Drafting,8,1
humaneval,98,fixed_8,Over-Drafting,8,0
humaneval,99,fixed_8,Over-Drafting,8,0
humaneval,99,fixed_8,Over-Drafting,8,0
humaneval,99,fixed_8,Over-Drafting,8,1
humaneval,99,fixed_8,Over-Drafting,8,1
humaneval,100,fixed_8,Over-Drafting,8,1
humaneval,100,fixed_8,Over-Drafting,8,0
humaneval,100,fixed_8,Over-Drafting,8,0
humaneval,101,fixed_8,Over-Drafting,8,0
humaneval,101,fixed_8,Over-Drafting,8,0
humaneval,103,fixed_8,Over-Drafting,8,0
humaneval,104,fixed_8,Over-Drafting,8,1
humaneval,104,fixed_8,Over-Drafting,8,0
humaneval,106,fixed_8,Over-Drafting,8,1
humaneval,106,fixed_8,Over-Drafting,8,0
humaneval,106,fixed_8,Over-Drafting,8,1
humaneval,107,fixed_8,Over-Drafting,8,1
humaneval,108,fixed_8,Over-Drafting,8,0
humaneval,108,fixed_8,Over-Drafting,8,1
humaneval,108,fixed_8,Over-Drafting,8,1
humaneval,109,fixed_8,Over-Drafting,8,1
humaneval,110,fixed_8,Over-Drafting,8,1
humaneval,110,fixed_8,Over-Drafting,8,0
humaneval,110,fixed_8,Over-Drafting,8,0
humaneval,111,fixed_8,Over-Drafting,8,0
humaneval,111,fixed_8,Over-Drafting,8,0
humaneval,111,fixed_8,Over-Drafting,8,0
humaneval,111,fixed_8,Over-Drafting,8,1
humaneval,111,fixed_8,Over-Drafting,8,1
humaneval,112,fixed_8,Over-Drafting,8,0
humaneval,112,fixed_8,Over-Drafting,8,1
humaneval,112,fixed_8,Over-Drafting,8,0
humaneval,112,fixed_8,Over-Drafting,8,0
humaneval,112,fixed_8,Over-Drafting,8,0
humaneval,112,fixed_8,Over-Drafting,8,1
humaneval,113,fixed_8,Over-Drafting,8,1
humaneval,113,fixed_8,Over-Drafting,8,1
humaneval,113,fixed_8,Over-Drafting,8,0
humaneval,113,fixed_8,Over-Drafting,8,1
humaneval,113,fixed_8,Over-Drafting,8,1
humaneval,113,fixed_8,Over-Drafting,8,0
humaneval,113,fixed_8,Over-Drafting,8,0
humaneval,114,fixed_8,Over-Drafting,8,1
humaneval,115,fixed_8,Over-Drafting,8,1
humaneval,115,fixed_8,Over-Drafting,8,1
humaneval,115,fixed_8,Over-Drafting,8,0
humaneval,116,fixed_8,Over-Drafting,8,1
humaneval,116,fixed_8,Over-Drafting,8,0
humaneval,116,fixed_8,Over-Drafting,8,1
humaneval,116,fixed_8,Over-Drafting,8,0
humaneval,116,fixed_8,Over-Drafting,8,0
humaneval,117,fixed_8,Over-Drafting,8,0
humaneval,117,fixed_8,Over-Drafting,8,1
humaneval,118,fixed_8,Over-Drafting,8,1
humaneval,119,fixed_8,Over-Drafting,8,0
humaneval,120,fixed_8,Over-Drafting,8,1
humaneval,120,fixed_8,Over-Drafting,8,1
humaneval,120,fixed_8,Over-Drafting,8,0
humaneval,120,fixed_8,Over-Drafting,8,0
humaneval,122,fixed_8,Over-Drafting,8,0
humaneval,122,fixed_8,Over-Drafting,8,0
humaneval,123,fixed_8,Over-Drafting,8,1
humaneval,123,fixed_8,Over-Drafting,8,0
humaneval,123,fixed_8,Over-Drafting,8,0
humaneval,123,fixed_8,Over-Drafting,8,1
humaneval,123,fixed_8,Over-Drafting,8,1
humaneval,123,fixed_8,Over-Drafting,8,0
humaneval,124,fixed_8,Over-Drafting,8,0
humaneval,124,fixed_8,Over-Drafting,8,0
humaneval,125,fixed_8,Over-Drafting,8,0
humaneval,125,fixed_8,Over-Drafting,8,0
humaneval,125,fixed_8,Over-Drafting,8,1
humaneval,125,fixed_8,Over-Drafting,8,1
humaneval,125,fixed_8,Over-Drafting,8,0
humaneval,125,fixed_8,Over-Drafting,8,0
humaneval,125,fixed_8,Over-Drafting,8,1
humaneval,126,fixed_8,Over-Drafting,8,1
humaneval,126,fixed_8,Over-Drafting,8,0
humaneval,126,fixed_8,Over-Drafting,8,1
humaneval,126,fixed_8,Over-Drafting,8,1
humaneval,126,fixed_8,Over-Drafting,8,0
humaneval,126,fixed_8,Over-Drafting,8,0
humaneval,127,fixed_8,Over-Drafting,8,1
humaneval,127,fixed_8,Over-Drafting,8,0
humaneval,128,fixed_8,Over-Drafting,8,1
humaneval,128,fixed_8,Over-Drafting,8,0
humaneval,128,fixed_8,Over-Drafting,8,0
humaneval,128,fixed_8,Over-Drafting,8,0
humaneval,128,fixed_8,Over-Drafting,8,0
humaneval,128,fixed_8,Over-Drafting,8,0
humaneval,128,fixed_8,Over-Drafting,8,0
humaneval,128,fixed_8,Over-Drafting,8,0
humaneval,128,fixed_8,Over-Drafting,8,0
humaneval,128,fixed_8,Over-Drafting,8,0
humaneval,128,fixed_8,Over-Drafting,8,0
humaneval,128,fixed_8,Over-Drafting,8,1
humaneval,128,fixed_8,Over-Drafting,8,0
humaneval,129,fixed_8,Over-Drafting,8,1
humaneval,129,fixed_8,Over-Drafting,8,0
humaneval,131,fixed_8,Over-Drafting,8,0
humaneval,131,fixed_8,Over-Drafting,8,0
humaneval,131,fixed_8,Over-Drafting,8,0
humaneval,133,fixed_8,Over-Drafting,8,1
humaneval,133,fixed_8,Over-Drafting,8,0
humaneval,135,fixed_8,Over-Drafting,8,1
humaneval,135,fixed_8,Over-Drafting,8,0
humaneval,135,fixed_8,Over-Drafting,8,0
humaneval,135,fixed_8,Over-Drafting,8,0
humaneval,135,fixed_8,Over-Drafting,8,0
humaneval,135,fixed_8,Over-Drafting,8,1
humaneval,135,fixed_8,Over-Drafting,8,1
humaneval,135,fixed_8,Over-Drafting,8,0
humaneval,135,fixed_8,Over-Drafting,8,0
humaneval,136,fixed_8,Over-Drafting,8,0
humaneval,136,fixed_8,Over-Drafting,8,0
humaneval,137,fixed_8,Over-Drafting,8,1
humaneval,137,fixed_8,Over-Drafting,8,0
humaneval,137,fixed_8,Over-Drafting,8,1
humaneval,137,fixed_8,Over-Drafting,8,0
humaneval,137,fixed_8,Over-Drafting,8,1
humaneval,138,fixed_8,Over-Drafting,8,1
humaneval,138,fixed_8,Over-Drafting,8,0
humaneval,138,fixed_8,Over-Drafting,8,0
humaneval,138,fixed_8,Over-Drafting,8,0
humaneval,138,fixed_8,Over-Drafting,8,1
humaneval,138,fixed_8,Over-Drafting,8,0
humaneval,138,fixed_8,Over-Drafting,8,0
humaneval,138,fixed_8,Over-Drafting,8,0
humaneval,139,fixed_8,Over-Drafting,8,1
humaneval,139,fixed_8,Over-Drafting,8,0
humaneval,139,fixed_8,Over-Drafting,8,0
humaneval,139,fixed_8,Over-Drafting,8,1
humaneval,139,fixed_8,Over-Drafting,8,1
humaneval,139,fixed_8,Over-Drafting,8,1
humaneval,140,fixed_8,Over-Drafting,8,1
humaneval,140,fixed_8,Over-Drafting,8,1
humaneval,140,fixed_8,Over-Drafting,8,0
humaneval,141,fixed_8,Over-Drafting,8,0
humaneval,142,fixed_8,Over-Drafting,8,1
humaneval,142,fixed_8,Over-Drafting,8,0
humaneval,143,fixed_8,Over-Drafting,8,0
humaneval,143,fixed_8,Over-Drafting,8,1
humaneval,144,fixed_8,Over-Drafting,8,0
humaneval,144,fixed_8,Over-Drafting,8,0
humaneval,145,fixed_8,Over-Drafting,8,0
humaneval,146,fixed_8,Over-Drafting,8,1
humaneval,147,fixed_8,Over-Drafting,8,1
humaneval,147,fixed_8,Over-Drafting,8,1
humaneval,147,fixed_8,Over-Drafting,8,0
humaneval,147,fixed_8,Over-Drafting,8,0
humaneval,147,fixed_8,Over-Drafting,8,1
humaneval,148,fixed_8,Over-Drafting,8,1
humaneval,148,fixed_8,Over-Drafting,8,1
humaneval,148,fixed_8,Over-Drafting,8,0
humaneval,150,fixed_8,Over-Drafting,8,0
humaneval,151,fixed_8,Over-Drafting,8,1
humaneval,151,fixed_8,Over-Drafting,8,1
humaneval,151,fixed_8,Over-Drafting,8,0
humaneval,153,fixed_8,Over-Drafting,8,0
humaneval,153,fixed_8,Over-Drafting,8,1
humaneval,153,fixed_8,Over-Drafting,8,0
humaneval,153,fixed_8,Over-Drafting,8,0
humaneval,154,fixed_8,Over-Drafting,8,1
humaneval,154,fixed_8,Over-Drafting,8,0
humaneval,154,fixed_8,Over-Drafting,8,0
humaneval,155,fixed_8,Over-Drafting,8,0
humaneval,155,fixed_8,Over-Drafting,8,0
humaneval,156,fixed_8,Over-Drafting,8,1
humaneval,157,fixed_8,Over-Drafting,8,0
humaneval,158,fixed_8,Over-Drafting,8,0
humaneval,158,fixed_8,Over-Drafting,8,1
humaneval,159,fixed_8,Over-Drafting,8,1
humaneval,159,fixed_8,Over-Drafting,8,0
humaneval,159,fixed_8,Over-Drafting,8,1
humaneval,160,fixed_8,Over-Drafting,8,1
humaneval,161,fixed_8,Over-Drafting,8,1
humaneval,161,fixed_8,Over-Drafting,8,0
humaneval,162,fixed_8,Over-Drafting,8,1
humaneval,162,fixed_8,Over-Drafting,8,0
humaneval,163,fixed_8,Over-Drafting,8,1
humaneval,163,fixed_8,Over-Drafting,8,0
humaneval,52,entropy,Over-Drafting,8,1
humaneval,0,epsilon_greedy,Under-Drafting,1,0.08080562204122543
humaneval,0,epsilon_greedy,Under-Drafting,1,0.03730170428752899
humaneval,0,epsilon_greedy,Under-Drafting,1,0.030329233035445213
humaneval,0,epsilon_greedy,Under-Drafting,1,0.16258443892002106
humaneval,0,epsilon_greedy,Under-Drafting,1,0.02420802228152752
humaneval,0,epsilon_greedy,Under-Drafting,1,0.01789245381951332
humaneval,0,epsilon_greedy,Under-Drafting,1,0.025680486112833023
humaneval,0,epsilon_greedy,Under-Drafting,1,0.15762023627758026
humaneval,0,epsilon_greedy,Under-Drafting,1,0.04735306277871132
humaneval,0,epsilon_greedy,Under-Drafting,1,0.050933871418237686
humaneval,0,epsilon_greedy,Under-Drafting,1,0.047976523637771606
humaneval,0,epsilon_greedy,Under-Drafting,1,0.16174201667308807
humaneval,0,epsilon_greedy,Under-Drafting,1,0.02025383710861206
humaneval,0,epsilon_greedy,Under-Drafting,1,0.1072782576084137
humaneval,0,epsilon_greedy,Under-Drafting,1,0.0997675284743309
humaneval,0,epsilon_greedy,Under-Drafting,1,0.012560044415295124
humaneval,1,epsilon_greedy,Under-Drafting,1,0.06063215807080269
humaneval,1,epsilon_greedy,Under-Drafting,1,0.047589898109436035
humaneval,1,epsilon_greedy,Under-Drafting,1,0.007823978550732136
humaneval,1,epsilon_greedy,Under-Drafting,1,0.0673813596367836
humaneval,1,epsilon_greedy,Under-Drafting,1,0.0015766447177156806
humaneval,1,epsilon_greedy,Under-Drafting,1,0.10849477350711823
humaneval,1,epsilon_greedy,Under-Drafting,1,0.08766325563192368
humaneval,2,epsilon_greedy,Under-Drafting,1,0.05760746821761131
humaneval,2,epsilon_greedy,Under-Drafting,1,0.013770775869488716
humaneval,2,epsilon_greedy,Under-Drafting,1,0.09708257019519806
humaneval,2,epsilon_greedy,Under-Drafting,1,0.07860884070396423
humaneval,2,epsilon_greedy,Under-Drafting,1,0.09876935184001923
humaneval,2,epsilon_greedy,Under-Drafting,1,0.09667789936065674
humaneval,2,epsilon_greedy,Under-Drafting,1,0.017222903668880463
humaneval,2,epsilon_greedy,Under-Drafting,1,0.010167377069592476
humaneval,2,epsilon_greedy,Under-Drafting,1,0.04519093781709671
humaneval,2,epsilon_greedy,Under-Drafting,1,0.16234846413135529
humaneval,4,epsilon_greedy,Under-Drafting,1,0.19420012831687927
humaneval,4,epsilon_greedy,Under-Drafting,1,0.06860756129026413
humaneval,4,epsilon_greedy,Under-Drafting,1,0.17461641132831573
humaneval,4,epsilon_greedy,Under-Drafting,1,0.15182603895664215
humaneval,4,epsilon_greedy,Under-Drafting,1,0.05085719749331474
humaneval,5,epsilon_greedy,Under-Drafting,1,0.04361840710043907
humaneval,5,epsilon_greedy,Under-Drafting,1,0.06452632695436478
humaneval,5,epsilon_greedy,Under-Drafting,1,0.015134845860302448
humaneval,5,epsilon_greedy,Under-Drafting,1,0.011793889105319977
humaneval,5,epsilon_greedy,Under-Drafting,1,0.0070100524462759495
humaneval,5,epsilon_greedy,Under-Drafting,1,0.10749487578868866
humaneval,5,epsilon_greedy,Under-Drafting,1,0.036672379821538925
humaneval,5,epsilon_greedy,Under-Drafting,1,0.0010276150424033403
humaneval,5,epsilon_greedy,Under-Drafting,1,0.023117585107684135
humaneval,5,epsilon_greedy,Under-Drafting,1,0.07110659778118134
humaneval,6,epsilon_greedy,Under-Drafting,1,0.03931507095694542
humaneval,6,epsilon_greedy,Under-Drafting,1,0.1564122438430786
humaneval,6,epsilon_greedy,Under-Drafting,1,0.16800028085708618
humaneval,6,epsilon_greedy,Under-Drafting,1,0.06122126430273056
humaneval,6,epsilon_greedy,Under-Drafting,1,0.002514279680326581
humaneval,6,epsilon_greedy,Under-Drafting,1,0.06976306438446045
humaneval,6,epsilon_greedy,Under-Drafting,1,0.15123938024044037
humaneval,6,epsilon_greedy,Under-Drafting,1,0.08654303848743439
humaneval,6,epsilon_greedy,Under-Drafting,1,0.048254236578941345
humaneval,6,epsilon_greedy,Under-Drafting,1,0.1910991370677948
humaneval,6,epsilon_greedy,Under-Drafting,1,0.06453962624073029
humaneval,7,epsilon_greedy,Under-Drafting,1,0.08024190366268158
humaneval,7,epsilon_greedy,Under-Drafting,1,0.022043751552700996
humaneval,7,epsilon_greedy,Under-Drafting,1,0.04334688559174538
humaneval,7,epsilon_greedy,Under-Drafting,1,0.1628163605928421
humaneval,7,epsilon_greedy,Under-Drafting,1,0.10475102066993713
humaneval,7,epsilon_greedy,Under-Drafting,1,0.028238900005817413
humaneval,7,epsilon_greedy,Under-Drafting,1,0.01895340159535408
humaneval,7,epsilon_greedy,Under-Drafting,1,0.010941725224256516
humaneval,7,epsilon_greedy,Under-Drafting,1,0.17965570092201233
humaneval,7,epsilon_greedy,Under-Drafting,1,0.019829686731100082
humaneval,7,epsilon_greedy,Under-Drafting,1,0.057317521423101425
humaneval,7,epsilon_greedy,Under-Drafting,1,0.05560406297445297
humaneval,7,epsilon_greedy,Under-Drafting,1,0.001423374516889453
humaneval,7,epsilon_greedy,Under-Drafting,1,0.003567078849300742
humaneval,7,epsilon_greedy,Under-Drafting,1,0.005381403490900993
humaneval,7,epsilon_greedy,Under-Drafting,1,0.04090866073966026
humaneval,8,epsilon_greedy,Under-Drafting,1,0.11191518604755402
humaneval,8,epsilon_greedy,Under-Drafting,1,0.04067656770348549
humaneval,8,epsilon_greedy,Under-Drafting,1,0.03004060685634613
humaneval,8,epsilon_greedy,Under-Drafting,1,0.008842170238494873
humaneval,8,epsilon_greedy,Under-Drafting,1,0.00040825383621267974
humaneval,8,epsilon_greedy,Under-Drafting,1,0.05897181108593941
humaneval,8,epsilon_greedy,Under-Drafting,1,0.010414106771349907
humaneval,9,epsilon_greedy,Under-Drafting,1,0.04510372504591942
humaneval,9,epsilon_greedy,Under-Drafting,1,0.01743326336145401
humaneval,9,epsilon_greedy,Under-Drafting,1,0.04947094991803169
humaneval,9,epsilon_greedy,Under-Drafting,1,0.0010991295566782355
humaneval,9,epsilon_greedy,Under-Drafting,1,0.035547126084566116
humaneval,9,epsilon_greedy,Under-Drafting,1,0.010395102202892303
humaneval,9,epsilon_greedy,Under-Drafting,1,0.03443042188882828
humaneval,9,epsilon_greedy,Under-Drafting,1,0.10697640478610992
humaneval,9,epsilon_greedy,Under-Drafting,1,0.1399865746498108
humaneval,9,epsilon_greedy,Under-Drafting,1,0.04568137973546982
humaneval,9,epsilon_greedy,Under-Drafting,1,0.007921571843326092
humaneval,9,epsilon_greedy,Under-Drafting,1,0.018453549593687057
humaneval,9,epsilon_greedy,Under-Drafting,1,0.064633309841156
humaneval,9,epsilon_greedy,Under-Drafting,1,0.09482482820749283
humaneval,10,epsilon_greedy,Under-Drafting,1,0.10816787928342819
humaneval,10,epsilon_greedy,Under-Drafting,1,0.072880819439888
humaneval,10,epsilon_greedy,Under-Drafting,1,0.09177019447088242
humaneval,10,epsilon_greedy,Under-Drafting,1,0.023835262283682823
humaneval,10,epsilon_greedy,Under-Drafting,1,0.012096956372261047
humaneval,10,epsilon_greedy,Under-Drafting,1,0.07877061516046524
humaneval,10,epsilon_greedy,Under-Drafting,1,0.024009671062231064
humaneval,10,epsilon_greedy,Under-Drafting,1,0.16544455289840698
humaneval,10,epsilon_greedy,Under-Drafting,1,0.04122087359428406
humaneval,10,epsilon_greedy,Under-Drafting,1,0.19267097115516663
humaneval,10,epsilon_greedy,Under-Drafting,1,0.0011936434311792254
humaneval,11,epsilon_greedy,Under-Drafting,1,0.06671716272830963
humaneval,11,epsilon_greedy,Under-Drafting,1,0.1741739958524704
humaneval,11,epsilon_greedy,Under-Drafting,1,0.04529168829321861
humaneval,11,epsilon_greedy,Under-Drafting,1,0.02652117609977722
humaneval,11,epsilon_greedy,Under-Drafting,1,0.1824062317609787
humaneval,11,epsilon_greedy,Under-Drafting,1,0.11573798209428787
humaneval,11,epsilon_greedy,Under-Drafting,1,0.011203724890947342
humaneval,11,epsilon_greedy,Under-Drafting,1,0.12201236188411713
humaneval,11,epsilon_greedy,Under-Drafting,1,0.023173410445451736
humaneval,11,epsilon_greedy,Under-Drafting,1,0.02178659290075302
humaneval,11,epsilon_greedy,Under-Drafting,1,0.007073416840285063
humaneval,11,epsilon_greedy,Under-Drafting,1,0.12463584542274475
humaneval,11,epsilon_greedy,Under-Drafting,1,0.00745325768366456
humaneval,11,epsilon_greedy,Under-Drafting,1,0.018250398337841034
humaneval,11,epsilon_greedy,Under-Drafting,1,0.11133944243192673
humaneval,11,epsilon_greedy,Under-Drafting,1,0.08476220816373825
humaneval,11,epsilon_greedy,Under-Drafting,1,0.05435822159051895
humaneval,12,epsilon_greedy,Under-Drafting,1,0.06644599139690399
humaneval,12,epsilon_greedy,Under-Drafting,1,0.014153257943689823
humaneval,12,epsilon_greedy,Under-Drafting,1,0.0027502463199198246
humaneval,12,epsilon_greedy,Under-Drafting,1,0.01848609745502472
humaneval,12,epsilon_greedy,Under-Drafting,1,0.0013115066103637218
humaneval,12,epsilon_greedy,Under-Drafting,1,0.019392339512705803
humaneval,12,epsilon_greedy,Under-Drafting,1,0.08710432052612305
humaneval,12,epsilon_greedy,Under-Drafting,1,0.0012205231469124556
humaneval,12,epsilon_greedy,Under-Drafting,1,0.0050497897900640965
humaneval,13,epsilon_greedy,Under-Drafting,1,0.01665160246193409
humaneval,13,epsilon_greedy,Under-Drafting,1,0.1118197962641716
humaneval,13,epsilon_greedy,Under-Drafting,1,0.015028687193989754
humaneval,13,epsilon_greedy,Under-Drafting,1,0.08166195452213287
humaneval,13,epsilon_greedy,Under-Drafting,1,0.009389625862240791
humaneval,13,epsilon_greedy,Under-Drafting,1,0.090488500893116
humaneval,13,epsilon_greedy,Under-Drafting,1,0.046450190246105194
humaneval,14,epsilon_greedy,Under-Drafting,1,0.06899958848953247
humaneval,14,epsilon_greedy,Under-Drafting,1,0.0033637301530689
humaneval,14,epsilon_greedy,Under-Drafting,1,0.12901955842971802
humaneval,14,epsilon_greedy,Under-Drafting,1,0.14678193628787994
humaneval,14,epsilon_greedy,Under-Drafting,1,0.011711901053786278
humaneval,14,epsilon_greedy,Under-Drafting,1,0.0014118575491011143
humaneval,14,epsilon_greedy,Under-Drafting,1,0.00046301865950226784
humaneval,14,epsilon_greedy,Under-Drafting,1,0.018979426473379135
humaneval,14,epsilon_greedy,Over-Drafting,8,0
humaneval,14,epsilon_greedy,Under-Drafting,1,0.18954876065254211
humaneval,14,epsilon_greedy,Under-Drafting,1,0.1648295521736145
humaneval,14,epsilon_greedy,Under-Drafting,1,0.16964411735534668
humaneval,14,epsilon_greedy,Under-Drafting,1,0.03348599374294281
humaneval,15,epsilon_greedy,Under-Drafting,1,0.17325562238693237
humaneval,15,epsilon_greedy,Under-Drafting,1,0.008095812983810902
humaneval,15,epsilon_greedy,Under-Drafting,1,0.047718070447444916
humaneval,15,epsilon_greedy,Under-Drafting,1,0.012243942357599735
humaneval,15,epsilon_greedy,Under-Drafting,1,0.015329449437558651
humaneval,15,epsilon_greedy,Under-Drafting,1,0.11013935506343842
humaneval,15,epsilon_greedy,Under-Drafting,1,0.10411480069160461
humaneval,15,epsilon_greedy,Under-Drafting,1,0.1176382526755333
humaneval,15,epsilon_greedy,Under-Drafting,1,0.010451901704072952
humaneval,15,epsilon_greedy,Under-Drafting,1,0.021454891189932823
humaneval,16,epsilon_greedy,Under-Drafting,1,0.10040392726659775
humaneval,16,epsilon_greedy,Under-Drafting,1,0.19959087669849396
humaneval,16,epsilon_greedy,Under-Drafting,1,0.004155059810727835
humaneval,16,epsilon_greedy,Under-Drafting,1,0.0018331597093492746
humaneval,16,epsilon_greedy,Under-Drafting,1,0.04159212484955788
humaneval,16,epsilon_greedy,Under-Drafting,1,0.006416714750230312
humaneval,16,epsilon_greedy,Under-Drafting,1,0.021112456917762756
humaneval,16,epsilon_greedy,Under-Drafting,1,0.0850553810596466
humaneval,16,epsilon_greedy,Under-Drafting,1,0.0010627333540469408
humaneval,16,epsilon_greedy,Under-Drafting,1,0.0013392954133450985
humaneval,16,epsilon_greedy,Under-Drafting,1,0.1297042965888977
humaneval,17,epsilon_greedy,Under-Drafting,1,0.07292738556861877
humaneval,17,epsilon_greedy,Under-Drafting,1,0.07850328832864761
humaneval,17,epsilon_greedy,Under-Drafting,1,0.0029299098532646894
humaneval,17,epsilon_greedy,Under-Drafting,1,0.008344129659235477
humaneval,17,epsilon_greedy,Under-Drafting,1,0.013889744877815247
humaneval,17,epsilon_greedy,Under-Drafting,1,0.03175342455506325
humaneval,17,epsilon_greedy,Under-Drafting,1,0.1416744589805603
humaneval,17,epsilon_greedy,Under-Drafting,1,0.07709486782550812
humaneval,17,epsilon_greedy,Under-Drafting,1,0.011477340012788773
humaneval,17,epsilon_greedy,Under-Drafting,1,0.076678067445755
humaneval,17,epsilon_greedy,Under-Drafting,1,0.0059916237369179726
humaneval,17,epsilon_greedy,Under-Drafting,1,0.04402066022157669
humaneval,17,epsilon_greedy,Under-Drafting,1,0.013882898725569248
humaneval,17,epsilon_greedy,Under-Drafting,1,0.09651048481464386
humaneval,17,epsilon_greedy,Under-Drafting,1,0.04320397973060608
humaneval,17,epsilon_greedy,Under-Drafting,1,0.17159108817577362
humaneval,17,epsilon_greedy,Under-Drafting,1,0.025545476004481316
humaneval,17,epsilon_greedy,Under-Drafting,1,0.1666339784860611
humaneval,17,epsilon_greedy,Under-Drafting,1,0.01595754362642765
humaneval,17,epsilon_greedy,Under-Drafting,1,0.03323109820485115
humaneval,18,epsilon_greedy,Under-Drafting,1,0.1914321780204773
humaneval,18,epsilon_greedy,Under-Drafting,1,0.04498105123639107
humaneval,18,epsilon_greedy,Under-Drafting,1,0.19502563774585724
humaneval,18,epsilon_greedy,Under-Drafting,1,0.10255435109138489
humaneval,18,epsilon_greedy,Under-Drafting,1,0.12018360197544098
humaneval,18,epsilon_greedy,Under-Drafting,1,0.052054427564144135
humaneval,18,epsilon_greedy,Under-Drafting,1,0.19683809578418732
humaneval,18,epsilon_greedy,Under-Drafting,1,0.0033212900161743164
humaneval,18,epsilon_greedy,Under-Drafting,1,0.04680197685956955
humaneval,18,epsilon_greedy,Under-Drafting,1,0.09389583766460419
humaneval,18,epsilon_greedy,Under-Drafting,1,0.0862947627902031
humaneval,18,epsilon_greedy,Under-Drafting,1,0.030797820538282394
humaneval,18,epsilon_greedy,Under-Drafting,1,0.0026064442936331034
humaneval,18,epsilon_greedy,Under-Drafting,1,0.07538455724716187
humaneval,19,epsilon_greedy,Under-Drafting,1,0.11083139479160309
humaneval,19,epsilon_greedy,Under-Drafting,1,0.03757686913013458
humaneval,19,epsilon_greedy,Under-Drafting,1,0.15334013104438782
humaneval,19,epsilon_greedy,Under-Drafting,1,0.008974109776318073
humaneval,20,epsilon_greedy,Under-Drafting,1,0.1504211723804474
humaneval,20,epsilon_greedy,Under-Drafting,1,0.06330333650112152
humaneval,20,epsilon_greedy,Under-Drafting,1,0.114423468708992
humaneval,20,epsilon_greedy,Under-Drafting,1,0.12410963326692581
humaneval,20,epsilon_greedy,Under-Drafting,1,0.17642268538475037
humaneval,20,epsilon_greedy,Under-Drafting,1,0.01738549768924713
humaneval,20,epsilon_greedy,Under-Drafting,1,0.031697873026132584
humaneval,20,epsilon_greedy,Under-Drafting,1,0.19790275394916534
humaneval,20,epsilon_greedy,Under-Drafting,1,0.03259844332933426
humaneval,20,epsilon_greedy,Under-Drafting,1,0.03501424938440323
humaneval,20,epsilon_greedy,Under-Drafting,1,0.022167401388287544
humaneval,20,epsilon_greedy,Under-Drafting,1,0.15726158022880554
humaneval,21,epsilon_greedy,Under-Drafting,1,0.08145386725664139
humaneval,21,epsilon_greedy,Under-Drafting,1,0.09875261783599854
humaneval,21,epsilon_greedy,Under-Drafting,1,0.0028149907011538744
humaneval,21,epsilon_greedy,Under-Drafting,1,0.026868494227528572
humaneval,21,epsilon_greedy,Under-Drafting,1,0.030535412952303886
humaneval,21,epsilon_greedy,Under-Drafting,1,0.1417018324136734
humaneval,21,epsilon_greedy,Under-Drafting,1,0.02177410200238228
humaneval,21,epsilon_greedy,Under-Drafting,1,0.02029811032116413
humaneval,21,epsilon_greedy,Under-Drafting,1,0.016771303489804268
humaneval,21,epsilon_greedy,Under-Drafting,1,0.025279829278588295
humaneval,21,epsilon_greedy,Under-Drafting,1,0.10608929395675659
humaneval,21,epsilon_greedy,Under-Drafting,1,0.06964804977178574
humaneval,21,epsilon_greedy,Under-Drafting,1,0.06004403531551361
humaneval,21,epsilon_greedy,Under-Drafting,1,0.10095272958278656
humaneval,22,epsilon_greedy,Under-Drafting,1,0.06222473829984665
humaneval,22,epsilon_greedy,Under-Drafting,1,0.03860493004322052
humaneval,22,epsilon_greedy,Under-Drafting,1,0.020719006657600403
humaneval,22,epsilon_greedy,Under-Drafting,1,0.0006627843831665814
humaneval,22,epsilon_greedy,Under-Drafting,1,0.06741444766521454
humaneval,22,epsilon_greedy,Under-Drafting,1,0.005586578510701656
humaneval,22,epsilon_greedy,Under-Drafting,1,0.0017624711617827415
humaneval,22,epsilon_greedy,Under-Drafting,1,0.006270408630371094
humaneval,22,epsilon_greedy,Under-Drafting,1,0.04053917154669762
humaneval,22,epsilon_greedy,Under-Drafting,1,0.0684000551700592
humaneval,22,epsilon_greedy,Under-Drafting,1,0.1684272438287735
humaneval,23,epsilon_greedy,Under-Drafting,1,0.10799010097980499
humaneval,23,epsilon_greedy,Under-Drafting,1,0.025054432451725006
humaneval,23,epsilon_greedy,Under-Drafting,1,0.003475804813206196
humaneval,24,epsilon_greedy,Under-Drafting,1,0.10869963467121124
humaneval,24,epsilon_greedy,Under-Drafting,1,0.08582255989313126
humaneval,24,epsilon_greedy,Under-Drafting,1,0.07605086266994476
humaneval,24,epsilon_greedy,Under-Drafting,1,0.034380052238702774
humaneval,24,epsilon_greedy,Under-Drafting,1,0.030872546136379242
humaneval,24,epsilon_greedy,Under-Drafting,1,0.06165673956274986
humaneval,24,epsilon_greedy,Under-Drafting,1,0.06994543224573135
humaneval,24,epsilon_greedy,Under-Drafting,1,0.030952751636505127
humaneval,24,epsilon_greedy,Under-Drafting,1,0.06669554114341736
humaneval,25,epsilon_greedy,Under-Drafting,1,0.06533898413181305
humaneval,25,epsilon_greedy,Under-Drafting,1,0.03501538932323456
humaneval,25,epsilon_greedy,Under-Drafting,1,0.025818537920713425
humaneval,25,epsilon_greedy,Under-Drafting,1,0.00323287770152092
humaneval,25,epsilon_greedy,Under-Drafting,1,0.1951504796743393
humaneval,25,epsilon_greedy,Under-Drafting,1,0.09361178427934647
humaneval,25,epsilon_greedy,Under-Drafting,1,0.008634813129901886
humaneval,25,epsilon_greedy,Under-Drafting,1,0.1806260198354721
humaneval,25,epsilon_greedy,Under-Drafting,1,0.12597841024398804
humaneval,25,epsilon_greedy,Under-Drafting,1,0.010476794093847275
humaneval,25,epsilon_greedy,Under-Drafting,1,0.05419298633933067
humaneval,25,epsilon_greedy,Under-Drafting,1,0.016744129359722137
humaneval,25,epsilon_greedy,Under-Drafting,1,0.008266913704574108
humaneval,25,epsilon_greedy,Under-Drafting,1,0.033510517328977585
humaneval,26,epsilon_greedy,Under-Drafting,1,0.05436406657099724
humaneval,26,epsilon_greedy,Under-Drafting,1,0.09243802726268768
humaneval,26,epsilon_greedy,Under-Drafting,1,0.038656484335660934
humaneval,26,epsilon_greedy,Under-Drafting,1,0.10908031463623047
humaneval,26,epsilon_greedy,Under-Drafting,1,0.05559948831796646
humaneval,26,epsilon_greedy,Under-Drafting,1,0.06804312020540237
humaneval,26,epsilon_greedy,Under-Drafting,1,0.02388114482164383
humaneval,26,epsilon_greedy,Under-Drafting,1,0.05475836247205734
humaneval,26,epsilon_greedy,Under-Drafting,1,0.12783196568489075
humaneval,26,epsilon_greedy,Under-Drafting,1,0.06214373931288719
humaneval,26,epsilon_greedy,Under-Drafting,1,0.15083885192871094
humaneval,26,epsilon_greedy,Under-Drafting,1,0.10607999563217163
humaneval,26,epsilon_greedy,Under-Drafting,1,0.190416157245636
humaneval,26,epsilon_greedy,Under-Drafting,1,0.08547548949718475
humaneval,26,epsilon_greedy,Under-Drafting,1,0.13991858065128326
humaneval,26,epsilon_greedy,Under-Drafting,1,0.15831258893013
humaneval,26,epsilon_greedy,Under-Drafting,1,0.015749288722872734
humaneval,26,epsilon_greedy,Under-Drafting,1,0.004923943430185318
humaneval,26,epsilon_greedy,Under-Drafting,1,0.009748167358338833
humaneval,26,epsilon_greedy,Under-Drafting,1,0.03095616027712822
humaneval,27,epsilon_greedy,Under-Drafting,1,0.02676180750131607
humaneval,27,epsilon_greedy,Under-Drafting,1,0.020624496042728424
humaneval,27,epsilon_greedy,Under-Drafting,1,0.002126032020896673
humaneval,27,epsilon_greedy,Under-Drafting,1,0.1053466796875
humaneval,27,epsilon_greedy,Under-Drafting,1,0.18820495903491974
humaneval,27,epsilon_greedy,Under-Drafting,1,0.017741266638040543
humaneval,27,epsilon_greedy,Under-Drafting,1,0.0030522847082465887
humaneval,27,epsilon_greedy,Under-Drafting,1,0.06373375654220581
humaneval,27,epsilon_greedy,Under-Drafting,1,0.0028420924209058285
humaneval,27,epsilon_greedy,Under-Drafting,1,0.07823893427848816
humaneval,27,epsilon_greedy,Under-Drafting,1,0.038905926048755646
humaneval,27,epsilon_greedy,Under-Drafting,1,0.006967830006033182
humaneval,27,epsilon_greedy,Under-Drafting,1,0.09010308980941772
humaneval,28,epsilon_greedy,Under-Drafting,1,0.0718822181224823
humaneval,28,epsilon_greedy,Under-Drafting,1,0.016925059258937836
humaneval,28,epsilon_greedy,Under-Drafting,1,0.0026416312903165817
humaneval,28,epsilon_greedy,Under-Drafting,1,0.0792815312743187
humaneval,28,epsilon_greedy,Under-Drafting,1,0.003977062646299601
humaneval,28,epsilon_greedy,Under-Drafting,1,0.10187672078609467
humaneval,28,epsilon_greedy,Under-Drafting,1,0.002284994348883629
humaneval,28,epsilon_greedy,Under-Drafting,1,0.005831714253872633
humaneval,28,epsilon_greedy,Under-Drafting,1,0.07810109853744507
humaneval,28,epsilon_greedy,Under-Drafting,1,0.0046321554109454155
humaneval,28,epsilon_greedy,Under-Drafting,1,0.00549844466149807
humaneval,29,epsilon_greedy,Under-Drafting,1,0.05147688090801239
humaneval,29,epsilon_greedy,Under-Drafting,1,0.1335136890411377
humaneval,29,epsilon_greedy,Under-Drafting,1,0.02133137919008732
humaneval,29,epsilon_greedy,Under-Drafting,1,0.034889161586761475
humaneval,29,epsilon_greedy,Under-Drafting,1,0.1482865810394287
humaneval,29,epsilon_greedy,Under-Drafting,1,0.006475643254816532
humaneval,29,epsilon_greedy,Under-Drafting,1,0.010137375444173813
humaneval,29,epsilon_greedy,Under-Drafting,1,0.0533849373459816
humaneval,29,epsilon_greedy,Under-Drafting,1,0.12828098237514496
humaneval,29,epsilon_greedy,Under-Drafting,1,0.024369001388549805
humaneval,29,epsilon_greedy,Under-Drafting,1,0.024807780981063843
humaneval,29,epsilon_greedy,Under-Drafting,1,0.19426719844341278
humaneval,29,epsilon_greedy,Under-Drafting,1,0.06746193021535873
humaneval,29,epsilon_greedy,Under-Drafting,1,0.0536133348941803
humaneval,29,epsilon_greedy,Under-Drafting,1,0.12376820296049118
humaneval,29,epsilon_greedy,Under-Drafting,1,0.13868115842342377
humaneval,29,epsilon_greedy,Under-Drafting,1,0.0420973002910614
humaneval,29,epsilon_greedy,Under-Drafting,1,0.008801248855888844
humaneval,30,epsilon_greedy,Under-Drafting,1,0.06066626310348511
humaneval,30,epsilon_greedy,Under-Drafting,1,0.011673725210130215
humaneval,30,epsilon_greedy,Under-Drafting,1,0.026328735053539276
humaneval,30,epsilon_greedy,Under-Drafting,1,0.018896011635661125
humaneval,30,epsilon_greedy,Under-Drafting,1,0.13311319053173065
humaneval,30,epsilon_greedy,Under-Drafting,1,0.0033755465410649776
humaneval,30,epsilon_greedy,Under-Drafting,1,0.08262807875871658
humaneval,30,epsilon_greedy,Under-Drafting,1,0.007533167954534292
humaneval,30,epsilon_greedy,Under-Drafting,1,0.011719482019543648
humaneval,30,epsilon_greedy,Under-Drafting,1,0.004075632896274328
humaneval,30,epsilon_greedy,Under-Drafting,1,0.00209762342274189
humaneval,30,epsilon_greedy,Under-Drafting,1,0.008087016642093658
humaneval,30,epsilon_greedy,Under-Drafting,1,0.009664549492299557
humaneval,30,epsilon_greedy,Under-Drafting,1,0.025690391659736633
humaneval,30,epsilon_greedy,Under-Drafting,1,0.05895237624645233
humaneval,30,epsilon_greedy,Under-Drafting,1,0.005940034985542297
humaneval,30,epsilon_greedy,Under-Drafting,1,0.0008119222475215793
humaneval,30,epsilon_greedy,Under-Drafting,1,0.0006098646554164588
humaneval,30,epsilon_greedy,Under-Drafting,1,0.05100181698799133
humaneval,31,epsilon_greedy,Under-Drafting,1,0.17898647487163544
humaneval,31,epsilon_greedy,Under-Drafting,1,0.060001153498888016
humaneval,31,epsilon_greedy,Under-Drafting,1,0.016386428847908974
humaneval,31,epsilon_greedy,Under-Drafting,1,0.17339767515659332
humaneval,31,epsilon_greedy,Under-Drafting,1,0.16466085612773895
humaneval,31,epsilon_greedy,Under-Drafting,1,0.09164729714393616
humaneval,31,epsilon_greedy,Under-Drafting,1,0.05651954561471939
humaneval,31,epsilon_greedy,Under-Drafting,1,0.06394489854574203
humaneval,31,epsilon_greedy,Under-Drafting,1,0.04741617292165756
humaneval,31,epsilon_greedy,Under-Drafting,1,0.03232213109731674
humaneval,31,epsilon_greedy,Under-Drafting,1,0.03777656704187393
humaneval,31,epsilon_greedy,Under-Drafting,1,0.04654998704791069
humaneval,32,epsilon_greedy,Under-Drafting,1,0.022626928985118866
humaneval,32,epsilon_greedy,Under-Drafting,1,0.0914488434791565
humaneval,32,epsilon_greedy,Under-Drafting,1,0.006646917201578617
humaneval,32,epsilon_greedy,Under-Drafting,1,0.18759071826934814
humaneval,32,epsilon_greedy,Under-Drafting,1,0.08345378935337067
humaneval,32,epsilon_greedy,Under-Drafting,1,0.06497503817081451
humaneval,32,epsilon_greedy,Under-Drafting,1,0.008772023022174835
humaneval,32,epsilon_greedy,Under-Drafting,1,0.021931065246462822
humaneval,32,epsilon_greedy,Under-Drafting,1,0.003405042225494981
humaneval,32,epsilon_greedy,Under-Drafting,1,0.005372136831283569
humaneval,33,epsilon_greedy,Under-Drafting,1,0.06251201033592224
humaneval,33,epsilon_greedy,Under-Drafting,1,0.04865216463804245
humaneval,33,epsilon_greedy,Under-Drafting,1,0.030115170404314995
humaneval,33,epsilon_greedy,Under-Drafting,1,0.07116332650184631
humaneval,33,epsilon_greedy,Under-Drafting,1,0.04305783286690712
humaneval,33,epsilon_greedy,Under-Drafting,1,0.023266896605491638
humaneval,33,epsilon_greedy,Under-Drafting,1,0.053007323294878006
humaneval,33,epsilon_greedy,Under-Drafting,1,0.01251406129449606
humaneval,33,epsilon_greedy,Under-Drafting,1,0.05367230996489525
humaneval,33,epsilon_greedy,Under-Drafting,1,0.00518012372776866
humaneval,33,epsilon_greedy,Under-Drafting,1,0.025893060490489006
humaneval,34,epsilon_greedy,Under-Drafting,1,0.19325952231884003
humaneval,34,epsilon_greedy,Under-Drafting,1,0.18543198704719543
humaneval,34,epsilon_greedy,Under-Drafting,1,0.11696263402700424
humaneval,34,epsilon_greedy,Under-Drafting,1,0.05716722458600998
humaneval,34,epsilon_greedy,Under-Drafting,1,0.0037240672390908003
humaneval,34,epsilon_greedy,Under-Drafting,1,0.04277820140123367
humaneval,34,epsilon_greedy,Under-Drafting,1,0.007829482667148113
humaneval,34,epsilon_greedy,Under-Drafting,1,0.007521757856011391
humaneval,34,epsilon_greedy,Under-Drafting,1,0.015445416793227196
humaneval,34,epsilon_greedy,Under-Drafting,1,0.003425220726057887
humaneval,34,epsilon_greedy,Under-Drafting,1,0.01077829860150814
humaneval,34,epsilon_greedy,Under-Drafting,1,0.01039494201540947
humaneval,34,epsilon_greedy,Under-Drafting,1,0.005186339840292931
humaneval,34,epsilon_greedy,Under-Drafting,1,0.014367249794304371
humaneval,34,epsilon_greedy,Under-Drafting,1,0.027323298156261444
humaneval,34,epsilon_greedy,Under-Drafting,1,0.0033252774737775326
humaneval,34,epsilon_greedy,Under-Drafting,1,0.00806102529168129
humaneval,34,epsilon_greedy,Under-Drafting,1,0.04678776487708092
humaneval,34,epsilon_greedy,Under-Drafting,1,0.013001209124922752
humaneval,35,epsilon_greedy,Under-Drafting,1,0.15280450880527496
humaneval,35,epsilon_greedy,Under-Drafting,1,0.10897228866815567
humaneval,35,epsilon_greedy,Under-Drafting,1,0.15006129443645477
humaneval,35,epsilon_greedy,Under-Drafting,1,0.1228264570236206
humaneval,35,epsilon_greedy,Under-Drafting,1,0.1597028225660324
humaneval,35,epsilon_greedy,Under-Drafting,1,0.03848941624164581
humaneval,35,epsilon_greedy,Under-Drafting,1,0.0622188076376915
humaneval,35,epsilon_greedy,Under-Drafting,1,0.009678428992629051
humaneval,35,epsilon_greedy,Under-Drafting,1,0.04408132657408714
humaneval,35,epsilon_greedy,Under-Drafting,1,0.014070370234549046
humaneval,35,epsilon_greedy,Under-Drafting,1,0.18717871606349945
humaneval,35,epsilon_greedy,Under-Drafting,1,0.03336748480796814
humaneval,35,epsilon_greedy,Under-Drafting,1,0.001751611940562725
humaneval,35,epsilon_greedy,Under-Drafting,1,0.020540539175271988
humaneval,35,epsilon_greedy,Under-Drafting,1,0.002240217523649335
humaneval,35,epsilon_greedy,Under-Drafting,1,0.0024101852905005217
humaneval,35,epsilon_greedy,Under-Drafting,1,0.00018934007675852627
humaneval,35,epsilon_greedy,Under-Drafting,1,0.0007031066343188286
humaneval,35,epsilon_greedy,Under-Drafting,1,0.0015705055557191372
humaneval,35,epsilon_greedy,Under-Drafting,1,0.0014554313383996487
humaneval,35,epsilon_greedy,Under-Drafting,1,0.0031157773919403553
humaneval,36,epsilon_greedy,Under-Drafting,1,0.007419075351208448
humaneval,36,epsilon_greedy,Under-Drafting,1,0.07927887886762619
humaneval,36,epsilon_greedy,Under-Drafting,1,0.11499171704053879
humaneval,36,epsilon_greedy,Under-Drafting,1,0.03892020881175995
humaneval,36,epsilon_greedy,Under-Drafting,1,0.011359237134456635
humaneval,36,epsilon_greedy,Under-Drafting,1,0.0599554143846035
humaneval,36,epsilon_greedy,Under-Drafting,1,0.004320619162172079
humaneval,36,epsilon_greedy,Under-Drafting,1,0.08896391838788986
humaneval,36,epsilon_greedy,Under-Drafting,1,0.001677973777987063
humaneval,36,epsilon_greedy,Under-Drafting,1,0.0010972089366987348
humaneval,36,epsilon_greedy,Under-Drafting,1,0.021797578781843185
humaneval,36,epsilon_greedy,Under-Drafting,1,0.07870147377252579
humaneval,36,epsilon_greedy,Under-Drafting,1,0.07412320375442505
humaneval,37,epsilon_greedy,Under-Drafting,1,0.025982802733778954
humaneval,37,epsilon_greedy,Under-Drafting,1,0.007711169309914112
humaneval,37,epsilon_greedy,Under-Drafting,1,0.11824502050876617
humaneval,37,epsilon_greedy,Under-Drafting,1,0.060646697878837585
humaneval,37,epsilon_greedy,Under-Drafting,1,0.19200024008750916
humaneval,37,epsilon_greedy,Under-Drafting,1,0.009498706087470055
humaneval,37,epsilon_greedy,Under-Drafting,1,0.02292696200311184
humaneval,37,epsilon_greedy,Under-Drafting,1,0.12914714217185974
humaneval,37,epsilon_greedy,Under-Drafting,1,0.15933260321617126
humaneval,37,epsilon_greedy,Under-Drafting,1,0.12626512348651886
humaneval,37,epsilon_greedy,Under-Drafting,1,0.12894099950790405
humaneval,38,epsilon_greedy,Under-Drafting,1,0.06305843591690063
humaneval,38,epsilon_greedy,Under-Drafting,1,0.09299439191818237
humaneval,38,epsilon_greedy,Under-Drafting,1,0.07080232352018356
humaneval,38,epsilon_greedy,Under-Drafting,1,0.06553810089826584
humaneval,38,epsilon_greedy,Under-Drafting,1,0.00806441716849804
humaneval,38,epsilon_greedy,Under-Drafting,1,0.00076058111153543
humaneval,38,epsilon_greedy,Under-Drafting,1,0.006483596283942461
humaneval,38,epsilon_greedy,Under-Drafting,1,0.0058216857723891735
humaneval,38,epsilon_greedy,Under-Drafting,1,0.025298699736595154
humaneval,38,epsilon_greedy,Under-Drafting,1,0.0028909503016620874
humaneval,38,epsilon_greedy,Under-Drafting,1,0.02798757329583168
humaneval,38,epsilon_greedy,Under-Drafting,1,0.0014742796774953604
humaneval,38,epsilon_greedy,Under-Drafting,1,0.05741365626454353
humaneval,39,epsilon_greedy,Under-Drafting,1,0.1971987783908844
humaneval,39,epsilon_greedy,Under-Drafting,1,0.05288799852132797
humaneval,39,epsilon_greedy,Under-Drafting,1,0.017994018271565437
humaneval,39,epsilon_greedy,Under-Drafting,1,0.13367049396038055
humaneval,39,epsilon_greedy,Under-Drafting,1,0.055445119738578796
humaneval,39,epsilon_greedy,Under-Drafting,1,0.0004897518083453178
humaneval,39,epsilon_greedy,Under-Drafting,1,0.004584329202771187
humaneval,39,epsilon_greedy,Under-Drafting,1,0.14685970544815063
humaneval,39,epsilon_greedy,Under-Drafting,1,0.17466971278190613
humaneval,40,epsilon_greedy,Under-Drafting,1,0.13435760140419006
humaneval,40,epsilon_greedy,Under-Drafting,1,0.11068236827850342
humaneval,40,epsilon_greedy,Under-Drafting,1,0.06892357766628265
humaneval,40,epsilon_greedy,Under-Drafting,1,0.03675130754709244
humaneval,40,epsilon_greedy,Under-Drafting,1,0.04654388502240181
humaneval,40,epsilon_greedy,Under-Drafting,1,0.014952078461647034
humaneval,40,epsilon_greedy,Under-Drafting,1,0.009950945153832436
humaneval,40,epsilon_greedy,Under-Drafting,1,0.10300464928150177
humaneval,40,epsilon_greedy,Under-Drafting,1,0.001902468502521515
humaneval,40,epsilon_greedy,Under-Drafting,1,0.017638247460126877
humaneval,40,epsilon_greedy,Under-Drafting,1,0.004903665743768215
humaneval,40,epsilon_greedy,Under-Drafting,1,0.005003133323043585
humaneval,40,epsilon_greedy,Under-Drafting,1,0.001684296177700162
humaneval,40,epsilon_greedy,Under-Drafting,1,0.020720232278108597
humaneval,40,epsilon_greedy,Under-Drafting,1,0.010757528245449066
humaneval,40,epsilon_greedy,Under-Drafting,1,0.0013405863428488374
humaneval,40,epsilon_greedy,Under-Drafting,1,0.0018945339834317565
humaneval,40,epsilon_greedy,Under-Drafting,1,0.004068118520081043
humaneval,40,epsilon_greedy,Under-Drafting,1,0.016806665807962418
humaneval,40,epsilon_greedy,Under-Drafting,1,0.009579219855368137
humaneval,40,epsilon_greedy,Under-Drafting,1,0.1522747129201889
humaneval,41,epsilon_greedy,Over-Drafting,8,1
humaneval,41,epsilon_greedy,Under-Drafting,1,0.14323529601097107
humaneval,42,epsilon_greedy,Under-Drafting,1,0.17345720529556274
humaneval,42,epsilon_greedy,Under-Drafting,1,0.0062253777869045734
humaneval,42,epsilon_greedy,Under-Drafting,1,0.10470473766326904
humaneval,42,epsilon_greedy,Under-Drafting,1,0.07862281799316406
humaneval,42,epsilon_greedy,Under-Drafting,1,0.19928734004497528
humaneval,42,epsilon_greedy,Under-Drafting,1,0.14986449480056763
humaneval,42,epsilon_greedy,Under-Drafting,1,0.11220920085906982
humaneval,42,epsilon_greedy,Under-Drafting,1,0.02571890689432621
humaneval,42,epsilon_greedy,Under-Drafting,1,0.04988430067896843
humaneval,42,epsilon_greedy,Under-Drafting,1,0.010406725108623505
humaneval,42,epsilon_greedy,Under-Drafting,1,0.07691822946071625
humaneval,42,epsilon_greedy,Under-Drafting,1,0.02630768157541752
humaneval,42,epsilon_greedy,Under-Drafting,1,0.004482544492930174
humaneval,42,epsilon_greedy,Under-Drafting,1,0.07490542531013489
humaneval,42,epsilon_greedy,Under-Drafting,1,0.10916103422641754
humaneval,43,epsilon_greedy,Under-Drafting,1,0.0831642672419548
humaneval,43,epsilon_greedy,Under-Drafting,1,0.0012623091461136937
humaneval,43,epsilon_greedy,Under-Drafting,1,0.022259380668401718
humaneval,43,epsilon_greedy,Under-Drafting,1,0.051293861120939255
humaneval,43,epsilon_greedy,Under-Drafting,1,0.10173049569129944
humaneval,43,epsilon_greedy,Under-Drafting,1,0.027493735775351524
humaneval,43,epsilon_greedy,Under-Drafting,1,0.0327288843691349
humaneval,43,epsilon_greedy,Under-Drafting,1,0.0364493764936924
humaneval,43,epsilon_greedy,Under-Drafting,1,0.009432637132704258
humaneval,43,epsilon_greedy,Under-Drafting,1,0.06826133280992508
humaneval,43,epsilon_greedy,Under-Drafting,1,0.0008687802474014461
humaneval,43,epsilon_greedy,Under-Drafting,1,0.0004673121147789061
humaneval,43,epsilon_greedy,Under-Drafting,1,4.7785782953724265e-05
humaneval,43,epsilon_greedy,Under-Drafting,1,0.0008635009871795774
humaneval,43,epsilon_greedy,Under-Drafting,1,0.020028304308652878
humaneval,43,epsilon_greedy,Under-Drafting,1,0.0007247414323501289
humaneval,43,epsilon_greedy,Under-Drafting,1,0.0017690585227683187
humaneval,43,epsilon_greedy,Under-Drafting,1,0.056939952075481415
humaneval,43,epsilon_greedy,Under-Drafting,1,0.05230148136615753
humaneval,43,epsilon_greedy,Under-Drafting,1,0.0002127089537680149
humaneval,43,epsilon_greedy,Under-Drafting,1,0.002688248874619603
humaneval,44,epsilon_greedy,Under-Drafting,1,0.18891207873821259
humaneval,44,epsilon_greedy,Under-Drafting,1,0.07810455560684204
humaneval,44,epsilon_greedy,Under-Drafting,1,0.04308665543794632
humaneval,44,epsilon_greedy,Under-Drafting,1,0.0526854544878006
humaneval,44,epsilon_greedy,Under-Drafting,1,0.14524875581264496
humaneval,44,epsilon_greedy,Under-Drafting,1,0.023039404302835464
humaneval,44,epsilon_greedy,Under-Drafting,1,0.08981561660766602
humaneval,44,epsilon_greedy,Under-Drafting,1,0.0493939183652401
humaneval,44,epsilon_greedy,Under-Drafting,1,0.10093632340431213
humaneval,44,epsilon_greedy,Under-Drafting,1,0.11152084916830063
humaneval,44,epsilon_greedy,Under-Drafting,1,0.03876075893640518
humaneval,44,epsilon_greedy,Under-Drafting,1,0.19337911903858185
humaneval,45,epsilon_greedy,Under-Drafting,1,0.1350962519645691
humaneval,45,epsilon_greedy,Under-Drafting,1,0.08826880156993866
humaneval,45,epsilon_greedy,Under-Drafting,1,0.11402011662721634
humaneval,45,epsilon_greedy,Under-Drafting,1,0.06669238954782486
humaneval,45,epsilon_greedy,Under-Drafting,1,0.11264415085315704
humaneval,45,epsilon_greedy,Under-Drafting,1,0.11903877556324005
humaneval,45,epsilon_greedy,Under-Drafting,1,0.10472184419631958
humaneval,45,epsilon_greedy,Under-Drafting,1,0.057046663016080856
humaneval,45,epsilon_greedy,Under-Drafting,1,0.0037453570403158665
humaneval,45,epsilon_greedy,Under-Drafting,1,0.06832054257392883
humaneval,45,epsilon_greedy,Under-Drafting,1,0.027172010391950607
humaneval,46,epsilon_greedy,Under-Drafting,1,0.010054747574031353
humaneval,46,epsilon_greedy,Under-Drafting,1,0.1507011353969574
humaneval,46,epsilon_greedy,Under-Drafting,1,0.023164192214608192
humaneval,46,epsilon_greedy,Under-Drafting,1,0.020186342298984528
humaneval,46,epsilon_greedy,Under-Drafting,1,0.0032138514798134565
humaneval,46,epsilon_greedy,Under-Drafting,1,0.04148641601204872
humaneval,46,epsilon_greedy,Under-Drafting,1,0.022150112316012383
humaneval,46,epsilon_greedy,Under-Drafting,1,0.06385715305805206
humaneval,46,epsilon_greedy,Under-Drafting,1,0.007799564860761166
humaneval,46,epsilon_greedy,Under-Drafting,1,0.006422080565243959
humaneval,46,epsilon_greedy,Under-Drafting,1,0.01968359388411045
humaneval,46,epsilon_greedy,Under-Drafting,1,0.03852469474077225
humaneval,46,epsilon_greedy,Under-Drafting,1,0.007199782878160477
humaneval,46,epsilon_greedy,Under-Drafting,1,0.024196375161409378
humaneval,47,epsilon_greedy,Under-Drafting,1,0.10573677718639374
humaneval,47,epsilon_greedy,Under-Drafting,1,0.09954419732093811
humaneval,47,epsilon_greedy,Under-Drafting,1,0.1056368425488472
humaneval,47,epsilon_greedy,Under-Drafting,1,0.03985904902219772
humaneval,47,epsilon_greedy,Under-Drafting,1,0.053083233535289764
humaneval,47,epsilon_greedy,Under-Drafting,1,0.024730786681175232
humaneval,47,epsilon_greedy,Under-Drafting,1,0.052975643426179886
humaneval,47,epsilon_greedy,Under-Drafting,1,0.03160397335886955
humaneval,47,epsilon_greedy,Under-Drafting,1,0.09924837946891785
humaneval,47,epsilon_greedy,Under-Drafting,1,0.038944393396377563
humaneval,47,epsilon_greedy,Under-Drafting,1,0.03553963080048561
humaneval,47,epsilon_greedy,Under-Drafting,1,0.017493311315774918
humaneval,47,epsilon_greedy,Under-Drafting,1,0.036798927932977676
humaneval,47,epsilon_greedy,Under-Drafting,1,0.003338687354698777
humaneval,48,epsilon_greedy,Under-Drafting,1,0.18445664644241333
humaneval,48,epsilon_greedy,Under-Drafting,1,0.007672076113522053
humaneval,48,epsilon_greedy,Under-Drafting,1,0.007602609694004059
humaneval,48,epsilon_greedy,Under-Drafting,1,0.10525348782539368
humaneval,48,epsilon_greedy,Under-Drafting,1,0.004202275536954403
humaneval,48,epsilon_greedy,Under-Drafting,1,0.04074927419424057
humaneval,48,epsilon_greedy,Under-Drafting,1,0.14247435331344604
humaneval,48,epsilon_greedy,Under-Drafting,1,0.0026560788974165916
humaneval,48,epsilon_greedy,Under-Drafting,1,0.0031584424432367086
humaneval,48,epsilon_greedy,Under-Drafting,1,0.0007296862895600498
humaneval,48,epsilon_greedy,Under-Drafting,1,0.09012917429208755
humaneval,49,epsilon_greedy,Under-Drafting,1,0.09601349383592606
humaneval,49,epsilon_greedy,Under-Drafting,1,0.06315703690052032
humaneval,49,epsilon_greedy,Under-Drafting,1,0.02827697992324829
humaneval,49,epsilon_greedy,Under-Drafting,1,0.07228446751832962
humaneval,49,epsilon_greedy,Under-Drafting,1,0.040843039751052856
humaneval,49,epsilon_greedy,Under-Drafting,1,0.0957888513803482
humaneval,49,epsilon_greedy,Under-Drafting,1,0.059599824249744415
humaneval,49,epsilon_greedy,Under-Drafting,1,0.05428645759820938
humaneval,49,epsilon_greedy,Under-Drafting,1,0.01981522887945175
humaneval,49,epsilon_greedy,Under-Drafting,1,0.1265839785337448
humaneval,49,epsilon_greedy,Under-Drafting,1,0.1824139952659607
humaneval,50,epsilon_greedy,Under-Drafting,1,0.045645300298929214
humaneval,50,epsilon_greedy,Under-Drafting,1,0.15990176796913147
humaneval,50,epsilon_greedy,Under-Drafting,1,0.04581274837255478
humaneval,50,epsilon_greedy,Under-Drafting,1,0.038022395223379135
humaneval,50,epsilon_greedy,Under-Drafting,1,0.009837486781179905
humaneval,50,epsilon_greedy,Under-Drafting,1,0.09257534891366959
humaneval,50,epsilon_greedy,Under-Drafting,1,0.008986364118754864
humaneval,50,epsilon_greedy,Under-Drafting,1,0.0019524795934557915
humaneval,50,epsilon_greedy,Under-Drafting,1,0.06453336030244827
humaneval,50,epsilon_greedy,Under-Drafting,1,0.0037599382922053337
humaneval,50,epsilon_greedy,Under-Drafting,1,0.07313421368598938
humaneval,50,epsilon_greedy,Under-Drafting,1,0.02214892953634262
humaneval,50,epsilon_greedy,Under-Drafting,1,0.07641935348510742
humaneval,50,epsilon_greedy,Under-Drafting,1,0.06439796090126038
humaneval,50,epsilon_greedy,Under-Drafting,1,0.016825132071971893
humaneval,51,epsilon_greedy,Under-Drafting,1,0.03149401396512985
humaneval,51,epsilon_greedy,Under-Drafting,1,0.12290211021900177
humaneval,51,epsilon_greedy,Under-Drafting,1,0.1404191553592682
humaneval,51,epsilon_greedy,Under-Drafting,1,0.01295759342610836
humaneval,51,epsilon_greedy,Under-Drafting,1,0.15795311331748962
humaneval,51,epsilon_greedy,Under-Drafting,1,0.02864573523402214
humaneval,51,epsilon_greedy,Under-Drafting,1,0.0007903155055828393
humaneval,51,epsilon_greedy,Under-Drafting,1,0.003178838174790144
humaneval,51,epsilon_greedy,Under-Drafting,1,0.00012490138760767877
humaneval,51,epsilon_greedy,Under-Drafting,1,0.03719038888812065
humaneval,51,epsilon_greedy,Under-Drafting,1,0.19766448438167572
humaneval,51,epsilon_greedy,Under-Drafting,1,0.0008407765999436378
humaneval,51,epsilon_greedy,Under-Drafting,1,0.03807657212018967
humaneval,51,epsilon_greedy,Under-Drafting,1,0.03826439008116722
humaneval,52,epsilon_greedy,Under-Drafting,1,0.13714972138404846
humaneval,52,epsilon_greedy,Under-Drafting,1,0.07172342389822006
humaneval,52,epsilon_greedy,Under-Drafting,1,0.039894770830869675
humaneval,52,epsilon_greedy,Under-Drafting,1,0.07156595587730408
humaneval,52,epsilon_greedy,Under-Drafting,1,0.05045923963189125
humaneval,52,epsilon_greedy,Under-Drafting,1,0.000532676640432328
humaneval,52,epsilon_greedy,Under-Drafting,1,0.03770217299461365
humaneval,52,epsilon_greedy,Under-Drafting,1,0.12253700196743011
humaneval,52,epsilon_greedy,Under-Drafting,1,0.012565244920551777
humaneval,52,epsilon_greedy,Under-Drafting,1,0.00019116306793875992
humaneval,52,epsilon_greedy,Under-Drafting,1,0.13137421011924744
humaneval,53,epsilon_greedy,Under-Drafting,1,0.03175140172243118
humaneval,53,epsilon_greedy,Under-Drafting,1,0.09681561589241028
humaneval,53,epsilon_greedy,Under-Drafting,1,0.1638152003288269
humaneval,53,epsilon_greedy,Under-Drafting,1,0.08338315784931183
humaneval,53,epsilon_greedy,Under-Drafting,1,0.14539922773838043
humaneval,53,epsilon_greedy,Under-Drafting,1,0.0070307874120771885
humaneval,53,epsilon_greedy,Under-Drafting,1,0.00992833636701107
humaneval,53,epsilon_greedy,Under-Drafting,1,0.0036665804218500853
humaneval,53,epsilon_greedy,Under-Drafting,1,0.12712405622005463
humaneval,53,epsilon_greedy,Under-Drafting,1,0.0034657977521419525
humaneval,53,epsilon_greedy,Under-Drafting,1,0.020766790956258774
humaneval,53,epsilon_greedy,Under-Drafting,1,0.050996243953704834
humaneval,53,epsilon_greedy,Under-Drafting,1,0.012154031544923782
humaneval,54,epsilon_greedy,Under-Drafting,1,0.18164373934268951
humaneval,54,epsilon_greedy,Under-Drafting,1,0.018099579960107803
humaneval,54,epsilon_greedy,Under-Drafting,1,0.006316681858152151
humaneval,54,epsilon_greedy,Under-Drafting,1,0.014378122985363007
humaneval,54,epsilon_greedy,Under-Drafting,1,0.014647266827523708
humaneval,54,epsilon_greedy,Under-Drafting,1,0.012629864737391472
humaneval,54,epsilon_greedy,Under-Drafting,1,0.043918706476688385
humaneval,54,epsilon_greedy,Under-Drafting,1,0.03905772417783737
humaneval,54,epsilon_greedy,Under-Drafting,1,0.003187066176906228
humaneval,54,epsilon_greedy,Under-Drafting,1,0.002701299265027046
humaneval,54,epsilon_greedy,Under-Drafting,1,0.004056087229400873
humaneval,54,epsilon_greedy,Under-Drafting,1,0.005828247405588627
humaneval,54,epsilon_greedy,Under-Drafting,1,0.0794295072555542
humaneval,54,epsilon_greedy,Under-Drafting,1,0.00955282524228096
humaneval,54,epsilon_greedy,Under-Drafting,1,0.0005504419677890837
humaneval,55,epsilon_greedy,Under-Drafting,1,0.16838575899600983
humaneval,55,epsilon_greedy,Under-Drafting,1,0.0587758906185627
humaneval,55,epsilon_greedy,Under-Drafting,1,0.14973212778568268
humaneval,55,epsilon_greedy,Under-Drafting,1,0.0448148138821125
humaneval,55,epsilon_greedy,Under-Drafting,1,0.00685043353587389
humaneval,55,epsilon_greedy,Under-Drafting,1,0.015543622896075249
humaneval,55,epsilon_greedy,Under-Drafting,1,0.028513891622424126
humaneval,55,epsilon_greedy,Under-Drafting,1,0.04319903627038002
humaneval,55,epsilon_greedy,Under-Drafting,1,0.06473176926374435
humaneval,55,epsilon_greedy,Under-Drafting,1,0.038258858025074005
humaneval,55,epsilon_greedy,Under-Drafting,1,0.03660866990685463
humaneval,55,epsilon_greedy,Under-Drafting,1,0.0003425815957598388
humaneval,55,epsilon_greedy,Under-Drafting,1,0.05552835389971733
humaneval,55,epsilon_greedy,Under-Drafting,1,0.020190201699733734
humaneval,55,epsilon_greedy,Under-Drafting,1,0.04340685158967972
humaneval,55,epsilon_greedy,Under-Drafting,1,0.0030556898564100266
humaneval,55,epsilon_greedy,Under-Drafting,1,0.005627979524433613
humaneval,55,epsilon_greedy,Under-Drafting,1,0.00127749377861619
humaneval,56,epsilon_greedy,Under-Drafting,1,0.1853725016117096
humaneval,56,epsilon_greedy,Under-Drafting,1,0.1445377767086029
humaneval,56,epsilon_greedy,Under-Drafting,1,0.024214819073677063
humaneval,56,epsilon_greedy,Under-Drafting,1,0.04516025632619858
humaneval,56,epsilon_greedy,Under-Drafting,1,0.03064047358930111
humaneval,57,epsilon_greedy,Under-Drafting,1,0.19418619573116302
humaneval,57,epsilon_greedy,Under-Drafting,1,0.0649409294128418
humaneval,57,epsilon_greedy,Under-Drafting,1,0.05983269587159157
humaneval,57,epsilon_greedy,Under-Drafting,1,0.05917486548423767
humaneval,57,epsilon_greedy,Under-Drafting,1,0.01956385001540184
humaneval,57,epsilon_greedy,Under-Drafting,1,0.010002224706113338
humaneval,57,epsilon_greedy,Under-Drafting,1,0.017357688397169113
humaneval,57,epsilon_greedy,Under-Drafting,1,0.1756170094013214
humaneval,57,epsilon_greedy,Under-Drafting,1,0.0813254863023758
humaneval,57,epsilon_greedy,Under-Drafting,1,0.015674205496907234
humaneval,57,epsilon_greedy,Under-Drafting,1,0.04528025537729263
humaneval,57,epsilon_greedy,Under-Drafting,1,0.010411848314106464
humaneval,57,epsilon_greedy,Under-Drafting,1,0.07087653130292892
humaneval,57,epsilon_greedy,Under-Drafting,1,0.04057961702346802
humaneval,58,epsilon_greedy,Under-Drafting,1,0.14363910257816315
humaneval,58,epsilon_greedy,Under-Drafting,1,0.1435478925704956
humaneval,58,epsilon_greedy,Under-Drafting,1,0.11723566055297852
humaneval,58,epsilon_greedy,Under-Drafting,1,0.029889535158872604
humaneval,58,epsilon_greedy,Under-Drafting,1,0.023105144500732422
humaneval,58,epsilon_greedy,Under-Drafting,1,0.12691730260849
humaneval,58,epsilon_greedy,Under-Drafting,1,0.10909360647201538
humaneval,58,epsilon_greedy,Under-Drafting,1,0.182604119181633
humaneval,58,epsilon_greedy,Under-Drafting,1,0.09098847210407257
humaneval,58,epsilon_greedy,Under-Drafting,1,0.05481798201799393
humaneval,58,epsilon_greedy,Under-Drafting,1,0.014186838641762733
humaneval,58,epsilon_greedy,Under-Drafting,1,0.04777541756629944
humaneval,58,epsilon_greedy,Under-Drafting,1,0.16332723200321198
humaneval,58,epsilon_greedy,Under-Drafting,1,0.01952860876917839
humaneval,58,epsilon_greedy,Under-Drafting,1,0.025041768327355385
humaneval,59,epsilon_greedy,Under-Drafting,1,0.17464634776115417
humaneval,59,epsilon_greedy,Under-Drafting,1,0.05433450639247894
humaneval,59,epsilon_greedy,Under-Drafting,1,0.051445260643959045
humaneval,59,epsilon_greedy,Under-Drafting,1,0.0795171707868576
humaneval,59,epsilon_greedy,Under-Drafting,1,0.18524807691574097
humaneval,60,epsilon_greedy,Under-Drafting,1,0.12425653636455536
humaneval,60,epsilon_greedy,Under-Drafting,1,0.010347704403102398
humaneval,60,epsilon_greedy,Under-Drafting,1,0.13233433663845062
humaneval,60,epsilon_greedy,Under-Drafting,1,0.04762442409992218
humaneval,60,epsilon_greedy,Under-Drafting,1,0.025171516463160515
humaneval,60,epsilon_greedy,Under-Drafting,1,0.0695735365152359
humaneval,60,epsilon_greedy,Under-Drafting,1,0.07137928158044815
humaneval,60,epsilon_greedy,Under-Drafting,1,0.049419112503528595
humaneval,60,epsilon_greedy,Under-Drafting,1,0.0008523135911673307
humaneval,60,epsilon_greedy,Under-Drafting,1,0.04912711679935455
humaneval,61,epsilon_greedy,Under-Drafting,1,0.18342225253582
humaneval,61,epsilon_greedy,Under-Drafting,1,0.12455227971076965
humaneval,61,epsilon_greedy,Under-Drafting,1,0.0669332891702652
humaneval,61,epsilon_greedy,Under-Drafting,1,0.054707806557416916
humaneval,61,epsilon_greedy,Under-Drafting,1,0.04212421551346779
humaneval,61,epsilon_greedy,Under-Drafting,1,0.05947393551468849
humaneval,61,epsilon_greedy,Under-Drafting,1,0.01039562001824379
humaneval,61,epsilon_greedy,Under-Drafting,1,0.019431214779615402
humaneval,61,epsilon_greedy,Under-Drafting,1,0.012198260053992271
humaneval,61,epsilon_greedy,Under-Drafting,1,0.05299720913171768
humaneval,61,epsilon_greedy,Under-Drafting,1,0.08565117418766022
humaneval,61,epsilon_greedy,Under-Drafting,1,0.016446813941001892
humaneval,62,epsilon_greedy,Under-Drafting,1,0.04986777901649475
humaneval,62,epsilon_greedy,Under-Drafting,1,0.1374700963497162
humaneval,62,epsilon_greedy,Under-Drafting,1,0.047111861407756805
humaneval,62,epsilon_greedy,Under-Drafting,1,0.010961389169096947
humaneval,62,epsilon_greedy,Under-Drafting,1,0.0797174870967865
humaneval,62,epsilon_greedy,Under-Drafting,1,0.049644969403743744
humaneval,62,epsilon_greedy,Under-Drafting,1,0.0663008764386177
humaneval,62,epsilon_greedy,Under-Drafting,1,0.0077201989479362965
humaneval,62,epsilon_greedy,Under-Drafting,1,0.005049616564065218
humaneval,62,epsilon_greedy,Under-Drafting,1,0.01163892075419426
humaneval,62,epsilon_greedy,Under-Drafting,1,0.09497442841529846
humaneval,63,epsilon_greedy,Under-Drafting,1,0.04300686717033386
humaneval,63,epsilon_greedy,Under-Drafting,1,0.06067828834056854
humaneval,63,epsilon_greedy,Under-Drafting,1,0.007821068167686462
humaneval,63,epsilon_greedy,Under-Drafting,1,0.13701289892196655
humaneval,63,epsilon_greedy,Under-Drafting,1,0.013891289941966534
humaneval,63,epsilon_greedy,Under-Drafting,1,0.0154487956315279
humaneval,63,epsilon_greedy,Under-Drafting,1,0.00888765323907137
humaneval,63,epsilon_greedy,Under-Drafting,1,0.037788212299346924
humaneval,63,epsilon_greedy,Under-Drafting,1,0.005064882338047028
humaneval,63,epsilon_greedy,Under-Drafting,1,0.06083673611283302
humaneval,63,epsilon_greedy,Under-Drafting,1,0.009910243563354015
humaneval,63,epsilon_greedy,Under-Drafting,1,0.13259199261665344
humaneval,63,epsilon_greedy,Under-Drafting,1,0.019709352403879166
humaneval,63,epsilon_greedy,Under-Drafting,1,0.15037205815315247
humaneval,63,epsilon_greedy,Under-Drafting,1,0.03649281710386276
humaneval,63,epsilon_greedy,Under-Drafting,1,0.0057639991864562035
humaneval,63,epsilon_greedy,Under-Drafting,1,0.04284762591123581
humaneval,63,epsilon_greedy,Under-Drafting,1,0.011569710448384285
humaneval,63,epsilon_greedy,Under-Drafting,1,0.003708928357809782
humaneval,63,epsilon_greedy,Under-Drafting,1,0.0191839337348938
humaneval,64,epsilon_greedy,Under-Drafting,1,0.1809098869562149
humaneval,64,epsilon_greedy,Under-Drafting,1,0.1829529106616974
humaneval,64,epsilon_greedy,Under-Drafting,1,0.006794843357056379
humaneval,64,epsilon_greedy,Under-Drafting,1,0.006163947284221649
humaneval,64,epsilon_greedy,Under-Drafting,1,0.04409315437078476
humaneval,64,epsilon_greedy,Under-Drafting,1,0.0040949685499072075
humaneval,64,epsilon_greedy,Under-Drafting,1,0.01494009979069233
humaneval,64,epsilon_greedy,Under-Drafting,1,0.020755158737301826
humaneval,64,epsilon_greedy,Under-Drafting,1,0.10196035355329514
humaneval,64,epsilon_greedy,Under-Drafting,1,0.12554128468036652
humaneval,64,epsilon_greedy,Under-Drafting,1,0.0022703642025589943
humaneval,64,epsilon_greedy,Under-Drafting,1,0.005352148786187172
humaneval,64,epsilon_greedy,Under-Drafting,1,0.005162206944078207
humaneval,64,epsilon_greedy,Under-Drafting,1,0.07855149358510971
humaneval,64,epsilon_greedy,Under-Drafting,1,0.1315121054649353
humaneval,64,epsilon_greedy,Under-Drafting,1,0.0007412044797092676
humaneval,64,epsilon_greedy,Under-Drafting,1,0.006215352099388838
humaneval,64,epsilon_greedy,Under-Drafting,1,0.018420152366161346
humaneval,64,epsilon_greedy,Under-Drafting,1,0.10686208307743073
humaneval,65,epsilon_greedy,Under-Drafting,1,0.1580188274383545
humaneval,65,epsilon_greedy,Under-Drafting,1,0.01231548935174942
humaneval,65,epsilon_greedy,Under-Drafting,1,0.15619656443595886
humaneval,65,epsilon_greedy,Under-Drafting,1,0.13122834265232086
humaneval,65,epsilon_greedy,Under-Drafting,1,0.02235821634531021
humaneval,65,epsilon_greedy,Under-Drafting,1,0.12113795429468155
humaneval,65,epsilon_greedy,Under-Drafting,1,0.0020623821765184402
humaneval,65,epsilon_greedy,Under-Drafting,1,0.06357216089963913
humaneval,65,epsilon_greedy,Under-Drafting,1,0.037483349442481995
humaneval,65,epsilon_greedy,Under-Drafting,1,0.17034980654716492
humaneval,65,epsilon_greedy,Under-Drafting,1,0.006846028380095959
humaneval,65,epsilon_greedy,Under-Drafting,1,0.003030357649549842
humaneval,66,epsilon_greedy,Under-Drafting,1,0.0019494756124913692
humaneval,66,epsilon_greedy,Under-Drafting,1,0.009824185632169247
humaneval,66,epsilon_greedy,Under-Drafting,1,0.007072580978274345
humaneval,66,epsilon_greedy,Under-Drafting,1,0.02429165318608284
humaneval,66,epsilon_greedy,Under-Drafting,1,0.0004399615863803774
humaneval,66,epsilon_greedy,Under-Drafting,1,0.14299534261226654
humaneval,66,epsilon_greedy,Under-Drafting,1,0.008978823199868202
humaneval,66,epsilon_greedy,Under-Drafting,1,0.0026529247406870127
humaneval,66,epsilon_greedy,Under-Drafting,1,0.01493524108082056
humaneval,66,epsilon_greedy,Under-Drafting,1,0.0005140214925631881
humaneval,66,epsilon_greedy,Under-Drafting,1,0.020994801074266434
humaneval,66,epsilon_greedy,Under-Drafting,1,0.0013001735787838697
humaneval,66,epsilon_greedy,Under-Drafting,1,0.0008737186435610056
humaneval,66,epsilon_greedy,Under-Drafting,1,0.004560868255794048
humaneval,66,epsilon_greedy,Under-Drafting,1,0.028483515605330467
humaneval,66,epsilon_greedy,Under-Drafting,1,0.0005429234588518739
humaneval,66,epsilon_greedy,Under-Drafting,1,0.005674195475876331
humaneval,66,epsilon_greedy,Under-Drafting,1,0.002079999540001154
humaneval,67,epsilon_greedy,Under-Drafting,1,0.18977294862270355
humaneval,67,epsilon_greedy,Under-Drafting,1,0.12274932861328125
humaneval,67,epsilon_greedy,Under-Drafting,1,0.01696028932929039
humaneval,67,epsilon_greedy,Under-Drafting,1,0.020085137337446213
humaneval,67,epsilon_greedy,Under-Drafting,1,0.01630113646388054
humaneval,67,epsilon_greedy,Under-Drafting,1,0.020222336053848267
humaneval,67,epsilon_greedy,Under-Drafting,1,0.004502349998801947
humaneval,67,epsilon_greedy,Under-Drafting,1,0.10017019510269165
humaneval,67,epsilon_greedy,Under-Drafting,1,0.001996684120967984
humaneval,67,epsilon_greedy,Under-Drafting,1,0.00959226954728365
humaneval,67,epsilon_greedy,Under-Drafting,1,0.005237806588411331
humaneval,68,epsilon_greedy,Under-Drafting,1,0.11949194967746735
humaneval,68,epsilon_greedy,Under-Drafting,1,0.04224706068634987
humaneval,69,epsilon_greedy,Under-Drafting,1,0.1203685849905014
humaneval,69,epsilon_greedy,Under-Drafting,1,0.037745099514722824
humaneval,70,epsilon_greedy,Under-Drafting,1,0.1325070559978485
humaneval,70,epsilon_greedy,Under-Drafting,1,0.1768997609615326
humaneval,70,epsilon_greedy,Under-Drafting,1,0.016800327226519585
humaneval,70,epsilon_greedy,Under-Drafting,1,0.024555141106247902
humaneval,70,epsilon_greedy,Under-Drafting,1,0.09817331284284592
humaneval,70,epsilon_greedy,Under-Drafting,1,0.1945134401321411
humaneval,70,epsilon_greedy,Under-Drafting,1,0.03151840716600418
humaneval,71,epsilon_greedy,Under-Drafting,1,0.0898185446858406
humaneval,71,epsilon_greedy,Under-Drafting,1,0.06203172355890274
humaneval,71,epsilon_greedy,Under-Drafting,1,0.0679534450173378
humaneval,71,epsilon_greedy,Under-Drafting,1,0.0298541821539402
humaneval,71,epsilon_greedy,Under-Drafting,1,0.061539310961961746
humaneval,71,epsilon_greedy,Under-Drafting,1,0.04697680473327637
humaneval,71,epsilon_greedy,Under-Drafting,1,0.0932147204875946
humaneval,71,epsilon_greedy,Under-Drafting,1,0.17513307929039001
humaneval,71,epsilon_greedy,Under-Drafting,1,0.05607110634446144
humaneval,71,epsilon_greedy,Under-Drafting,1,0.05685819685459137
humaneval,71,epsilon_greedy,Under-Drafting,1,0.1705729216337204
humaneval,72,epsilon_greedy,Under-Drafting,1,0.0033237114548683167
humaneval,72,epsilon_greedy,Under-Drafting,1,0.07276247441768646
humaneval,72,epsilon_greedy,Under-Drafting,1,0.0009926041821017861
humaneval,72,epsilon_greedy,Under-Drafting,1,0.07453703135251999
humaneval,72,epsilon_greedy,Under-Drafting,1,0.06017693504691124
humaneval,72,epsilon_greedy,Under-Drafting,1,0.0227123461663723
humaneval,72,epsilon_greedy,Under-Drafting,1,0.008231676183640957
humaneval,72,epsilon_greedy,Under-Drafting,1,0.044659968465566635
humaneval,72,epsilon_greedy,Under-Drafting,1,0.00023889270960353315
humaneval,72,epsilon_greedy,Under-Drafting,1,0.0620163157582283
humaneval,72,epsilon_greedy,Under-Drafting,1,0.0005074886721558869
humaneval,72,epsilon_greedy,Under-Drafting,1,0.008802590891718864
humaneval,72,epsilon_greedy,Under-Drafting,1,0.02198575995862484
humaneval,72,epsilon_greedy,Under-Drafting,1,0.023625871166586876
humaneval,72,epsilon_greedy,Under-Drafting,1,0.0028917358722537756
humaneval,72,epsilon_greedy,Under-Drafting,1,0.042100850492715836
humaneval,73,epsilon_greedy,Under-Drafting,1,0.07963913679122925
humaneval,73,epsilon_greedy,Under-Drafting,1,0.09544238448143005
humaneval,73,epsilon_greedy,Under-Drafting,1,0.005680255591869354
humaneval,73,epsilon_greedy,Under-Drafting,1,0.11662450432777405
humaneval,73,epsilon_greedy,Under-Drafting,1,0.1738930195569992
humaneval,73,epsilon_greedy,Under-Drafting,1,0.03270091861486435
humaneval,73,epsilon_greedy,Under-Drafting,1,0.016104089096188545
humaneval,73,epsilon_greedy,Under-Drafting,1,0.04315823316574097
humaneval,73,epsilon_greedy,Under-Drafting,1,0.02615647204220295
humaneval,73,epsilon_greedy,Under-Drafting,1,0.0007502682856284082
humaneval,73,epsilon_greedy,Under-Drafting,1,0.03642435371875763
humaneval,73,epsilon_greedy,Under-Drafting,1,0.1817968487739563
humaneval,73,epsilon_greedy,Under-Drafting,1,0.010691327974200249
humaneval,73,epsilon_greedy,Under-Drafting,1,0.0022910665720701218
humaneval,75,epsilon_greedy,Under-Drafting,1,0.04520747810602188
humaneval,75,epsilon_greedy,Under-Drafting,1,0.013295561075210571
humaneval,75,epsilon_greedy,Under-Drafting,1,0.16376201808452606
humaneval,75,epsilon_greedy,Under-Drafting,1,0.1775147169828415
humaneval,75,epsilon_greedy,Under-Drafting,1,0.13569772243499756
humaneval,75,epsilon_greedy,Under-Drafting,1,0.035157497972249985
humaneval,76,epsilon_greedy,Under-Drafting,1,0.03754781559109688
humaneval,76,epsilon_greedy,Under-Drafting,1,0.11503921449184418
humaneval,76,epsilon_greedy,Under-Drafting,1,0.06277503073215485
humaneval,76,epsilon_greedy,Under-Drafting,1,0.04145964980125427
humaneval,76,epsilon_greedy,Under-Drafting,1,0.10973752290010452
humaneval,76,epsilon_greedy,Under-Drafting,1,0.1402447521686554
humaneval,76,epsilon_greedy,Under-Drafting,1,0.006527899298816919
humaneval,76,epsilon_greedy,Under-Drafting,1,0.08415788412094116
humaneval,76,epsilon_greedy,Under-Drafting,1,0.005915061570703983
humaneval,77,epsilon_greedy,Under-Drafting,1,0.02648189850151539
humaneval,77,epsilon_greedy,Under-Drafting,1,0.15429192781448364
humaneval,77,epsilon_greedy,Under-Drafting,1,0.006231554783880711
humaneval,77,epsilon_greedy,Under-Drafting,1,0.09082646667957306
humaneval,77,epsilon_greedy,Under-Drafting,1,0.030483022332191467
humaneval,77,epsilon_greedy,Under-Drafting,1,0.0035057885106652975
humaneval,77,epsilon_greedy,Under-Drafting,1,0.12871868908405304
humaneval,77,epsilon_greedy,Under-Drafting,1,0.13980792462825775
humaneval,77,epsilon_greedy,Under-Drafting,1,0.0225137360394001
humaneval,77,epsilon_greedy,Under-Drafting,1,0.017743386328220367
humaneval,77,epsilon_greedy,Under-Drafting,1,0.048759836703538895
humaneval,77,epsilon_greedy,Under-Drafting,1,0.044255029410123825
humaneval,77,epsilon_greedy,Under-Drafting,1,0.061188578605651855
humaneval,78,epsilon_greedy,Under-Drafting,1,0.16481825709342957
humaneval,78,epsilon_greedy,Under-Drafting,1,0.0031507702078670263
humaneval,78,epsilon_greedy,Under-Drafting,1,0.023067595437169075
humaneval,78,epsilon_greedy,Under-Drafting,1,0.03649437800049782
humaneval,78,epsilon_greedy,Under-Drafting,1,0.00619176309555769
humaneval,78,epsilon_greedy,Under-Drafting,1,0.007885346189141273
humaneval,78,epsilon_greedy,Under-Drafting,1,0.0012930396478623152
humaneval,78,epsilon_greedy,Under-Drafting,1,0.025211861357092857
humaneval,78,epsilon_greedy,Under-Drafting,1,0.005183611065149307
humaneval,78,epsilon_greedy,Under-Drafting,1,0.004921737592667341
humaneval,78,epsilon_greedy,Under-Drafting,1,0.0005674154963344336
humaneval,79,epsilon_greedy,Under-Drafting,1,0.03197631612420082
humaneval,79,epsilon_greedy,Under-Drafting,1,0.0784880593419075
humaneval,79,epsilon_greedy,Under-Drafting,1,0.0980125367641449
humaneval,79,epsilon_greedy,Under-Drafting,1,0.013185231015086174
humaneval,79,epsilon_greedy,Under-Drafting,1,0.0018732445314526558
humaneval,79,epsilon_greedy,Under-Drafting,1,0.017535969614982605
humaneval,79,epsilon_greedy,Under-Drafting,1,0.007524164393544197
humaneval,79,epsilon_greedy,Under-Drafting,1,0.01626475714147091
humaneval,79,epsilon_greedy,Under-Drafting,1,0.010177981108427048
humaneval,79,epsilon_greedy,Under-Drafting,1,0.000659926503431052
humaneval,79,epsilon_greedy,Under-Drafting,1,0.004175499547272921
humaneval,79,epsilon_greedy,Under-Drafting,1,0.002471271902322769
humaneval,79,epsilon_greedy,Under-Drafting,1,0.0039345757104456425
humaneval,79,epsilon_greedy,Under-Drafting,1,0.0035188111942261457
humaneval,80,epsilon_greedy,Under-Drafting,1,0.04981277510523796
humaneval,80,epsilon_greedy,Under-Drafting,1,0.1876087188720703
humaneval,80,epsilon_greedy,Under-Drafting,1,0.12280641496181488
humaneval,80,epsilon_greedy,Under-Drafting,1,0.12347747385501862
humaneval,80,epsilon_greedy,Under-Drafting,1,0.12356878817081451
humaneval,80,epsilon_greedy,Under-Drafting,1,0.02653409168124199
humaneval,80,epsilon_greedy,Under-Drafting,1,0.016959166154265404
humaneval,80,epsilon_greedy,Under-Drafting,1,0.1956154853105545
humaneval,80,epsilon_greedy,Under-Drafting,1,0.032443467527627945
humaneval,80,epsilon_greedy,Under-Drafting,1,0.14885246753692627
humaneval,80,epsilon_greedy,Under-Drafting,1,0.026835940778255463
humaneval,80,epsilon_greedy,Under-Drafting,1,0.0497412234544754
humaneval,80,epsilon_greedy,Under-Drafting,1,0.03669685870409012
humaneval,80,epsilon_greedy,Under-Drafting,1,0.010419023223221302
humaneval,80,epsilon_greedy,Under-Drafting,1,0.018859107047319412
humaneval,80,epsilon_greedy,Under-Drafting,1,0.007543335668742657
humaneval,80,epsilon_greedy,Under-Drafting,1,0.06502914428710938
humaneval,80,epsilon_greedy,Under-Drafting,1,0.018794100731611252
humaneval,80,epsilon_greedy,Under-Drafting,1,0.040575772523880005
humaneval,81,epsilon_greedy,Over-Drafting,8,1
humaneval,81,epsilon_greedy,Under-Drafting,1,0.05691530555486679
humaneval,81,epsilon_greedy,Under-Drafting,1,0.051388658583164215
humaneval,81,epsilon_greedy,Under-Drafting,1,0.11747389286756516
humaneval,81,epsilon_greedy,Under-Drafting,1,0.08929233253002167
humaneval,81,epsilon_greedy,Under-Drafting,1,0.07124726474285126
humaneval,81,epsilon_greedy,Under-Drafting,1,0.05142602697014809
humaneval,81,epsilon_greedy,Under-Drafting,1,0.1999184489250183
humaneval,81,epsilon_greedy,Under-Drafting,1,0.04432442784309387
humaneval,81,epsilon_greedy,Under-Drafting,1,0.026608804240822792
humaneval,81,epsilon_greedy,Under-Drafting,1,0.19593089818954468
humaneval,81,epsilon_greedy,Under-Drafting,1,0.0059759048745036125
humaneval,81,epsilon_greedy,Under-Drafting,1,0.009469589218497276
humaneval,81,epsilon_greedy,Under-Drafting,1,0.036549072712659836
humaneval,81,epsilon_greedy,Under-Drafting,1,0.008960524573922157
humaneval,81,epsilon_greedy,Under-Drafting,1,0.0020278459414839745
humaneval,82,epsilon_greedy,Under-Drafting,1,0.1723199039697647
humaneval,82,epsilon_greedy,Under-Drafting,1,0.13966713845729828
humaneval,82,epsilon_greedy,Under-Drafting,1,0.0014864011900499463
humaneval,82,epsilon_greedy,Under-Drafting,1,0.17066515982151031
humaneval,82,epsilon_greedy,Under-Drafting,1,0.027158845216035843
humaneval,82,epsilon_greedy,Under-Drafting,1,0.012295544147491455
humaneval,82,epsilon_greedy,Under-Drafting,1,0.001928082201629877
humaneval,82,epsilon_greedy,Under-Drafting,1,0.07363799214363098
humaneval,82,epsilon_greedy,Under-Drafting,1,0.19722266495227814
humaneval,82,epsilon_greedy,Under-Drafting,1,0.006378136575222015
humaneval,82,epsilon_greedy,Under-Drafting,1,0.12755778431892395
humaneval,83,epsilon_greedy,Under-Drafting,1,0.012264230288565159
humaneval,83,epsilon_greedy,Under-Drafting,1,0.05654825642704964
humaneval,83,epsilon_greedy,Under-Drafting,1,0.10589884966611862
humaneval,83,epsilon_greedy,Under-Drafting,1,0.038468137383461
humaneval,83,epsilon_greedy,Under-Drafting,1,0.06775594502687454
humaneval,83,epsilon_greedy,Under-Drafting,1,0.067771315574646
humaneval,83,epsilon_greedy,Under-Drafting,1,0.009465365670621395
humaneval,83,epsilon_greedy,Over-Drafting,8,0
humaneval,83,epsilon_greedy,Under-Drafting,1,0.10696253925561905
humaneval,83,epsilon_greedy,Under-Drafting,1,0.0027320454828441143
humaneval,83,epsilon_greedy,Under-Drafting,1,0.03875536099076271
humaneval,83,epsilon_greedy,Under-Drafting,1,0.03025285340845585
humaneval,83,epsilon_greedy,Under-Drafting,1,2.398538163106423e-05
humaneval,83,epsilon_greedy,Under-Drafting,1,0.003736409591510892
humaneval,85,epsilon_greedy,Under-Drafting,1,0.01932685449719429
humaneval,85,epsilon_greedy,Under-Drafting,1,0.13434487581253052
humaneval,85,epsilon_greedy,Under-Drafting,1,0.06310802698135376
humaneval,85,epsilon_greedy,Under-Drafting,1,0.1864711493253708
humaneval,85,epsilon_greedy,Under-Drafting,1,0.007930644787847996
humaneval,85,epsilon_greedy,Under-Drafting,1,0.024328581988811493
humaneval,85,epsilon_greedy,Under-Drafting,1,0.012054093182086945
humaneval,85,epsilon_greedy,Under-Drafting,1,0.048893049359321594
humaneval,85,epsilon_greedy,Under-Drafting,1,0.1918310821056366
humaneval,85,epsilon_greedy,Under-Drafting,1,0.10643316805362701
humaneval,86,epsilon_greedy,Under-Drafting,1,0.1772541105747223
humaneval,86,epsilon_greedy,Over-Drafting,8,0
humaneval,86,epsilon_greedy,Under-Drafting,1,0.15906980633735657
humaneval,86,epsilon_greedy,Under-Drafting,1,0.14912059903144836
humaneval,87,epsilon_greedy,Under-Drafting,1,0.0968637764453888
humaneval,87,epsilon_greedy,Under-Drafting,1,0.016569463536143303
humaneval,87,epsilon_greedy,Under-Drafting,1,0.059796761721372604
humaneval,87,epsilon_greedy,Under-Drafting,1,0.004530788864940405
humaneval,87,epsilon_greedy,Under-Drafting,1,0.06905490159988403
humaneval,87,epsilon_greedy,Under-Drafting,1,0.011257363483309746
humaneval,87,epsilon_greedy,Under-Drafting,1,0.04715810716152191
humaneval,87,epsilon_greedy,Under-Drafting,1,0.0011571161448955536
humaneval,87,epsilon_greedy,Under-Drafting,1,0.018015796318650246
humaneval,87,epsilon_greedy,Under-Drafting,1,0.020635873079299927
humaneval,87,epsilon_greedy,Under-Drafting,1,0.04276213049888611
humaneval,87,epsilon_greedy,Under-Drafting,1,0.05073002725839615
humaneval,88,epsilon_greedy,Under-Drafting,1,0.04053453356027603
humaneval,88,epsilon_greedy,Under-Drafting,1,0.09086447209119797
humaneval,88,epsilon_greedy,Over-Drafting,8,0
humaneval,88,epsilon_greedy,Under-Drafting,1,0.004767050966620445
humaneval,88,epsilon_greedy,Under-Drafting,1,0.0064889537170529366
humaneval,88,epsilon_greedy,Under-Drafting,1,0.04736953228712082
humaneval,88,epsilon_greedy,Under-Drafting,1,0.0006173168658278883
humaneval,88,epsilon_greedy,Under-Drafting,1,0.001952107879333198
humaneval,88,epsilon_greedy,Under-Drafting,1,0.0007216975791379809
humaneval,88,epsilon_greedy,Under-Drafting,1,0.0023564319126307964
humaneval,88,epsilon_greedy,Under-Drafting,1,0.003512933384627104
humaneval,88,epsilon_greedy,Under-Drafting,1,0.0018300432711839676
humaneval,89,epsilon_greedy,Under-Drafting,1,0.11631320416927338
humaneval,89,epsilon_greedy,Under-Drafting,1,0.0009836270473897457
humaneval,89,epsilon_greedy,Under-Drafting,1,0.0006740266107954085
humaneval,89,epsilon_greedy,Under-Drafting,1,0.04053715616464615
humaneval,89,epsilon_greedy,Under-Drafting,1,0.0028466188814491034
humaneval,89,epsilon_greedy,Over-Drafting,8,1
humaneval,90,epsilon_greedy,Under-Drafting,1,0.07144636660814285
humaneval,90,epsilon_greedy,Under-Drafting,1,0.10614898055791855
humaneval,90,epsilon_greedy,Under-Drafting,1,0.015728220343589783
humaneval,90,epsilon_greedy,Under-Drafting,1,0.010297362692654133
humaneval,90,epsilon_greedy,Under-Drafting,1,0.058737706393003464
humaneval,90,epsilon_greedy,Under-Drafting,1,0.018909603357315063
humaneval,90,epsilon_greedy,Under-Drafting,1,0.004612145479768515
humaneval,90,epsilon_greedy,Under-Drafting,1,0.10091918706893921
humaneval,91,epsilon_greedy,Under-Drafting,1,0.029913900420069695
humaneval,91,epsilon_greedy,Under-Drafting,1,0.0798533484339714
humaneval,91,epsilon_greedy,Under-Drafting,1,0.01461925357580185
humaneval,91,epsilon_greedy,Under-Drafting,1,0.004092524293810129
humaneval,91,epsilon_greedy,Under-Drafting,1,0.17014585435390472
humaneval,91,epsilon_greedy,Under-Drafting,1,0.011538023129105568
humaneval,91,epsilon_greedy,Under-Drafting,1,0.1014106497168541
humaneval,91,epsilon_greedy,Under-Drafting,1,0.16309721767902374
humaneval,91,epsilon_greedy,Under-Drafting,1,0.024985721334815025
humaneval,91,epsilon_greedy,Under-Drafting,1,0.020943529903888702
humaneval,91,epsilon_greedy,Under-Drafting,1,0.01041372586041689
humaneval,91,epsilon_greedy,Under-Drafting,1,0.0342964269220829
humaneval,91,epsilon_greedy,Under-Drafting,1,0.10325656831264496
humaneval,91,epsilon_greedy,Under-Drafting,1,0.00029028119752183557
humaneval,91,epsilon_greedy,Under-Drafting,1,0.005397695116698742
humaneval,92,epsilon_greedy,Under-Drafting,1,0.03640888258814812
humaneval,92,epsilon_greedy,Under-Drafting,1,0.1462927758693695
humaneval,92,epsilon_greedy,Under-Drafting,1,0.10671296715736389
humaneval,92,epsilon_greedy,Under-Drafting,1,0.05138194188475609
humaneval,92,epsilon_greedy,Under-Drafting,1,0.16769233345985413
humaneval,92,epsilon_greedy,Under-Drafting,1,0.11964677274227142
humaneval,92,epsilon_greedy,Under-Drafting,1,0.06551662087440491
humaneval,92,epsilon_greedy,Under-Drafting,1,0.19354917109012604
humaneval,92,epsilon_greedy,Under-Drafting,1,0.18431414663791656
humaneval,93,epsilon_greedy,Under-Drafting,1,0.13111646473407745
humaneval,93,epsilon_greedy,Under-Drafting,1,0.07888910174369812
humaneval,93,epsilon_greedy,Under-Drafting,1,0.007591526955366135
humaneval,93,epsilon_greedy,Under-Drafting,1,0.036740992218256
humaneval,93,epsilon_greedy,Under-Drafting,1,0.07919767498970032
humaneval,93,epsilon_greedy,Under-Drafting,1,0.11137346178293228
humaneval,93,epsilon_greedy,Under-Drafting,1,0.06171838566660881
humaneval,93,epsilon_greedy,Under-Drafting,1,0.11422860622406006
humaneval,93,epsilon_greedy,Under-Drafting,1,0.0045815277844667435
humaneval,94,epsilon_greedy,Under-Drafting,1,0.02228163368999958
humaneval,94,epsilon_greedy,Under-Drafting,1,0.14191150665283203
humaneval,94,epsilon_greedy,Under-Drafting,1,0.13023711740970612
humaneval,94,epsilon_greedy,Under-Drafting,1,0.16839832067489624
humaneval,94,epsilon_greedy,Under-Drafting,1,0.19244040548801422
humaneval,94,epsilon_greedy,Under-Drafting,1,0.02991224080324173
humaneval,94,epsilon_greedy,Under-Drafting,1,0.02703266218304634
humaneval,94,epsilon_greedy,Under-Drafting,1,0.009837339632213116
humaneval,94,epsilon_greedy,Under-Drafting,1,0.15228092670440674
humaneval,94,epsilon_greedy,Under-Drafting,1,0.025113211944699287
humaneval,94,epsilon_greedy,Under-Drafting,1,0.021840158849954605
humaneval,94,epsilon_greedy,Under-Drafting,1,0.03743309900164604
humaneval,94,epsilon_greedy,Under-Drafting,1,0.0118733961135149
humaneval,94,epsilon_greedy,Under-Drafting,1,0.008997882716357708
humaneval,95,epsilon_greedy,Under-Drafting,1,0.053074344992637634
humaneval,95,epsilon_greedy,Under-Drafting,1,0.03221326321363449
humaneval,95,epsilon_greedy,Under-Drafting,1,0.028736133128404617
humaneval,95,epsilon_greedy,Under-Drafting,1,0.0650181695818901
humaneval,95,epsilon_greedy,Under-Drafting,1,0.1140872985124588
humaneval,95,epsilon_greedy,Under-Drafting,1,0.03443705663084984
humaneval,95,epsilon_greedy,Under-Drafting,1,0.016811726614832878
humaneval,95,epsilon_greedy,Under-Drafting,1,0.014829161576926708
humaneval,95,epsilon_greedy,Under-Drafting,1,0.0004819052992388606
humaneval,95,epsilon_greedy,Under-Drafting,1,0.028206005692481995
humaneval,95,epsilon_greedy,Under-Drafting,1,0.07923096418380737
humaneval,95,epsilon_greedy,Under-Drafting,1,0.05273204296827316
humaneval,96,epsilon_greedy,Under-Drafting,1,0.1457289457321167
humaneval,96,epsilon_greedy,Under-Drafting,1,0.18408051133155823
humaneval,96,epsilon_greedy,Under-Drafting,1,0.13216789066791534
humaneval,96,epsilon_greedy,Under-Drafting,1,0.038114361464977264
humaneval,96,epsilon_greedy,Under-Drafting,1,0.11073394119739532
humaneval,96,epsilon_greedy,Under-Drafting,1,0.002876718295738101
humaneval,96,epsilon_greedy,Under-Drafting,1,0.038707882165908813
humaneval,96,epsilon_greedy,Under-Drafting,1,0.005737938918173313
humaneval,96,epsilon_greedy,Under-Drafting,1,0.0018569303210824728
humaneval,96,epsilon_greedy,Under-Drafting,1,0.012135536409914494
humaneval,96,epsilon_greedy,Under-Drafting,1,0.002775976900011301
humaneval,96,epsilon_greedy,Under-Drafting,1,0.0018583043711259961
humaneval,96,epsilon_greedy,Under-Drafting,1,0.07559946924448013
humaneval,96,epsilon_greedy,Under-Drafting,1,0.007411309517920017
humaneval,96,epsilon_greedy,Under-Drafting,1,0.003308502957224846
humaneval,97,epsilon_greedy,Under-Drafting,1,0.14037607610225677
humaneval,97,epsilon_greedy,Under-Drafting,1,0.017489861696958542
humaneval,97,epsilon_greedy,Under-Drafting,1,0.12499868124723434
humaneval,97,epsilon_greedy,Under-Drafting,1,0.03715577349066734
humaneval,97,epsilon_greedy,Under-Drafting,1,0.0004756770795211196
humaneval,97,epsilon_greedy,Under-Drafting,1,0.004920525476336479
humaneval,97,epsilon_greedy,Under-Drafting,1,0.035010695457458496
humaneval,97,epsilon_greedy,Under-Drafting,1,0.09084073454141617
humaneval,97,epsilon_greedy,Under-Drafting,1,0.010504301637411118
humaneval,97,epsilon_greedy,Under-Drafting,1,0.0003265851701144129
humaneval,97,epsilon_greedy,Under-Drafting,1,0.05517655983567238
humaneval,97,epsilon_greedy,Under-Drafting,1,0.002525972668081522
humaneval,97,epsilon_greedy,Under-Drafting,1,0.0016478195320814848
humaneval,97,epsilon_greedy,Under-Drafting,1,0.004463532939553261
humaneval,97,epsilon_greedy,Under-Drafting,1,0.003955430816859007
humaneval,97,epsilon_greedy,Under-Drafting,1,0.011665760539472103
humaneval,97,epsilon_greedy,Under-Drafting,1,0.00030760737718082964
humaneval,98,epsilon_greedy,Under-Drafting,1,0.007474802900105715
humaneval,98,epsilon_greedy,Under-Drafting,1,0.07726886123418808
humaneval,98,epsilon_greedy,Under-Drafting,1,0.0007881650235503912
humaneval,98,epsilon_greedy,Under-Drafting,1,0.0004883824149146676
humaneval,98,epsilon_greedy,Under-Drafting,1,0.032568540424108505
humaneval,98,epsilon_greedy,Under-Drafting,1,0.00018416190869174898
humaneval,98,epsilon_greedy,Under-Drafting,1,0.00013044796651229262
humaneval,98,epsilon_greedy,Under-Drafting,1,8.356471516890451e-05
humaneval,98,epsilon_greedy,Under-Drafting,1,7.820392784196883e-05
humaneval,98,epsilon_greedy,Under-Drafting,1,8.749213156988844e-05
humaneval,98,epsilon_greedy,Under-Drafting,1,0.026528792455792427
humaneval,98,epsilon_greedy,Under-Drafting,1,0.18613682687282562
humaneval,98,epsilon_greedy,Under-Drafting,1,0.018922576680779457
humaneval,98,epsilon_greedy,Under-Drafting,1,0.033238090574741364
humaneval,98,epsilon_greedy,Under-Drafting,1,0.0004011972341686487
humaneval,98,epsilon_greedy,Under-Drafting,1,0.11245685815811157
humaneval,100,epsilon_greedy,Under-Drafting,1,0.00366659602150321
humaneval,100,epsilon_greedy,Under-Drafting,1,0.1118248775601387
humaneval,100,epsilon_greedy,Under-Drafting,1,0.0009069587686099112
humaneval,100,epsilon_greedy,Under-Drafting,1,0.0069501567631959915
humaneval,100,epsilon_greedy,Under-Drafting,1,0.000411060027545318
humaneval,100,epsilon_greedy,Under-Drafting,1,0.0004471402207855135
humaneval,100,epsilon_greedy,Under-Drafting,1,0.13749293982982635
humaneval,101,epsilon_greedy,Under-Drafting,1,0.012594395317137241
humaneval,101,epsilon_greedy,Under-Drafting,1,0.16107513010501862
humaneval,101,epsilon_greedy,Under-Drafting,1,0.004030210431665182
humaneval,101,epsilon_greedy,Under-Drafting,1,0.051270611584186554
humaneval,102,epsilon_greedy,Under-Drafting,1,0.15585513412952423
humaneval,102,epsilon_greedy,Under-Drafting,1,0.12250441312789917
humaneval,102,epsilon_greedy,Under-Drafting,1,0.026630451902747154
humaneval,102,epsilon_greedy,Under-Drafting,1,0.0867106094956398
humaneval,102,epsilon_greedy,Under-Drafting,1,0.015881376340985298
humaneval,102,epsilon_greedy,Under-Drafting,1,0.028207959607243538
humaneval,102,epsilon_greedy,Under-Drafting,1,0.044811658561229706
humaneval,102,epsilon_greedy,Under-Drafting,1,0.09476512670516968
humaneval,103,epsilon_greedy,Under-Drafting,1,0.08008646219968796
humaneval,103,epsilon_greedy,Under-Drafting,1,0.056176409125328064
humaneval,103,epsilon_greedy,Under-Drafting,1,0.07675454020500183
humaneval,103,epsilon_greedy,Under-Drafting,1,0.05649290233850479
humaneval,103,epsilon_greedy,Under-Drafting,1,0.04824129864573479
humaneval,103,epsilon_greedy,Under-Drafting,1,0.13585926592350006
humaneval,103,epsilon_greedy,Under-Drafting,1,0.07743384689092636
humaneval,103,epsilon_greedy,Under-Drafting,1,0.0037928689271211624
humaneval,103,epsilon_greedy,Under-Drafting,1,0.003464324865490198
humaneval,104,epsilon_greedy,Under-Drafting,1,0.05496373772621155
humaneval,104,epsilon_greedy,Under-Drafting,1,0.12126752734184265
humaneval,104,epsilon_greedy,Under-Drafting,1,0.1248302012681961
humaneval,104,epsilon_greedy,Under-Drafting,1,0.030017415061593056
humaneval,104,epsilon_greedy,Over-Drafting,8,0
humaneval,104,epsilon_greedy,Under-Drafting,1,0.0739816278219223
humaneval,104,epsilon_greedy,Under-Drafting,1,0.06649219989776611
humaneval,104,epsilon_greedy,Under-Drafting,1,0.004539294634014368
humaneval,104,epsilon_greedy,Under-Drafting,1,0.01068915706127882
humaneval,104,epsilon_greedy,Under-Drafting,1,0.11333000659942627
humaneval,104,epsilon_greedy,Under-Drafting,1,0.010992342606186867
humaneval,104,epsilon_greedy,Under-Drafting,1,0.08105485141277313
humaneval,104,epsilon_greedy,Under-Drafting,1,0.0016184230335056782
humaneval,105,epsilon_greedy,Over-Drafting,8,0
humaneval,105,epsilon_greedy,Under-Drafting,1,0.18053489923477173
humaneval,105,epsilon_greedy,Under-Drafting,1,0.07625730335712433
humaneval,105,epsilon_greedy,Under-Drafting,1,0.0047851139679551125
humaneval,105,epsilon_greedy,Under-Drafting,1,0.031885601580142975
humaneval,105,epsilon_greedy,Under-Drafting,1,0.005914694629609585
humaneval,105,epsilon_greedy,Under-Drafting,1,0.003011474385857582
humaneval,105,epsilon_greedy,Under-Drafting,1,0.016489500179886818
humaneval,105,epsilon_greedy,Under-Drafting,1,0.004455994348973036
humaneval,105,epsilon_greedy,Under-Drafting,1,0.003922623116523027
humaneval,105,epsilon_greedy,Under-Drafting,1,0.054684024304151535
humaneval,105,epsilon_greedy,Under-Drafting,1,0.04954766482114792
humaneval,105,epsilon_greedy,Under-Drafting,1,0.02258150279521942
humaneval,105,epsilon_greedy,Under-Drafting,1,0.006761424243450165
humaneval,105,epsilon_greedy,Under-Drafting,1,0.007936309091746807
humaneval,105,epsilon_greedy,Under-Drafting,1,0.008199717849493027
humaneval,105,epsilon_greedy,Under-Drafting,1,0.03690335899591446
humaneval,106,epsilon_greedy,Under-Drafting,1,0.06536614894866943
humaneval,106,epsilon_greedy,Under-Drafting,1,0.062064751982688904
humaneval,106,epsilon_greedy,Under-Drafting,1,0.16586753726005554
humaneval,106,epsilon_greedy,Under-Drafting,1,0.03342851996421814
humaneval,106,epsilon_greedy,Under-Drafting,1,0.004935515578836203
humaneval,106,epsilon_greedy,Under-Drafting,1,0.1701548546552658
humaneval,106,epsilon_greedy,Under-Drafting,1,0.1863376945257187
humaneval,106,epsilon_greedy,Under-Drafting,1,0.009670602157711983
humaneval,106,epsilon_greedy,Under-Drafting,1,0.01019519567489624
humaneval,106,epsilon_greedy,Under-Drafting,1,0.0036976770497858524
humaneval,106,epsilon_greedy,Under-Drafting,1,0.0015176176093518734
humaneval,107,epsilon_greedy,Under-Drafting,1,0.001152039272710681
humaneval,107,epsilon_greedy,Under-Drafting,1,0.010920370928943157
humaneval,107,epsilon_greedy,Under-Drafting,1,0.05987919867038727
humaneval,107,epsilon_greedy,Under-Drafting,1,0.004443156998604536
humaneval,107,epsilon_greedy,Under-Drafting,1,0.061246491968631744
humaneval,107,epsilon_greedy,Under-Drafting,1,0.005529517307877541
humaneval,107,epsilon_greedy,Under-Drafting,1,0.0014351203572005033
humaneval,107,epsilon_greedy,Under-Drafting,1,0.002562845591455698
humaneval,107,epsilon_greedy,Under-Drafting,1,0.0030639860779047012
humaneval,107,epsilon_greedy,Under-Drafting,1,0.06788625568151474
humaneval,107,epsilon_greedy,Under-Drafting,1,0.09991632401943207
humaneval,107,epsilon_greedy,Under-Drafting,1,0.026334097608923912
humaneval,107,epsilon_greedy,Under-Drafting,1,0.0006741885445080698
humaneval,107,epsilon_greedy,Under-Drafting,1,0.09111475199460983
humaneval,107,epsilon_greedy,Under-Drafting,1,0.0851101204752922
humaneval,108,epsilon_greedy,Under-Drafting,1,0.08616418391466141
humaneval,108,epsilon_greedy,Under-Drafting,1,0.1799025535583496
humaneval,108,epsilon_greedy,Under-Drafting,1,0.06533372402191162
humaneval,108,epsilon_greedy,Under-Drafting,1,0.07979551702737808
humaneval,108,epsilon_greedy,Under-Drafting,1,0.022901982069015503
humaneval,108,epsilon_greedy,Under-Drafting,1,0.04652723670005798
humaneval,108,epsilon_greedy,Under-Drafting,1,0.04253876954317093
humaneval,108,epsilon_greedy,Under-Drafting,1,0.021550096571445465
humaneval,108,epsilon_greedy,Under-Drafting,1,0.018879350274801254
humaneval,108,epsilon_greedy,Under-Drafting,1,0.005898758769035339
humaneval,108,epsilon_greedy,Under-Drafting,1,0.03355533629655838
humaneval,108,epsilon_greedy,Under-Drafting,1,0.04228242114186287
humaneval,109,epsilon_greedy,Under-Drafting,1,0.13721109926700592
humaneval,109,epsilon_greedy,Under-Drafting,1,0.0434202216565609
humaneval,109,epsilon_greedy,Under-Drafting,1,0.08971734344959259
humaneval,109,epsilon_greedy,Under-Drafting,1,0.059554845094680786
humaneval,109,epsilon_greedy,Under-Drafting,1,0.11853202432394028
humaneval,109,epsilon_greedy,Under-Drafting,1,0.039603907614946365
humaneval,109,epsilon_greedy,Under-Drafting,1,0.09024408459663391
humaneval,109,epsilon_greedy,Under-Drafting,1,0.02070038951933384
humaneval,109,epsilon_greedy,Under-Drafting,1,0.06696822494268417
humaneval,109,epsilon_greedy,Under-Drafting,1,0.043911103159189224
humaneval,110,epsilon_greedy,Under-Drafting,1,0.17855361104011536
humaneval,110,epsilon_greedy,Under-Drafting,1,0.13936853408813477
humaneval,110,epsilon_greedy,Under-Drafting,1,0.10659483820199966
humaneval,110,epsilon_greedy,Under-Drafting,1,0.08202742040157318
humaneval,110,epsilon_greedy,Under-Drafting,1,0.19893866777420044
humaneval,110,epsilon_greedy,Under-Drafting,1,0.0763419046998024
humaneval,111,epsilon_greedy,Under-Drafting,1,0.15154895186424255
humaneval,111,epsilon_greedy,Under-Drafting,1,0.03997800126671791
humaneval,111,epsilon_greedy,Under-Drafting,1,0.1379128247499466
humaneval,111,epsilon_greedy,Under-Drafting,1,0.06349021196365356
humaneval,112,epsilon_greedy,Under-Drafting,1,0.07610975205898285
humaneval,112,epsilon_greedy,Under-Drafting,1,0.08660942316055298
humaneval,112,epsilon_greedy,Under-Drafting,1,0.017192773520946503
humaneval,112,epsilon_greedy,Under-Drafting,1,0.008174076676368713
humaneval,112,epsilon_greedy,Under-Drafting,1,0.14868584275245667
humaneval,112,epsilon_greedy,Under-Drafting,1,0.06473496556282043
humaneval,112,epsilon_greedy,Under-Drafting,1,0.19653460383415222
humaneval,112,epsilon_greedy,Under-Drafting,1,0.05623325705528259
humaneval,112,epsilon_greedy,Under-Drafting,1,0.09136130660772324
humaneval,112,epsilon_greedy,Under-Drafting,1,0.007852394133806229
humaneval,112,epsilon_greedy,Under-Drafting,1,0.024290284141898155
humaneval,112,epsilon_greedy,Under-Drafting,1,0.014147310517728329
humaneval,112,epsilon_greedy,Under-Drafting,1,0.06744322180747986
humaneval,112,epsilon_greedy,Under-Drafting,1,0.08995691686868668
humaneval,112,epsilon_greedy,Under-Drafting,1,0.11023083329200745
humaneval,112,epsilon_greedy,Under-Drafting,1,0.005257315933704376
humaneval,113,epsilon_greedy,Under-Drafting,1,0.007656261324882507
humaneval,113,epsilon_greedy,Under-Drafting,1,0.1325380653142929
humaneval,113,epsilon_greedy,Under-Drafting,1,0.1271824985742569
humaneval,113,epsilon_greedy,Under-Drafting,1,0.04252389445900917
humaneval,114,epsilon_greedy,Under-Drafting,1,0.0695100948214531
humaneval,114,epsilon_greedy,Under-Drafting,1,0.18494753539562225
humaneval,114,epsilon_greedy,Under-Drafting,1,0.13190490007400513
humaneval,114,epsilon_greedy,Under-Drafting,1,0.0014882205286994576
humaneval,114,epsilon_greedy,Under-Drafting,1,0.05438467860221863
humaneval,114,epsilon_greedy,Under-Drafting,1,0.14233249425888062
humaneval,114,epsilon_greedy,Under-Drafting,1,0.04671622812747955
humaneval,114,epsilon_greedy,Under-Drafting,1,0.08270446211099625
humaneval,114,epsilon_greedy,Under-Drafting,1,0.007185820955783129
humaneval,114,epsilon_greedy,Under-Drafting,1,0.03742380440235138
humaneval,114,epsilon_greedy,Under-Drafting,1,0.00033503788290545344
humaneval,114,epsilon_greedy,Under-Drafting,1,0.1020265519618988
humaneval,114,epsilon_greedy,Under-Drafting,1,0.003986682742834091
humaneval,114,epsilon_greedy,Under-Drafting,1,0.00028825653134845197
humaneval,114,epsilon_greedy,Under-Drafting,1,0.058895938098430634
humaneval,114,epsilon_greedy,Under-Drafting,1,0.10794325172901154
humaneval,115,epsilon_greedy,Under-Drafting,1,0.15801681578159332
humaneval,115,epsilon_greedy,Under-Drafting,1,0.11356089264154434
humaneval,115,epsilon_greedy,Under-Drafting,1,0.06614566594362259
humaneval,115,epsilon_greedy,Under-Drafting,1,9.773005149327219e-05
humaneval,115,epsilon_greedy,Under-Drafting,1,0.007335081230849028
humaneval,115,epsilon_greedy,Under-Drafting,1,0.013823946937918663
humaneval,115,epsilon_greedy,Under-Drafting,1,0.0420982763171196
humaneval,115,epsilon_greedy,Under-Drafting,1,0.08168972283601761
humaneval,115,epsilon_greedy,Under-Drafting,1,0.003401136491447687
humaneval,115,epsilon_greedy,Under-Drafting,1,0.012887109071016312
humaneval,116,epsilon_greedy,Under-Drafting,1,0.14628535509109497
humaneval,116,epsilon_greedy,Under-Drafting,1,0.06678327172994614
humaneval,116,epsilon_greedy,Under-Drafting,1,0.10758226364850998
humaneval,117,epsilon_greedy,Under-Drafting,1,0.09245643764734268
humaneval,118,epsilon_greedy,Under-Drafting,1,3.589883272070438e-05
humaneval,118,epsilon_greedy,Under-Drafting,1,0.004006771836429834
humaneval,118,epsilon_greedy,Under-Drafting,1,0.027732573449611664
humaneval,118,epsilon_greedy,Under-Drafting,1,0.0530894435942173
humaneval,118,epsilon_greedy,Under-Drafting,1,0.12978754937648773
humaneval,118,epsilon_greedy,Under-Drafting,1,0.008336993865668774
humaneval,118,epsilon_greedy,Under-Drafting,1,0.0031025283969938755
humaneval,118,epsilon_greedy,Under-Drafting,1,0.00010959422797895968
humaneval,118,epsilon_greedy,Under-Drafting,1,0.004967654123902321
humaneval,118,epsilon_greedy,Under-Drafting,1,0.026047419756650925
humaneval,118,epsilon_greedy,Under-Drafting,1,0.0008989991620182991
humaneval,118,epsilon_greedy,Under-Drafting,1,0.02113925851881504
humaneval,118,epsilon_greedy,Under-Drafting,1,2.2821976017439738e-05
humaneval,118,epsilon_greedy,Under-Drafting,1,0.0013060132041573524
humaneval,118,epsilon_greedy,Under-Drafting,1,0.1101161390542984
humaneval,118,epsilon_greedy,Under-Drafting,1,0.08730094134807587
humaneval,119,epsilon_greedy,Under-Drafting,1,0.14229701459407806
humaneval,119,epsilon_greedy,Under-Drafting,1,0.0009288049768656492
humaneval,119,epsilon_greedy,Under-Drafting,1,0.020548569038510323
humaneval,119,epsilon_greedy,Under-Drafting,1,0.08167807757854462
humaneval,119,epsilon_greedy,Under-Drafting,1,0.009295443072915077
humaneval,119,epsilon_greedy,Under-Drafting,1,0.0003340776893310249
humaneval,119,epsilon_greedy,Under-Drafting,1,0.0010519304778426886
humaneval,119,epsilon_greedy,Under-Drafting,1,0.0013776305131614208
humaneval,120,epsilon_greedy,Over-Drafting,8,1
humaneval,120,epsilon_greedy,Under-Drafting,1,0.04326089471578598
humaneval,120,epsilon_greedy,Under-Drafting,1,0.09266436100006104
humaneval,120,epsilon_greedy,Under-Drafting,1,0.1695580780506134
humaneval,120,epsilon_greedy,Under-Drafting,1,0.007691750302910805
humaneval,120,epsilon_greedy,Under-Drafting,1,0.01801091805100441
humaneval,120,epsilon_greedy,Under-Drafting,1,0.1158226728439331
humaneval,120,epsilon_greedy,Under-Drafting,1,0.17726072669029236
humaneval,120,epsilon_greedy,Under-Drafting,1,0.012260030955076218
humaneval,120,epsilon_greedy,Under-Drafting,1,0.016213908791542053
humaneval,120,epsilon_greedy,Under-Drafting,1,0.06330293416976929
humaneval,121,epsilon_greedy,Under-Drafting,1,0.009434634819626808
humaneval,121,epsilon_greedy,Under-Drafting,1,0.17815271019935608
humaneval,121,epsilon_greedy,Under-Drafting,1,0.10527646541595459
humaneval,121,epsilon_greedy,Under-Drafting,1,0.010715841315686703
humaneval,121,epsilon_greedy,Under-Drafting,1,0.011652274988591671
humaneval,121,epsilon_greedy,Under-Drafting,1,0.004302433226257563
humaneval,121,epsilon_greedy,Under-Drafting,1,0.0050481343641877174
humaneval,121,epsilon_greedy,Under-Drafting,1,0.00580546073615551
humaneval,121,epsilon_greedy,Under-Drafting,1,0.0781555250287056
humaneval,121,epsilon_greedy,Under-Drafting,1,0.05366399139165878
humaneval,121,epsilon_greedy,Under-Drafting,1,0.004934315104037523
humaneval,122,epsilon_greedy,Under-Drafting,1,0.17281115055084229
humaneval,122,epsilon_greedy,Under-Drafting,1,0.1685398817062378
humaneval,122,epsilon_greedy,Under-Drafting,1,0.0020348518155515194
humaneval,122,epsilon_greedy,Under-Drafting,1,0.08034443110227585
humaneval,122,epsilon_greedy,Under-Drafting,1,0.18638378381729126
humaneval,122,epsilon_greedy,Under-Drafting,1,0.0004473708395380527
humaneval,122,epsilon_greedy,Under-Drafting,1,0.17020142078399658
humaneval,122,epsilon_greedy,Under-Drafting,1,0.09851907938718796
humaneval,123,epsilon_greedy,Under-Drafting,1,0.02186471037566662
humaneval,123,epsilon_greedy,Under-Drafting,1,0.003911909181624651
humaneval,123,epsilon_greedy,Under-Drafting,1,0.006273421458899975
humaneval,123,epsilon_greedy,Under-Drafting,1,0.012586189433932304
humaneval,123,epsilon_greedy,Under-Drafting,1,0.009999454952776432
humaneval,123,epsilon_greedy,Under-Drafting,1,0.004690673667937517
humaneval,123,epsilon_greedy,Under-Drafting,1,0.00915971864014864
humaneval,123,epsilon_greedy,Under-Drafting,1,0.006018218584358692
humaneval,123,epsilon_greedy,Under-Drafting,1,0.09177882969379425
humaneval,124,epsilon_greedy,Under-Drafting,1,0.18428117036819458
humaneval,124,epsilon_greedy,Under-Drafting,1,0.07143819332122803
humaneval,124,epsilon_greedy,Under-Drafting,1,0.158250093460083
humaneval,124,epsilon_greedy,Under-Drafting,1,0.032955095171928406
humaneval,124,epsilon_greedy,Under-Drafting,1,0.019506845623254776
humaneval,124,epsilon_greedy,Under-Drafting,1,0.033778246492147446
humaneval,124,epsilon_greedy,Under-Drafting,1,0.04553163796663284
humaneval,125,epsilon_greedy,Under-Drafting,1,0.08213285356760025
humaneval,125,epsilon_greedy,Under-Drafting,1,0.14375367760658264
humaneval,126,epsilon_greedy,Under-Drafting,1,0.06720125675201416
humaneval,126,epsilon_greedy,Under-Drafting,1,0.0952647253870964
humaneval,126,epsilon_greedy,Under-Drafting,1,0.1421632170677185
humaneval,126,epsilon_greedy,Under-Drafting,1,0.02985469624400139
humaneval,126,epsilon_greedy,Under-Drafting,1,0.19899213314056396
humaneval,127,epsilon_greedy,Under-Drafting,1,0.07741712778806686
humaneval,127,epsilon_greedy,Under-Drafting,1,0.004409993998706341
humaneval,127,epsilon_greedy,Under-Drafting,1,0.08525878190994263
humaneval,127,epsilon_greedy,Under-Drafting,1,0.009557709097862244
humaneval,127,epsilon_greedy,Under-Drafting,1,0.08972735702991486
humaneval,127,epsilon_greedy,Under-Drafting,1,0.0445563942193985
humaneval,127,epsilon_greedy,Under-Drafting,1,0.012093441560864449
humaneval,127,epsilon_greedy,Under-Drafting,1,0.005936691537499428
humaneval,127,epsilon_greedy,Under-Drafting,1,0.041680365800857544
humaneval,127,epsilon_greedy,Under-Drafting,1,0.04561515897512436
humaneval,127,epsilon_greedy,Under-Drafting,1,0.007956410758197308
humaneval,127,epsilon_greedy,Under-Drafting,1,0.05582515522837639
humaneval,127,epsilon_greedy,Under-Drafting,1,0.015208590775728226
humaneval,127,epsilon_greedy,Under-Drafting,1,0.0018084858311340213
humaneval,127,epsilon_greedy,Under-Drafting,1,0.01939241960644722
humaneval,127,epsilon_greedy,Under-Drafting,1,0.010664151050150394
humaneval,127,epsilon_greedy,Under-Drafting,1,0.004822020418941975
humaneval,127,epsilon_greedy,Under-Drafting,1,0.007128178607672453
humaneval,128,epsilon_greedy,Under-Drafting,1,0.057485926896333694
humaneval,128,epsilon_greedy,Under-Drafting,1,0.08725417405366898
humaneval,128,epsilon_greedy,Under-Drafting,1,0.1423632651567459
humaneval,129,epsilon_greedy,Under-Drafting,1,0.11080025136470795
humaneval,129,epsilon_greedy,Under-Drafting,1,0.12662963569164276
humaneval,129,epsilon_greedy,Under-Drafting,1,0.13853715360164642
humaneval,129,epsilon_greedy,Under-Drafting,1,0.04027527570724487
humaneval,129,epsilon_greedy,Under-Drafting,1,0.03536863252520561
humaneval,129,epsilon_greedy,Under-Drafting,1,0.0049094874411821365
humaneval,129,epsilon_greedy,Under-Drafting,1,0.09717663377523422
humaneval,129,epsilon_greedy,Under-Drafting,1,0.08190208673477173
humaneval,129,epsilon_greedy,Under-Drafting,1,0.14943927526474
humaneval,129,epsilon_greedy,Under-Drafting,1,0.021762212738394737
humaneval,129,epsilon_greedy,Under-Drafting,1,0.005879607051610947
humaneval,130,epsilon_greedy,Under-Drafting,1,0.10280726850032806
humaneval,130,epsilon_greedy,Under-Drafting,1,0.16626983880996704
humaneval,130,epsilon_greedy,Under-Drafting,1,0.13565316796302795
humaneval,130,epsilon_greedy,Under-Drafting,1,0.03415333479642868
humaneval,130,epsilon_greedy,Under-Drafting,1,0.1546795517206192
humaneval,130,epsilon_greedy,Under-Drafting,1,0.13808540999889374
humaneval,130,epsilon_greedy,Under-Drafting,1,0.025375869125127792
humaneval,130,epsilon_greedy,Under-Drafting,1,0.07421734184026718
humaneval,130,epsilon_greedy,Under-Drafting,1,0.04938314110040665
humaneval,130,epsilon_greedy,Under-Drafting,1,0.12404336035251617
humaneval,130,epsilon_greedy,Under-Drafting,1,0.07600603997707367
humaneval,130,epsilon_greedy,Under-Drafting,1,0.17312408983707428
humaneval,130,epsilon_greedy,Under-Drafting,1,0.07769811898469925
humaneval,131,epsilon_greedy,Under-Drafting,1,0.15247398614883423
humaneval,131,epsilon_greedy,Under-Drafting,1,0.09928584843873978
humaneval,131,epsilon_greedy,Under-Drafting,1,0.09625919908285141
humaneval,131,epsilon_greedy,Under-Drafting,1,0.03559528663754463
humaneval,131,epsilon_greedy,Under-Drafting,1,0.009386968798935413
humaneval,131,epsilon_greedy,Under-Drafting,1,0.024180840700864792
humaneval,131,epsilon_greedy,Under-Drafting,1,0.06084698811173439
humaneval,132,epsilon_greedy,Under-Drafting,1,0.15706944465637207
humaneval,132,epsilon_greedy,Under-Drafting,1,0.005336654372513294
humaneval,132,epsilon_greedy,Under-Drafting,1,0.07971794903278351
humaneval,132,epsilon_greedy,Under-Drafting,1,0.018990086391568184
humaneval,132,epsilon_greedy,Under-Drafting,1,0.00995144434273243
humaneval,132,epsilon_greedy,Under-Drafting,1,0.028101421892642975
humaneval,132,epsilon_greedy,Under-Drafting,1,0.0034809657372534275
humaneval,132,epsilon_greedy,Under-Drafting,1,0.04501336067914963
humaneval,132,epsilon_greedy,Under-Drafting,1,0.06163060665130615
humaneval,132,epsilon_greedy,Under-Drafting,1,0.00325945857912302
humaneval,132,epsilon_greedy,Under-Drafting,1,0.00201158644631505
humaneval,132,epsilon_greedy,Under-Drafting,1,0.012597160413861275
humaneval,132,epsilon_greedy,Under-Drafting,1,0.0039883824065327644
humaneval,132,epsilon_greedy,Under-Drafting,1,0.010065391659736633
humaneval,132,epsilon_greedy,Under-Drafting,1,0.035295262932777405
humaneval,133,epsilon_greedy,Under-Drafting,1,0.028354741632938385
humaneval,133,epsilon_greedy,Under-Drafting,1,0.06590832769870758
humaneval,133,epsilon_greedy,Under-Drafting,1,0.08376806974411011
humaneval,133,epsilon_greedy,Under-Drafting,1,0.028034459799528122
humaneval,133,epsilon_greedy,Under-Drafting,1,0.057868681848049164
humaneval,133,epsilon_greedy,Under-Drafting,1,0.0021555540151894093
humaneval,133,epsilon_greedy,Under-Drafting,1,0.07593513280153275
humaneval,133,epsilon_greedy,Under-Drafting,1,0.014385928399860859
humaneval,133,epsilon_greedy,Under-Drafting,1,0.03420956805348396
humaneval,133,epsilon_greedy,Under-Drafting,1,0.0170082189142704
humaneval,133,epsilon_greedy,Under-Drafting,1,0.019554853439331055
humaneval,133,epsilon_greedy,Under-Drafting,1,0.019068576395511627
humaneval,133,epsilon_greedy,Under-Drafting,1,0.020316192880272865
humaneval,134,epsilon_greedy,Under-Drafting,1,0.13789905607700348
humaneval,134,epsilon_greedy,Under-Drafting,1,0.0034369213972240686
humaneval,134,epsilon_greedy,Under-Drafting,1,0.10689429193735123
humaneval,134,epsilon_greedy,Under-Drafting,1,0.11977694183588028
humaneval,135,epsilon_greedy,Under-Drafting,1,0.016407527029514313
humaneval,135,epsilon_greedy,Under-Drafting,1,0.07870756089687347
humaneval,135,epsilon_greedy,Under-Drafting,1,0.06764014065265656
humaneval,135,epsilon_greedy,Under-Drafting,1,0.001524690305814147
humaneval,135,epsilon_greedy,Under-Drafting,1,0.03280191496014595
humaneval,135,epsilon_greedy,Under-Drafting,1,0.019492143765091896
humaneval,135,epsilon_greedy,Under-Drafting,1,0.1250012367963791
humaneval,136,epsilon_greedy,Under-Drafting,1,0.10991603136062622
humaneval,136,epsilon_greedy,Under-Drafting,1,0.17911416292190552
humaneval,136,epsilon_greedy,Under-Drafting,1,0.17468233406543732
humaneval,136,epsilon_greedy,Under-Drafting,1,0.1574692279100418
humaneval,136,epsilon_greedy,Under-Drafting,1,0.013686060905456543
humaneval,136,epsilon_greedy,Under-Drafting,1,0.032897595316171646
humaneval,136,epsilon_greedy,Under-Drafting,1,0.10016759485006332
humaneval,136,epsilon_greedy,Under-Drafting,1,0.09200994670391083
humaneval,136,epsilon_greedy,Under-Drafting,1,0.013126851990818977
humaneval,136,epsilon_greedy,Under-Drafting,1,0.04134506732225418
humaneval,136,epsilon_greedy,Under-Drafting,1,0.13088858127593994
humaneval,136,epsilon_greedy,Under-Drafting,1,0.1273937076330185
humaneval,136,epsilon_greedy,Under-Drafting,1,0.012278234586119652
humaneval,136,epsilon_greedy,Under-Drafting,1,0.007413338404148817
humaneval,136,epsilon_greedy,Under-Drafting,1,0.13987436890602112
humaneval,137,epsilon_greedy,Under-Drafting,1,0.07850481569766998
humaneval,137,epsilon_greedy,Under-Drafting,1,0.026013480499386787
humaneval,137,epsilon_greedy,Under-Drafting,1,0.11198090016841888
humaneval,137,epsilon_greedy,Under-Drafting,1,0.005937235429883003
humaneval,137,epsilon_greedy,Under-Drafting,1,0.010982578620314598
humaneval,137,epsilon_greedy,Under-Drafting,1,0.07377985864877701
humaneval,137,epsilon_greedy,Under-Drafting,1,0.05193110555410385
humaneval,137,epsilon_greedy,Under-Drafting,1,0.12463133782148361
humaneval,138,epsilon_greedy,Under-Drafting,1,0.07110024988651276
humaneval,138,epsilon_greedy,Under-Drafting,1,0.16934624314308167
humaneval,138,epsilon_greedy,Under-Drafting,1,0.04272294044494629
humaneval,138,epsilon_greedy,Under-Drafting,1,0.19634047150611877
humaneval,138,epsilon_greedy,Under-Drafting,1,0.0543813519179821
humaneval,138,epsilon_greedy,Under-Drafting,1,0.0069728875532746315
humaneval,138,epsilon_greedy,Under-Drafting,1,0.05583566799759865
humaneval,138,epsilon_greedy,Under-Drafting,1,0.015657445415854454
humaneval,138,epsilon_greedy,Under-Drafting,1,0.0002359504869673401
humaneval,138,epsilon_greedy,Under-Drafting,1,0.011693838983774185
humaneval,138,epsilon_greedy,Under-Drafting,1,0.0038819857873022556
humaneval,138,epsilon_greedy,Under-Drafting,1,0.0013109209248796105
humaneval,139,epsilon_greedy,Under-Drafting,1,0.08334281295537949
humaneval,139,epsilon_greedy,Under-Drafting,1,0.16628092527389526
humaneval,139,epsilon_greedy,Under-Drafting,1,0.02398599311709404
humaneval,139,epsilon_greedy,Under-Drafting,1,0.0013226121664047241
humaneval,139,epsilon_greedy,Under-Drafting,1,0.08248090744018555
humaneval,139,epsilon_greedy,Over-Drafting,8,1
humaneval,139,epsilon_greedy,Under-Drafting,1,0.007326451130211353
humaneval,139,epsilon_greedy,Under-Drafting,1,0.0049931639805436134
humaneval,139,epsilon_greedy,Under-Drafting,1,0.005065076053142548
humaneval,139,epsilon_greedy,Under-Drafting,1,0.008212252520024776
humaneval,139,epsilon_greedy,Under-Drafting,1,0.0004027161339763552
humaneval,139,epsilon_greedy,Under-Drafting,1,0.01053302176296711
humaneval,139,epsilon_greedy,Under-Drafting,1,7.870807166909799e-05
humaneval,140,epsilon_greedy,Under-Drafting,1,0.027752943336963654
humaneval,140,epsilon_greedy,Under-Drafting,1,0.04924432188272476
humaneval,140,epsilon_greedy,Under-Drafting,1,0.1301461011171341
humaneval,140,epsilon_greedy,Under-Drafting,1,0.1861831098794937
humaneval,140,epsilon_greedy,Under-Drafting,1,0.11298857629299164
humaneval,140,epsilon_greedy,Under-Drafting,1,0.09153824299573898
humaneval,140,epsilon_greedy,Under-Drafting,1,0.012517300434410572
humaneval,140,epsilon_greedy,Under-Drafting,1,0.03477711230516434
humaneval,140,epsilon_greedy,Under-Drafting,1,0.0062649669125676155
humaneval,140,epsilon_greedy,Under-Drafting,1,0.00277916737832129
humaneval,141,epsilon_greedy,Under-Drafting,1,0.024216584861278534
humaneval,141,epsilon_greedy,Under-Drafting,1,0.013587499037384987
humaneval,141,epsilon_greedy,Under-Drafting,1,0.003842733334749937
humaneval,141,epsilon_greedy,Under-Drafting,1,0.09253980964422226
humaneval,141,epsilon_greedy,Under-Drafting,1,0.0022340966388583183
humaneval,142,epsilon_greedy,Under-Drafting,1,0.02394283190369606
humaneval,142,epsilon_greedy,Under-Drafting,1,0.10308387875556946
humaneval,142,epsilon_greedy,Under-Drafting,1,0.11542635411024094
humaneval,142,epsilon_greedy,Under-Drafting,1,0.03657621517777443
humaneval,142,epsilon_greedy,Under-Drafting,1,0.13679158687591553
humaneval,142,epsilon_greedy,Under-Drafting,1,0.018955672159790993
humaneval,143,epsilon_greedy,Under-Drafting,1,0.19329962134361267
humaneval,143,epsilon_greedy,Over-Drafting,8,0
humaneval,143,epsilon_greedy,Under-Drafting,1,0.1644820123910904
humaneval,143,epsilon_greedy,Under-Drafting,1,0.032871536910533905
humaneval,143,epsilon_greedy,Under-Drafting,1,0.07359614223241806
humaneval,143,epsilon_greedy,Under-Drafting,1,0.024001190438866615
humaneval,143,epsilon_greedy,Under-Drafting,1,0.053318221122026443
humaneval,143,epsilon_greedy,Under-Drafting,1,0.010214167647063732
humaneval,143,epsilon_greedy,Under-Drafting,1,0.023853804916143417
humaneval,143,epsilon_greedy,Under-Drafting,1,0.0993296280503273
humaneval,143,epsilon_greedy,Under-Drafting,1,0.01616763137280941
humaneval,143,epsilon_greedy,Under-Drafting,1,0.011655798181891441
humaneval,143,epsilon_greedy,Under-Drafting,1,0.017871670424938202
humaneval,144,epsilon_greedy,Under-Drafting,1,0.1266106218099594
humaneval,144,epsilon_greedy,Under-Drafting,1,0.19228553771972656
humaneval,145,epsilon_greedy,Under-Drafting,1,0.04533267021179199
humaneval,145,epsilon_greedy,Under-Drafting,1,0.0086714718490839
humaneval,145,epsilon_greedy,Under-Drafting,1,0.19045591354370117
humaneval,145,epsilon_greedy,Under-Drafting,1,0.030120426788926125
humaneval,145,epsilon_greedy,Under-Drafting,1,0.02943476289510727
humaneval,145,epsilon_greedy,Under-Drafting,1,0.007175787352025509
humaneval,145,epsilon_greedy,Under-Drafting,1,0.002852978650480509
humaneval,145,epsilon_greedy,Under-Drafting,1,0.007316108327358961
humaneval,145,epsilon_greedy,Under-Drafting,1,0.01937687397003174
humaneval,145,epsilon_greedy,Under-Drafting,1,0.055260974913835526
humaneval,145,epsilon_greedy,Under-Drafting,1,0.027630388736724854
humaneval,145,epsilon_greedy,Under-Drafting,1,0.07191548496484756
humaneval,145,epsilon_greedy,Under-Drafting,1,0.0109329828992486
humaneval,146,epsilon_greedy,Under-Drafting,1,0.00662408908829093
humaneval,146,epsilon_greedy,Under-Drafting,1,0.02098093554377556
humaneval,146,epsilon_greedy,Under-Drafting,1,0.0428558886051178
humaneval,146,epsilon_greedy,Under-Drafting,1,0.004287130665034056
humaneval,146,epsilon_greedy,Under-Drafting,1,0.014880966395139694
humaneval,146,epsilon_greedy,Under-Drafting,1,0.0530872717499733
humaneval,146,epsilon_greedy,Under-Drafting,1,0.0032840159256011248
humaneval,146,epsilon_greedy,Under-Drafting,1,0.09682309627532959
humaneval,146,epsilon_greedy,Under-Drafting,1,0.0438883975148201
humaneval,146,epsilon_greedy,Under-Drafting,1,0.059591155499219894
humaneval,146,epsilon_greedy,Under-Drafting,1,0.073800228536129
humaneval,147,epsilon_greedy,Under-Drafting,1,0.09954182058572769
humaneval,147,epsilon_greedy,Under-Drafting,1,0.16663715243339539
humaneval,147,epsilon_greedy,Under-Drafting,1,0.03790009766817093
humaneval,147,epsilon_greedy,Under-Drafting,1,0.004936985671520233
humaneval,147,epsilon_greedy,Under-Drafting,1,0.12321000546216965
humaneval,147,epsilon_greedy,Under-Drafting,1,0.012960080988705158
humaneval,148,epsilon_greedy,Under-Drafting,1,0.06478700041770935
humaneval,148,epsilon_greedy,Under-Drafting,1,0.16147218644618988
humaneval,148,epsilon_greedy,Under-Drafting,1,0.15849052369594574
humaneval,148,epsilon_greedy,Under-Drafting,1,0.09982220828533173
humaneval,148,epsilon_greedy,Under-Drafting,1,0.0039359889924526215
humaneval,148,epsilon_greedy,Under-Drafting,1,0.07247157394886017
humaneval,148,epsilon_greedy,Under-Drafting,1,0.01955517940223217
humaneval,148,epsilon_greedy,Under-Drafting,1,0.146871417760849
humaneval,148,epsilon_greedy,Under-Drafting,1,0.00017676266725175083
humaneval,148,epsilon_greedy,Under-Drafting,1,0.09817847609519958
humaneval,148,epsilon_greedy,Under-Drafting,1,0.015753358602523804
humaneval,148,epsilon_greedy,Over-Drafting,8,0
humaneval,149,epsilon_greedy,Under-Drafting,1,0.10789735615253448
humaneval,149,epsilon_greedy,Under-Drafting,1,0.1885162591934204
humaneval,149,epsilon_greedy,Under-Drafting,1,0.040989845991134644
humaneval,149,epsilon_greedy,Under-Drafting,1,0.008132336661219597
humaneval,149,epsilon_greedy,Under-Drafting,1,0.08093301951885223
humaneval,149,epsilon_greedy,Under-Drafting,1,0.024684162810444832
humaneval,149,epsilon_greedy,Under-Drafting,1,0.05623568594455719
humaneval,149,epsilon_greedy,Under-Drafting,1,0.0018884865567088127
humaneval,149,epsilon_greedy,Under-Drafting,1,0.1411145031452179
humaneval,149,epsilon_greedy,Under-Drafting,1,0.021623339504003525
humaneval,149,epsilon_greedy,Under-Drafting,1,0.07440723478794098
humaneval,149,epsilon_greedy,Under-Drafting,1,0.0020337882451713085
humaneval,150,epsilon_greedy,Under-Drafting,1,0.044707510620355606
humaneval,150,epsilon_greedy,Under-Drafting,1,0.13674506545066833
humaneval,150,epsilon_greedy,Under-Drafting,1,0.01798097975552082
humaneval,150,epsilon_greedy,Under-Drafting,1,0.1805107146501541
humaneval,150,epsilon_greedy,Under-Drafting,1,0.023787418380379677
humaneval,150,epsilon_greedy,Under-Drafting,1,0.07967996597290039
humaneval,150,epsilon_greedy,Under-Drafting,1,0.023097030818462372
humaneval,151,epsilon_greedy,Under-Drafting,1,0.013596903532743454
humaneval,151,epsilon_greedy,Under-Drafting,1,0.09532147645950317
humaneval,151,epsilon_greedy,Under-Drafting,1,0.017783673480153084
humaneval,151,epsilon_greedy,Under-Drafting,1,0.028713293373584747
humaneval,151,epsilon_greedy,Under-Drafting,1,0.05417412519454956
humaneval,151,epsilon_greedy,Under-Drafting,1,0.018100960180163383
humaneval,151,epsilon_greedy,Under-Drafting,1,0.012267682701349258
humaneval,151,epsilon_greedy,Under-Drafting,1,0.028194421902298927
humaneval,151,epsilon_greedy,Under-Drafting,1,0.1573508083820343
humaneval,151,epsilon_greedy,Under-Drafting,1,0.010302670300006866
humaneval,151,epsilon_greedy,Under-Drafting,1,0.0024707019329071045
humaneval,152,epsilon_greedy,Over-Drafting,8,1
humaneval,152,epsilon_greedy,Under-Drafting,1,0.05103317275643349
humaneval,152,epsilon_greedy,Under-Drafting,1,0.10622712969779968
humaneval,152,epsilon_greedy,Under-Drafting,1,0.039570730179548264
humaneval,152,epsilon_greedy,Under-Drafting,1,0.041028935462236404
humaneval,152,epsilon_greedy,Under-Drafting,1,0.015058779157698154
humaneval,152,epsilon_greedy,Under-Drafting,1,0.1657939851284027
humaneval,152,epsilon_greedy,Under-Drafting,1,0.046814773231744766
humaneval,152,epsilon_greedy,Under-Drafting,1,0.0643448457121849
humaneval,153,epsilon_greedy,Over-Drafting,8,0
humaneval,153,epsilon_greedy,Under-Drafting,1,0.020188946276903152
humaneval,153,epsilon_greedy,Under-Drafting,1,0.10688202828168869
humaneval,153,epsilon_greedy,Under-Drafting,1,0.027455400675535202
humaneval,153,epsilon_greedy,Under-Drafting,1,0.03144347295165062
humaneval,154,epsilon_greedy,Under-Drafting,1,0.1840095967054367
humaneval,154,epsilon_greedy,Under-Drafting,1,0.172736257314682
humaneval,154,epsilon_greedy,Under-Drafting,1,0.059354934841394424
humaneval,154,epsilon_greedy,Under-Drafting,1,0.12878477573394775
humaneval,154,epsilon_greedy,Under-Drafting,1,0.0918118804693222
humaneval,154,epsilon_greedy,Under-Drafting,1,0.008891342207789421
humaneval,154,epsilon_greedy,Under-Drafting,1,0.004958950448781252
humaneval,155,epsilon_greedy,Under-Drafting,1,0.06874552369117737
humaneval,155,epsilon_greedy,Under-Drafting,1,0.00529920868575573
humaneval,155,epsilon_greedy,Under-Drafting,1,0.08091093599796295
humaneval,155,epsilon_greedy,Under-Drafting,1,0.0502944253385067
humaneval,155,epsilon_greedy,Under-Drafting,1,0.02993513084948063
humaneval,155,epsilon_greedy,Under-Drafting,1,0.16647319495677948
humaneval,155,epsilon_greedy,Under-Drafting,1,0.09785367548465729
humaneval,155,epsilon_greedy,Under-Drafting,1,0.1285267472267151
humaneval,155,epsilon_greedy,Under-Drafting,1,0.014127258211374283
humaneval,155,epsilon_greedy,Under-Drafting,1,0.10879658162593842
humaneval,155,epsilon_greedy,Under-Drafting,1,0.18497347831726074
humaneval,155,epsilon_greedy,Under-Drafting,1,0.01852954551577568
humaneval,155,epsilon_greedy,Under-Drafting,1,0.054642170667648315
humaneval,155,epsilon_greedy,Under-Drafting,1,0.0029206674080342054
humaneval,155,epsilon_greedy,Under-Drafting,1,0.046871840953826904
humaneval,156,epsilon_greedy,Under-Drafting,1,0.1138119325041771
humaneval,156,epsilon_greedy,Under-Drafting,1,0.018443899229168892
humaneval,156,epsilon_greedy,Under-Drafting,1,0.010042908601462841
humaneval,156,epsilon_greedy,Under-Drafting,1,0.11224588751792908
humaneval,156,epsilon_greedy,Under-Drafting,1,6.104425119701773e-05
humaneval,156,epsilon_greedy,Under-Drafting,1,0.00016763570602051914
humaneval,156,epsilon_greedy,Under-Drafting,1,0.006952808704227209
humaneval,156,epsilon_greedy,Under-Drafting,1,4.981211532140151e-05
humaneval,156,epsilon_greedy,Under-Drafting,1,0.0009129892569035292
humaneval,156,epsilon_greedy,Under-Drafting,1,0.19284962117671967
humaneval,156,epsilon_greedy,Under-Drafting,1,0.011990253813564777
humaneval,156,epsilon_greedy,Under-Drafting,1,0.0007918119663372636
humaneval,156,epsilon_greedy,Under-Drafting,1,0.0007211000192910433
humaneval,156,epsilon_greedy,Under-Drafting,1,0.008861840702593327
humaneval,156,epsilon_greedy,Under-Drafting,1,0.00128054223023355
humaneval,156,epsilon_greedy,Under-Drafting,1,0.03164201229810715
humaneval,157,epsilon_greedy,Under-Drafting,1,0.053089141845703125
humaneval,157,epsilon_greedy,Under-Drafting,1,0.14094997942447662
humaneval,157,epsilon_greedy,Under-Drafting,1,0.005757610779255629
humaneval,157,epsilon_greedy,Under-Drafting,1,0.1211884394288063
humaneval,157,epsilon_greedy,Under-Drafting,1,0.007625022437423468
humaneval,157,epsilon_greedy,Under-Drafting,1,0.03904110565781593
humaneval,157,epsilon_greedy,Under-Drafting,1,0.01992161199450493
humaneval,157,epsilon_greedy,Under-Drafting,1,0.004670583177357912
humaneval,157,epsilon_greedy,Under-Drafting,1,0.1976022571325302
humaneval,157,epsilon_greedy,Under-Drafting,1,0.0043096053414046764
humaneval,157,epsilon_greedy,Under-Drafting,1,0.02328874170780182
humaneval,157,epsilon_greedy,Under-Drafting,1,0.08425086736679077
humaneval,157,epsilon_greedy,Under-Drafting,1,0.0901205912232399
humaneval,157,epsilon_greedy,Under-Drafting,1,0.012429109774529934
humaneval,157,epsilon_greedy,Under-Drafting,1,0.001798213110305369
humaneval,158,epsilon_greedy,Under-Drafting,1,0.0820503830909729
humaneval,158,epsilon_greedy,Under-Drafting,1,0.11051285266876221
humaneval,159,epsilon_greedy,Over-Drafting,8,1
humaneval,159,epsilon_greedy,Under-Drafting,1,0.0038391852285712957
humaneval,159,epsilon_greedy,Under-Drafting,1,0.09099574387073517
humaneval,159,epsilon_greedy,Under-Drafting,1,0.00409453921020031
humaneval,159,epsilon_greedy,Under-Drafting,1,0.027878224849700928
humaneval,159,epsilon_greedy,Under-Drafting,1,0.07747239619493484
humaneval,159,epsilon_greedy,Under-Drafting,1,0.06210535019636154
humaneval,159,epsilon_greedy,Under-Drafting,1,0.008286540396511555
humaneval,159,epsilon_greedy,Under-Drafting,1,0.030455565080046654
humaneval,159,epsilon_greedy,Under-Drafting,1,0.0066415006294846535
humaneval,159,epsilon_greedy,Under-Drafting,1,0.0010443765204399824
humaneval,159,epsilon_greedy,Under-Drafting,1,0.027575228363275528
humaneval,159,epsilon_greedy,Under-Drafting,1,0.00269114738330245
humaneval,159,epsilon_greedy,Under-Drafting,1,0.0005612688255496323
humaneval,159,epsilon_greedy,Under-Drafting,1,0.00470741419121623
humaneval,159,epsilon_greedy,Under-Drafting,1,0.004455783404409885
humaneval,159,epsilon_greedy,Under-Drafting,1,0.001001768046990037
humaneval,159,epsilon_greedy,Under-Drafting,1,0.007264118641614914
humaneval,160,epsilon_greedy,Under-Drafting,1,0.019749782979488373
humaneval,160,epsilon_greedy,Under-Drafting,1,0.06306350976228714
humaneval,160,epsilon_greedy,Under-Drafting,1,0.009167291224002838
humaneval,160,epsilon_greedy,Under-Drafting,1,0.109932079911232
humaneval,160,epsilon_greedy,Under-Drafting,1,0.028214212507009506
humaneval,160,epsilon_greedy,Under-Drafting,1,0.06615482270717621
humaneval,160,epsilon_greedy,Under-Drafting,1,0.1202227920293808
humaneval,160,epsilon_greedy,Under-Drafting,1,0.012369286268949509
humaneval,161,epsilon_greedy,Under-Drafting,1,0.13705362379550934
humaneval,161,epsilon_greedy,Under-Drafting,1,0.0379047691822052
humaneval,161,epsilon_greedy,Under-Drafting,1,0.058373868465423584
humaneval,161,epsilon_greedy,Under-Drafting,1,0.08614753186702728
humaneval,161,epsilon_greedy,Under-Drafting,1,0.02987334504723549
humaneval,161,epsilon_greedy,Under-Drafting,1,0.10219931602478027
humaneval,161,epsilon_greedy,Under-Drafting,1,0.08499900251626968
humaneval,162,epsilon_greedy,Under-Drafting,1,0.07636667788028717
humaneval,162,epsilon_greedy,Under-Drafting,1,0.0861210972070694
humaneval,162,epsilon_greedy,Under-Drafting,1,0.02880704030394554
humaneval,162,epsilon_greedy,Under-Drafting,1,0.0007919640047475696
humaneval,162,epsilon_greedy,Under-Drafting,1,0.0035724530462175608
humaneval,162,epsilon_greedy,Under-Drafting,1,0.1596670150756836
humaneval,162,epsilon_greedy,Under-Drafting,1,0.0005446941941045225
humaneval,162,epsilon_greedy,Under-Drafting,1,0.01812947541475296
humaneval,162,epsilon_greedy,Under-Drafting,1,0.06737710535526276
humaneval,162,epsilon_greedy,Under-Drafting,1,0.005642573814839125
humaneval,163,epsilon_greedy,Under-Drafting,1,0.03558901697397232
humaneval,163,epsilon_greedy,Under-Drafting,1,0.027488401159644127
humaneval,163,epsilon_greedy,Under-Drafting,1,0.0046053240075707436
humaneval,163,epsilon_greedy,Under-Drafting,1,0.013738268986344337
humaneval,163,epsilon_greedy,Under-Drafting,1,0.013098777271807194
humaneval,163,epsilon_greedy,Under-Drafting,1,0.014747550711035728
humaneval,163,epsilon_greedy,Under-Drafting,1,0.0002987884799949825
humaneval,163,epsilon_greedy,Under-Drafting,1,0.0002571429358795285
humaneval,163,epsilon_greedy,Under-Drafting,1,0.002896360820159316
humaneval,163,epsilon_greedy,Under-Drafting,1,0.0015654589515179396
humaneval,163,epsilon_greedy,Under-Drafting,1,0.010427472181618214
humaneval,163,epsilon_greedy,Under-Drafting,1,0.002584640169516206
humaneval,163,epsilon_greedy,Under-Drafting,1,0.0010022703791037202
humaneval,163,epsilon_greedy,Under-Drafting,1,0.0005590793443843722
humaneval,163,epsilon_greedy,Under-Drafting,1,0.0021536860149353743
humaneval,163,epsilon_greedy,Under-Drafting,1,0.00016922137001529336
humaneval,163,epsilon_greedy,Under-Drafting,1,0.11085935682058334
humaneval,163,epsilon_greedy,Under-Drafting,1,0.02484273910522461
humaneval,163,epsilon_greedy,Under-Drafting,1,0.0004881410568486899
humaneval,0,ucb,Under-Drafting,1,0.08080562204122543
humaneval,1,ucb,Under-Drafting,1,0.06063215807080269
humaneval,2,ucb,Under-Drafting,1,0.07493315637111664
humaneval,3,ucb,Under-Drafting,1,0.06160452589392662
humaneval,3,ucb,Under-Drafting,1,0.018303826451301575
humaneval,5,ucb,Under-Drafting,1,0.07602624595165253
humaneval,5,ucb,Under-Drafting,1,0.13794077932834625
humaneval,5,ucb,Under-Drafting,1,0.07110659778118134
humaneval,6,ucb,Over-Drafting,8,1
humaneval,6,ucb,Under-Drafting,1,0.06122126430273056
humaneval,7,ucb,Under-Drafting,1,0.08024190366268158
humaneval,8,ucb,Under-Drafting,1,0.0025171427987515926
humaneval,8,ucb,Under-Drafting,1,0.10618993639945984
humaneval,9,ucb,Over-Drafting,8,1
humaneval,9,ucb,Under-Drafting,1,0.014436665922403336
humaneval,11,ucb,Under-Drafting,1,0.05405989661812782
humaneval,12,ucb,Under-Drafting,1,0.019656090065836906
humaneval,13,ucb,Under-Drafting,1,0.11846298724412918
humaneval,14,ucb,Under-Drafting,1,0.01394901517778635
humaneval,15,ucb,Over-Drafting,8,1
humaneval,15,ucb,Under-Drafting,1,0.021454891189932823
humaneval,16,ucb,Under-Drafting,1,0.002211903454735875
humaneval,16,ucb,Under-Drafting,1,0.018397478386759758
humaneval,17,ucb,Under-Drafting,1,0.09042247384786606
humaneval,18,ucb,Under-Drafting,1,0.004106441512703896
humaneval,19,ucb,Over-Drafting,8,1
humaneval,19,ucb,Under-Drafting,1,0.008974109776318073
humaneval,21,ucb,Under-Drafting,1,0.10310588777065277
humaneval,21,ucb,Under-Drafting,1,0.19452497363090515
humaneval,21,ucb,Under-Drafting,1,0.010525336489081383
humaneval,22,ucb,Under-Drafting,1,0.020719006657600403
humaneval,22,ucb,Over-Drafting,8,1
humaneval,24,ucb,Under-Drafting,1,0.0820658877491951
humaneval,24,ucb,Under-Drafting,1,0.042859021574258804
humaneval,25,ucb,Under-Drafting,1,0.06533898413181305
humaneval,25,ucb,Under-Drafting,1,0.016744129359722137
humaneval,26,ucb,Under-Drafting,1,0.12783196568489075
humaneval,27,ucb,Under-Drafting,1,0.19345693290233612
humaneval,27,ucb,Under-Drafting,1,0.006689681205898523
humaneval,28,ucb,Under-Drafting,1,0.0718822181224823
humaneval,28,ucb,Over-Drafting,8,0
humaneval,28,ucb,Under-Drafting,1,0.020983826369047165
humaneval,29,ucb,Under-Drafting,1,0.034889161586761475
humaneval,29,ucb,Under-Drafting,1,0.1482865810394287
humaneval,29,ucb,Under-Drafting,1,0.0018951327074319124
humaneval,30,ucb,Under-Drafting,1,0.06970304250717163
humaneval,30,ucb,Under-Drafting,1,0.0008119222475215793
humaneval,31,ucb,Over-Drafting,8,1
humaneval,31,ucb,Under-Drafting,1,0.03530249744653702
humaneval,31,ucb,Under-Drafting,1,0.007697264198213816
humaneval,32,ucb,Under-Drafting,1,0.021542776376008987
humaneval,32,ucb,Under-Drafting,1,0.021931065246462822
humaneval,33,ucb,Under-Drafting,1,0.10138620436191559
humaneval,34,ucb,Under-Drafting,1,0.009340472519397736
humaneval,35,ucb,Over-Drafting,8,1
humaneval,35,ucb,Under-Drafting,1,0.007199023850262165
humaneval,36,ucb,Under-Drafting,1,0.015528921969234943
humaneval,36,ucb,Under-Drafting,1,0.005224561784416437
humaneval,37,ucb,Under-Drafting,1,0.0062545957043766975
humaneval,38,ucb,Under-Drafting,1,0.004244550596922636
humaneval,39,ucb,Over-Drafting,8,1
humaneval,40,ucb,Under-Drafting,1,0.009950945153832436
humaneval,40,ucb,Under-Drafting,1,0.001684296177700162
humaneval,40,ucb,Under-Drafting,1,0.005063403397798538
humaneval,41,ucb,Over-Drafting,8,0
humaneval,42,ucb,Under-Drafting,1,0.004482544492930174
humaneval,43,ucb,Under-Drafting,1,0.0012623091461136937
humaneval,43,ucb,Under-Drafting,1,0.04039361700415611
humaneval,44,ucb,Over-Drafting,8,0
humaneval,44,ucb,Under-Drafting,1,0.09432636946439743
humaneval,44,ucb,Under-Drafting,1,0.03666587546467781
humaneval,46,ucb,Under-Drafting,1,0.024156663566827774
humaneval,47,ucb,Under-Drafting,1,0.036635950207710266
humaneval,47,ucb,Under-Drafting,1,0.03553963080048561
humaneval,48,ucb,Under-Drafting,1,0.010298769921064377
humaneval,48,ucb,Under-Drafting,1,0.014222759753465652
humaneval,49,ucb,Over-Drafting,8,1
humaneval,50,ucb,Under-Drafting,1,0.045645300298929214
humaneval,50,ucb,Under-Drafting,1,0.10328060388565063
humaneval,50,ucb,Under-Drafting,1,0.008986364118754864
humaneval,50,ucb,Under-Drafting,1,0.02214892953634262
humaneval,51,ucb,Under-Drafting,1,0.1404191553592682
humaneval,51,ucb,Under-Drafting,1,0.0007903155055828393
humaneval,52,ucb,Over-Drafting,8,0
humaneval,52,ucb,Under-Drafting,1,0.14826995134353638
humaneval,53,ucb,Under-Drafting,1,0.09257134795188904
humaneval,54,ucb,Under-Drafting,1,0.1167386919260025
humaneval,55,ucb,Under-Drafting,1,0.0448148138821125
humaneval,55,ucb,Under-Drafting,1,0.03660866990685463
humaneval,56,ucb,Over-Drafting,8,1
humaneval,57,ucb,Under-Drafting,1,0.19418619573116302
humaneval,57,ucb,Under-Drafting,1,0.1756170094013214
humaneval,57,ucb,Under-Drafting,1,0.07087653130292892
humaneval,58,ucb,Over-Drafting,8,1
humaneval,58,ucb,Under-Drafting,1,0.05481798201799393
humaneval,58,ucb,Under-Drafting,1,0.05455010384321213
humaneval,59,ucb,Over-Drafting,8,1
humaneval,60,ucb,Under-Drafting,1,0.03271058201789856
humaneval,61,ucb,Under-Drafting,1,0.06741198897361755
humaneval,61,ucb,Under-Drafting,1,0.012198260053992271
humaneval,63,ucb,Under-Drafting,1,0.013891289941966534
humaneval,63,ucb,Under-Drafting,1,0.0014487500302493572
humaneval,64,ucb,Under-Drafting,1,0.006163947284221649
humaneval,64,ucb,Under-Drafting,1,0.12135712802410126
humaneval,64,ucb,Under-Drafting,1,0.006215352099388838
humaneval,65,ucb,Under-Drafting,1,0.12113795429468155
humaneval,65,ucb,Under-Drafting,1,0.17034980654716492
humaneval,67,ucb,Over-Drafting,8,1
humaneval,67,ucb,Under-Drafting,1,0.013706948608160019
humaneval,68,ucb,Over-Drafting,8,0
humaneval,70,ucb,Under-Drafting,1,0.016800327226519585
humaneval,70,ucb,Over-Drafting,8,0
humaneval,71,ucb,Under-Drafting,1,0.04697680473327637
humaneval,72,ucb,Under-Drafting,1,0.0033237114548683167
humaneval,72,ucb,Under-Drafting,1,0.07276247441768646
humaneval,72,ucb,Under-Drafting,1,0.10573292523622513
humaneval,73,ucb,Under-Drafting,1,0.07963913679122925
humaneval,73,ucb,Over-Drafting,8,0
humaneval,73,ucb,Under-Drafting,1,0.1738930195569992
humaneval,73,ucb,Under-Drafting,1,0.04120667278766632
humaneval,76,ucb,Under-Drafting,1,0.03754781559109688
humaneval,76,ucb,Under-Drafting,1,0.04145964980125427
humaneval,77,ucb,Under-Drafting,1,0.04621429741382599
humaneval,78,ucb,Under-Drafting,1,0.16481825709342957
humaneval,78,ucb,Under-Drafting,1,0.04797663539648056
humaneval,78,ucb,Under-Drafting,1,0.004921737592667341
humaneval,79,ucb,Under-Drafting,1,0.024929244071245193
humaneval,80,ucb,Under-Drafting,1,0.01726876199245453
humaneval,81,ucb,Under-Drafting,1,0.038433708250522614
humaneval,81,ucb,Under-Drafting,1,0.026608804240822792
humaneval,82,ucb,Over-Drafting,8,1
humaneval,83,ucb,Over-Drafting,8,0
humaneval,83,ucb,Under-Drafting,1,0.06775594502687454
humaneval,84,ucb,Under-Drafting,1,0.008803976699709892
humaneval,84,ucb,Under-Drafting,1,0.060842979699373245
humaneval,85,ucb,Under-Drafting,1,0.13419367372989655
humaneval,85,ucb,Under-Drafting,1,0.007930644787847996
humaneval,86,ucb,Under-Drafting,1,0.1772541105747223
humaneval,86,ucb,Over-Drafting,8,0
humaneval,87,ucb,Under-Drafting,1,0.0968637764453888
humaneval,88,ucb,Under-Drafting,1,0.09086447209119797
humaneval,88,ucb,Under-Drafting,1,0.0064889537170529366
humaneval,88,ucb,Under-Drafting,1,0.005838336888700724
humaneval,91,ucb,Over-Drafting,8,1
humaneval,93,ucb,Under-Drafting,1,0.007591526955366135
humaneval,93,ucb,Under-Drafting,1,0.1928892731666565
humaneval,93,ucb,Under-Drafting,1,0.0776502788066864
humaneval,94,ucb,Under-Drafting,1,0.08667989075183868
humaneval,94,ucb,Under-Drafting,1,0.08620724827051163
humaneval,96,ucb,Under-Drafting,1,0.038114361464977264
humaneval,96,ucb,Over-Drafting,8,1
humaneval,96,ucb,Under-Drafting,1,0.013452842831611633
humaneval,96,ucb,Under-Drafting,1,0.012135536409914494
humaneval,98,ucb,Under-Drafting,1,0.007474802900105715
humaneval,98,ucb,Under-Drafting,1,0.00013044796651229262
humaneval,98,ucb,Under-Drafting,1,0.0004011972341686487
humaneval,99,ucb,Under-Drafting,1,0.10745535045862198
humaneval,100,ucb,Under-Drafting,1,0.14307644963264465
humaneval,101,ucb,Under-Drafting,1,0.012594395317137241
humaneval,102,ucb,Under-Drafting,1,0.15585513412952423
humaneval,104,ucb,Under-Drafting,1,0.06649219989776611
humaneval,104,ucb,Under-Drafting,1,0.01359283085912466
humaneval,104,ucb,Under-Drafting,1,0.01068915706127882
humaneval,106,ucb,Over-Drafting,8,1
humaneval,106,ucb,Under-Drafting,1,0.03342851996421814
humaneval,106,ucb,Under-Drafting,1,0.1701548546552658
humaneval,108,ucb,Under-Drafting,1,0.021550096571445465
humaneval,109,ucb,Over-Drafting,8,1
humaneval,109,ucb,Under-Drafting,1,0.06696822494268417
humaneval,109,ucb,Under-Drafting,1,0.04200194403529167
humaneval,110,ucb,Under-Drafting,1,0.10659483820199966
humaneval,110,ucb,Under-Drafting,1,0.08202742040157318
humaneval,111,ucb,Under-Drafting,1,0.04657195508480072
humaneval,111,ucb,Over-Drafting,8,0
humaneval,112,ucb,Under-Drafting,1,0.14868584275245667
humaneval,112,ucb,Under-Drafting,1,0.08462721854448318
humaneval,112,ucb,Under-Drafting,1,0.09136130660772324
humaneval,112,ucb,Under-Drafting,1,0.19434402883052826
humaneval,113,ucb,Under-Drafting,1,0.16341084241867065
humaneval,113,ucb,Over-Drafting,8,1
humaneval,116,ucb,Under-Drafting,1,0.06678327172994614
humaneval,116,ucb,Under-Drafting,1,0.10758226364850998
humaneval,118,ucb,Under-Drafting,1,0.004006771836429834
humaneval,118,ucb,Under-Drafting,1,0.12978754937648773
humaneval,118,ucb,Under-Drafting,1,0.00010959422797895968
humaneval,119,ucb,Under-Drafting,1,0.0013611610047519207
humaneval,119,ucb,Under-Drafting,1,0.0003340776893310249
humaneval,120,ucb,Over-Drafting,8,0
humaneval,121,ucb,Under-Drafting,1,0.0781555250287056
humaneval,122,ucb,Under-Drafting,1,0.17281115055084229
humaneval,122,ucb,Under-Drafting,1,0.0020348518155515194
humaneval,122,ucb,Under-Drafting,1,0.0349760502576828
humaneval,122,ucb,Under-Drafting,1,0.18638378381729126
humaneval,122,ucb,Under-Drafting,1,0.022820984944701195
humaneval,123,ucb,Under-Drafting,1,0.006273421458899975
humaneval,123,ucb,Over-Drafting,8,1
humaneval,123,ucb,Under-Drafting,1,0.0074563175439834595
humaneval,126,ucb,Under-Drafting,1,0.07015791535377502
humaneval,128,ucb,Over-Drafting,8,0
humaneval,131,ucb,Over-Drafting,8,0
humaneval,131,ucb,Under-Drafting,1,0.024180840700864792
humaneval,131,ucb,Under-Drafting,1,0.06084698811173439
humaneval,131,ucb,Under-Drafting,1,0.01915857382118702
humaneval,131,ucb,Under-Drafting,1,0.009281517937779427
humaneval,132,ucb,Under-Drafting,1,0.0832131952047348
humaneval,132,ucb,Under-Drafting,1,0.0013540940126404166
humaneval,132,ucb,Under-Drafting,1,0.016828566789627075
humaneval,132,ucb,Under-Drafting,1,0.006261833012104034
humaneval,132,ucb,Under-Drafting,1,0.00201158644631505
humaneval,133,ucb,Under-Drafting,1,0.02792331762611866
humaneval,134,ucb,Under-Drafting,1,0.10689429193735123
humaneval,135,ucb,Under-Drafting,1,0.03453550115227699
humaneval,135,ucb,Under-Drafting,1,0.016407527029514313
humaneval,135,ucb,Under-Drafting,1,0.07870756089687347
humaneval,135,ucb,Under-Drafting,1,0.06764014065265656
humaneval,135,ucb,Under-Drafting,1,0.1239510029554367
humaneval,135,ucb,Over-Drafting,8,0
humaneval,136,ucb,Under-Drafting,1,0.10016759485006332
humaneval,136,ucb,Under-Drafting,1,0.09200994670391083
humaneval,136,ucb,Under-Drafting,1,0.013126851990818977
humaneval,136,ucb,Under-Drafting,1,0.012467242777347565
humaneval,138,ucb,Under-Drafting,1,0.16934624314308167
humaneval,138,ucb,Under-Drafting,1,0.04272294044494629
humaneval,138,ucb,Under-Drafting,1,0.19634047150611877
humaneval,138,ucb,Under-Drafting,1,0.0543813519179821
humaneval,139,ucb,Over-Drafting,8,0
humaneval,139,ucb,Under-Drafting,1,0.01095212809741497
humaneval,139,ucb,Under-Drafting,1,0.005193473771214485
humaneval,139,ucb,Under-Drafting,1,0.002837938955053687
humaneval,139,ucb,Under-Drafting,1,0.021022874861955643
humaneval,143,ucb,Under-Drafting,1,0.19329962134361267
humaneval,143,ucb,Over-Drafting,8,0
humaneval,143,ucb,Under-Drafting,1,0.07359614223241806
humaneval,143,ucb,Under-Drafting,1,0.024001190438866615
humaneval,146,ucb,Under-Drafting,1,0.014880966395139694
humaneval,146,ucb,Under-Drafting,1,0.05072025954723358
humaneval,146,ucb,Under-Drafting,1,0.0530872717499733
humaneval,146,ucb,Under-Drafting,1,0.0032840159256011248
humaneval,146,ucb,Under-Drafting,1,0.09682309627532959
humaneval,147,ucb,Under-Drafting,1,0.03743623197078705
humaneval,147,ucb,Over-Drafting,8,0
humaneval,148,ucb,Under-Drafting,1,0.06478700041770935
humaneval,148,ucb,Under-Drafting,1,0.16147218644618988
humaneval,148,ucb,Under-Drafting,1,0.15849052369594574
humaneval,148,ucb,Under-Drafting,1,0.11147865653038025
humaneval,149,ucb,Under-Drafting,1,0.040989845991134644
humaneval,149,ucb,Under-Drafting,1,0.008132336661219597
humaneval,149,ucb,Under-Drafting,1,0.08093301951885223
humaneval,150,ucb,Under-Drafting,1,0.11228049546480179
humaneval,150,ucb,Under-Drafting,1,0.09211304038763046
humaneval,150,ucb,Under-Drafting,1,0.022293820977211
humaneval,151,ucb,Under-Drafting,1,0.1573508083820343
humaneval,151,ucb,Under-Drafting,1,0.010302670300006866
humaneval,151,ucb,Under-Drafting,1,0.0024707019329071045
humaneval,154,ucb,Over-Drafting,8,0
humaneval,154,ucb,Under-Drafting,1,0.004958950448781252
humaneval,154,ucb,Under-Drafting,1,0.0004963686224073172
humaneval,154,ucb,Under-Drafting,1,0.0009508051443845034
humaneval,155,ucb,Under-Drafting,1,0.08091093599796295
humaneval,155,ucb,Under-Drafting,1,0.09785367548465729
humaneval,155,ucb,Under-Drafting,1,0.18497347831726074
humaneval,156,ucb,Under-Drafting,1,0.06867519021034241
humaneval,156,ucb,Under-Drafting,1,0.11557121574878693
humaneval,156,ucb,Under-Drafting,1,0.008766520768404007
humaneval,156,ucb,Under-Drafting,1,0.009735732339322567
humaneval,156,ucb,Under-Drafting,1,0.11224588751792908
humaneval,156,ucb,Under-Drafting,1,6.104425119701773e-05
humaneval,156,ucb,Under-Drafting,1,0.11003327369689941
humaneval,156,ucb,Under-Drafting,1,0.10077923536300659
humaneval,156,ucb,Under-Drafting,1,0.0007211000192910433
humaneval,156,ucb,Under-Drafting,1,0.0016091389115899801
humaneval,156,ucb,Under-Drafting,1,0.03164201229810715
humaneval,157,ucb,Under-Drafting,1,0.029442690312862396
humaneval,157,ucb,Under-Drafting,1,0.004670583177357912
humaneval,157,ucb,Under-Drafting,1,0.02328874170780182
humaneval,158,ucb,Over-Drafting,8,1
humaneval,159,ucb,Under-Drafting,1,0.0038391852285712957
humaneval,159,ucb,Under-Drafting,1,0.07747239619493484
humaneval,159,ucb,Under-Drafting,1,0.06210535019636154
humaneval,159,ucb,Under-Drafting,1,0.008286540396511555
humaneval,159,ucb,Under-Drafting,1,0.030455565080046654
humaneval,159,ucb,Under-Drafting,1,0.0066415006294846535
humaneval,160,ucb,Under-Drafting,1,0.03816870599985123
humaneval,163,ucb,Under-Drafting,1,0.0046053240075707436
humaneval,163,ucb,Under-Drafting,1,0.013738268986344337
humaneval,163,ucb,Under-Drafting,1,0.013098777271807194
humaneval,163,ucb,Under-Drafting,1,0.014747550711035728
humaneval,4,history,Over-Drafting,8,1
humaneval,4,history,Over-Drafting,8,0
humaneval,4,history,Over-Drafting,8,1
humaneval,9,history,Over-Drafting,8,1
humaneval,9,history,Over-Drafting,8,1
humaneval,9,history,Over-Drafting,8,1
humaneval,10,history,Over-Drafting,8,1
humaneval,10,history,Over-Drafting,8,0
humaneval,10,history,Over-Drafting,8,1
humaneval,12,history,Over-Drafting,8,1
humaneval,13,history,Over-Drafting,8,0
humaneval,14,history,Over-Drafting,8,1
humaneval,14,history,Over-Drafting,8,0
humaneval,15,history,Over-Drafting,8,1
humaneval,15,history,Over-Drafting,8,1
humaneval,17,history,Over-Drafting,8,1
humaneval,19,history,Over-Drafting,8,1
humaneval,19,history,Over-Drafting,8,1
humaneval,19,history,Over-Drafting,8,1
humaneval,20,history,Over-Drafting,8,0
humaneval,21,history,Over-Drafting,8,1
humaneval,21,history,Over-Drafting,8,0
humaneval,22,history,Over-Drafting,8,0
humaneval,22,history,Over-Drafting,8,1
humaneval,22,history,Over-Drafting,8,0
humaneval,23,history,Over-Drafting,8,1
humaneval,23,history,Over-Drafting,8,0
humaneval,24,history,Over-Drafting,8,1
humaneval,26,history,Over-Drafting,8,1
humaneval,27,history,Over-Drafting,8,1
humaneval,31,history,Over-Drafting,8,1
humaneval,32,history,Over-Drafting,8,1
humaneval,33,history,Over-Drafting,8,1
humaneval,33,history,Over-Drafting,8,1
humaneval,35,history,Over-Drafting,8,1
humaneval,36,history,Over-Drafting,8,1
humaneval,36,history,Over-Drafting,8,0
humaneval,37,history,Over-Drafting,8,1
humaneval,37,history,Over-Drafting,8,1
humaneval,39,history,Over-Drafting,8,1
humaneval,39,history,Over-Drafting,8,0
humaneval,39,history,Over-Drafting,8,0
humaneval,40,history,Over-Drafting,8,1
humaneval,40,history,Over-Drafting,8,0
humaneval,41,history,Over-Drafting,8,1
humaneval,41,history,Over-Drafting,8,0
humaneval,41,history,Over-Drafting,8,0
humaneval,45,history,Over-Drafting,8,1
humaneval,47,history,Over-Drafting,8,0
humaneval,48,history,Over-Drafting,8,0
humaneval,49,history,Over-Drafting,8,1
humaneval,49,history,Over-Drafting,8,1
humaneval,50,history,Over-Drafting,8,0
humaneval,51,history,Over-Drafting,8,0
humaneval,51,history,Over-Drafting,8,0
humaneval,51,history,Over-Drafting,8,0
humaneval,52,history,Over-Drafting,8,0
humaneval,52,history,Over-Drafting,8,0
humaneval,52,history,Under-Drafting,1,0.03770217299461365
humaneval,52,history,Under-Drafting,1,0.12253700196743011
humaneval,52,history,Under-Drafting,1,0.0007932822918519378
humaneval,52,history,Under-Drafting,1,0.14826995134353638
humaneval,52,history,Under-Drafting,1,0.012565244920551777
humaneval,52,history,Under-Drafting,1,0.00019116306793875992
humaneval,52,history,Under-Drafting,1,0.13137421011924744
humaneval,53,history,Under-Drafting,1,0.03175140172243118
humaneval,55,history,Over-Drafting,8,1
humaneval,56,history,Over-Drafting,8,1
humaneval,56,history,Over-Drafting,8,0
humaneval,56,history,Over-Drafting,8,0
humaneval,56,history,Over-Drafting,8,1
humaneval,56,history,Over-Drafting,8,0
humaneval,60,history,Over-Drafting,8,1
humaneval,61,history,Over-Drafting,8,1
humaneval,61,history,Over-Drafting,8,1
humaneval,62,history,Over-Drafting,8,1
humaneval,62,history,Over-Drafting,8,1
humaneval,66,history,Over-Drafting,8,1
humaneval,66,history,Over-Drafting,8,0
humaneval,67,history,Over-Drafting,8,1
humaneval,67,history,Over-Drafting,8,0
humaneval,67,history,Over-Drafting,8,1
humaneval,67,history,Over-Drafting,8,0
humaneval,68,history,Under-Drafting,1,0.11949194967746735
humaneval,68,history,Under-Drafting,1,0.04224706068634987
humaneval,75,history,Over-Drafting,8,1
humaneval,75,history,Over-Drafting,8,0
humaneval,75,history,Over-Drafting,8,1
humaneval,76,history,Over-Drafting,8,0
humaneval,77,history,Over-Drafting,8,1
humaneval,77,history,Over-Drafting,8,1
humaneval,77,history,Over-Drafting,8,0
humaneval,77,history,Under-Drafting,1,0.13128723204135895
humaneval,77,history,Under-Drafting,1,0.15429192781448364
humaneval,77,history,Under-Drafting,1,0.06210305169224739
humaneval,77,history,Over-Drafting,8,1
humaneval,78,history,Over-Drafting,8,0
humaneval,78,history,Over-Drafting,8,1
humaneval,81,history,Over-Drafting,8,1
humaneval,81,history,Over-Drafting,8,0
humaneval,82,history,Over-Drafting,8,1
humaneval,82,history,Over-Drafting,8,0
humaneval,82,history,Over-Drafting,8,1
humaneval,82,history,Over-Drafting,8,1
humaneval,82,history,Over-Drafting,8,0
humaneval,82,history,Over-Drafting,8,0
humaneval,82,history,Under-Drafting,1,0.18535317480564117
humaneval,82,history,Under-Drafting,1,0.01003647968173027
humaneval,82,history,Under-Drafting,1,0.0348505973815918
humaneval,82,history,Under-Drafting,1,0.06683199852705002
humaneval,82,history,Under-Drafting,1,0.004035604186356068
humaneval,83,history,Over-Drafting,8,1
humaneval,83,history,Over-Drafting,8,0
humaneval,83,history,Over-Drafting,8,0
humaneval,85,history,Over-Drafting,8,1
humaneval,86,history,Over-Drafting,8,0
humaneval,86,history,Over-Drafting,8,0
humaneval,86,history,Over-Drafting,8,0
humaneval,86,history,Over-Drafting,8,0
humaneval,86,history,Under-Drafting,1,0.043893732130527496
humaneval,86,history,Under-Drafting,1,0.05648989975452423
humaneval,86,history,Under-Drafting,1,0.07858403027057648
humaneval,87,history,Over-Drafting,8,0
humaneval,88,history,Over-Drafting,8,0
humaneval,89,history,Over-Drafting,8,1
humaneval,89,history,Over-Drafting,8,0
humaneval,89,history,Over-Drafting,8,0
humaneval,89,history,Over-Drafting,8,0
humaneval,92,history,Over-Drafting,8,1
humaneval,94,history,Over-Drafting,8,0
humaneval,94,history,Over-Drafting,8,0
humaneval,94,history,Over-Drafting,8,0
humaneval,94,history,Over-Drafting,8,0
humaneval,94,history,Over-Drafting,8,0
humaneval,96,history,Over-Drafting,8,1
humaneval,96,history,Over-Drafting,8,0
humaneval,96,history,Over-Drafting,8,1
humaneval,97,history,Over-Drafting,8,1
humaneval,98,history,Over-Drafting,8,1
humaneval,98,history,Over-Drafting,8,0
humaneval,98,history,Over-Drafting,8,1
humaneval,98,history,Over-Drafting,8,0
humaneval,99,history,Over-Drafting,8,0
humaneval,99,history,Over-Drafting,8,0
humaneval,99,history,Over-Drafting,8,1
humaneval,103,history,Over-Drafting,8,0
humaneval,104,history,Over-Drafting,8,1
humaneval,104,history,Over-Drafting,8,0
humaneval,106,history,Over-Drafting,8,1
humaneval,106,history,Over-Drafting,8,0
humaneval,106,history,Over-Drafting,8,1
humaneval,107,history,Over-Drafting,8,1
humaneval,108,history,Over-Drafting,8,0
humaneval,108,history,Over-Drafting,8,1
humaneval,108,history,Over-Drafting,8,1
humaneval,109,history,Over-Drafting,8,1
humaneval,110,history,Over-Drafting,8,1
humaneval,110,history,Over-Drafting,8,0
humaneval,110,history,Over-Drafting,8,0
humaneval,111,history,Over-Drafting,8,0
humaneval,111,history,Over-Drafting,8,0
humaneval,111,history,Over-Drafting,8,0
humaneval,111,history,Over-Drafting,8,1
humaneval,112,history,Under-Drafting,1,0.07610975205898285
humaneval,112,history,Under-Drafting,1,0.08660942316055298
humaneval,113,history,Over-Drafting,8,1
humaneval,113,history,Over-Drafting,8,1
humaneval,113,history,Over-Drafting,8,0
humaneval,113,history,Over-Drafting,8,1
humaneval,113,history,Over-Drafting,8,1
humaneval,113,history,Over-Drafting,8,0
humaneval,113,history,Over-Drafting,8,0
humaneval,115,history,Over-Drafting,8,1
humaneval,115,history,Over-Drafting,8,1
humaneval,115,history,Over-Drafting,8,0
humaneval,116,history,Over-Drafting,8,1
humaneval,116,history,Over-Drafting,8,0
humaneval,116,history,Over-Drafting,8,1
humaneval,117,history,Under-Drafting,1,0.0820183977484703
humaneval,119,history,Over-Drafting,8,0
humaneval,120,history,Over-Drafting,8,1
humaneval,120,history,Over-Drafting,8,1
humaneval,120,history,Over-Drafting,8,0
humaneval,120,history,Over-Drafting,8,0
humaneval,122,history,Over-Drafting,8,0
humaneval,122,history,Over-Drafting,8,0
humaneval,123,history,Over-Drafting,8,1
humaneval,123,history,Over-Drafting,8,0
humaneval,123,history,Over-Drafting,8,0
humaneval,123,history,Under-Drafting,1,0.012586189433932304
humaneval,123,history,Under-Drafting,1,0.009999454952776432
humaneval,123,history,Under-Drafting,1,0.004690673667937517
humaneval,124,history,Over-Drafting,8,0
humaneval,124,history,Over-Drafting,8,0
humaneval,125,history,Over-Drafting,8,0
humaneval,125,history,Over-Drafting,8,0
humaneval,126,history,Under-Drafting,1,0.06720125675201416
humaneval,126,history,Under-Drafting,1,0.0952647253870964
humaneval,128,history,Over-Drafting,8,1
humaneval,128,history,Over-Drafting,8,0
humaneval,128,history,Over-Drafting,8,0
humaneval,128,history,Over-Drafting,8,0
humaneval,128,history,Under-Drafting,1,0.1423632651567459
humaneval,131,history,Over-Drafting,8,0
humaneval,131,history,Over-Drafting,8,0
humaneval,131,history,Over-Drafting,8,0
humaneval,133,history,Over-Drafting,8,1
humaneval,133,history,Over-Drafting,8,0
humaneval,135,history,Over-Drafting,8,1
humaneval,135,history,Over-Drafting,8,0
humaneval,135,history,Over-Drafting,8,0
humaneval,135,history,Over-Drafting,8,0
humaneval,135,history,Under-Drafting,1,0.17272555828094482
humaneval,136,history,Under-Drafting,1,0.10991603136062622
humaneval,136,history,Under-Drafting,1,0.17911416292190552
humaneval,138,history,Under-Drafting,1,0.0069728875532746315
humaneval,138,history,Under-Drafting,1,0.05583566799759865
humaneval,138,history,Under-Drafting,1,0.015657445415854454
humaneval,138,history,Under-Drafting,1,0.0002359504869673401
humaneval,138,history,Under-Drafting,1,0.011693838983774185
humaneval,139,history,Over-Drafting,8,1
humaneval,139,history,Over-Drafting,8,0
humaneval,139,history,Over-Drafting,8,0
humaneval,139,history,Over-Drafting,8,1
humaneval,141,history,Over-Drafting,8,0
humaneval,142,history,Over-Drafting,8,1
humaneval,142,history,Over-Drafting,8,0
humaneval,143,history,Over-Drafting,8,0
humaneval,143,history,Over-Drafting,8,1
humaneval,144,history,Over-Drafting,8,0
humaneval,144,history,Over-Drafting,8,0
humaneval,145,history,Over-Drafting,8,0
humaneval,146,history,Over-Drafting,8,1
humaneval,147,history,Over-Drafting,8,1
humaneval,147,history,Over-Drafting,8,1
humaneval,147,history,Over-Drafting,8,0
humaneval,147,history,Over-Drafting,8,0
humaneval,148,history,Over-Drafting,8,0
humaneval,150,history,Over-Drafting,8,0
humaneval,151,history,Over-Drafting,8,1
humaneval,151,history,Over-Drafting,8,1
humaneval,151,history,Over-Drafting,8,0
humaneval,155,history,Over-Drafting,8,0
humaneval,155,history,Over-Drafting,8,0
humaneval,156,history,Over-Drafting,8,1
humaneval,157,history,Over-Drafting,8,1
humaneval,157,history,Over-Drafting,8,0
humaneval,158,history,Over-Drafting,8,0
humaneval,158,history,Over-Drafting,8,1
humaneval,159,history,Over-Drafting,8,1
humaneval,159,history,Over-Drafting,8,0
humaneval,162,history,Over-Drafting,8,0
humaneval,163,history,Over-Drafting,8,1
humaneval,163,history,Over-Drafting,8,0
humaneval,0,ucb_coarse,Under-Drafting,1,0.08080562204122543
humaneval,0,ucb_coarse,Over-Drafting,8,0
humaneval,0,ucb_coarse,Under-Drafting,1,0.030329233035445213
humaneval,0,ucb_coarse,Under-Drafting,1,0.009938973002135754
humaneval,1,ucb_coarse,Under-Drafting,1,0.06063215807080269
humaneval,1,ucb_coarse,Over-Drafting,8,1
humaneval,1,ucb_coarse,Under-Drafting,1,0.08766325563192368
humaneval,2,ucb_coarse,Over-Drafting,8,1
humaneval,2,ucb_coarse,Under-Drafting,1,0.1476934850215912
humaneval,2,ucb_coarse,Under-Drafting,1,0.0036572699900716543
humaneval,2,ucb_coarse,Under-Drafting,1,0.01447022520005703
humaneval,3,ucb_coarse,Under-Drafting,1,0.02661111205816269
humaneval,3,ucb_coarse,Under-Drafting,1,0.018303826451301575
humaneval,4,ucb_coarse,Under-Drafting,1,0.11923712491989136
humaneval,4,ucb_coarse,Over-Drafting,8,0
humaneval,4,ucb_coarse,Under-Drafting,1,0.05476611852645874
humaneval,4,ucb_coarse,Under-Drafting,1,0.06860756129026413
humaneval,4,ucb_coarse,Under-Drafting,1,0.12142960727214813
humaneval,5,ucb_coarse,Under-Drafting,1,0.04361840710043907
humaneval,5,ucb_coarse,Over-Drafting,8,1
humaneval,5,ucb_coarse,Under-Drafting,1,0.011793889105319977
humaneval,5,ucb_coarse,Under-Drafting,1,0.0070100524462759495
humaneval,5,ucb_coarse,Under-Drafting,1,0.026267267763614655
humaneval,5,ucb_coarse,Under-Drafting,1,0.023259202018380165
humaneval,6,ucb_coarse,Over-Drafting,8,0
humaneval,6,ucb_coarse,Under-Drafting,1,0.1564122438430786
humaneval,6,ucb_coarse,Under-Drafting,1,0.1910991370677948
humaneval,7,ucb_coarse,Under-Drafting,1,0.08024190366268158
humaneval,7,ucb_coarse,Under-Drafting,1,0.019829686731100082
humaneval,8,ucb_coarse,Under-Drafting,1,0.11191518604755402
humaneval,9,ucb_coarse,Under-Drafting,1,0.04510372504591942
humaneval,9,ucb_coarse,Over-Drafting,8,1
humaneval,9,ucb_coarse,Under-Drafting,1,0.041445039212703705
humaneval,9,ucb_coarse,Under-Drafting,1,0.014436665922403336
humaneval,9,ucb_coarse,Under-Drafting,1,0.12943688035011292
humaneval,9,ucb_coarse,Under-Drafting,1,0.06622134894132614
humaneval,9,ucb_coarse,Under-Drafting,1,0.06509655714035034
humaneval,9,ucb_coarse,Under-Drafting,1,0.13114795088768005
humaneval,10,ucb_coarse,Under-Drafting,1,0.0008895429782569408
humaneval,10,ucb_coarse,Under-Drafting,1,0.0011936434311792254
humaneval,11,ucb_coarse,Under-Drafting,1,0.06671716272830963
humaneval,11,ucb_coarse,Under-Drafting,1,0.04529168829321861
humaneval,11,ucb_coarse,Under-Drafting,1,0.02652117609977722
humaneval,11,ucb_coarse,Under-Drafting,1,0.1824062317609787
humaneval,11,ucb_coarse,Under-Drafting,1,0.14920155704021454
humaneval,11,ucb_coarse,Under-Drafting,1,0.13365869224071503
humaneval,12,ucb_coarse,Under-Drafting,1,0.06644599139690399
humaneval,12,ucb_coarse,Under-Drafting,1,0.04967346042394638
humaneval,12,ucb_coarse,Under-Drafting,1,0.0012205231469124556
humaneval,13,ucb_coarse,Under-Drafting,1,0.08005253970623016
humaneval,13,ucb_coarse,Under-Drafting,1,0.039895858615636826
humaneval,13,ucb_coarse,Over-Drafting,8,0
humaneval,13,ucb_coarse,Under-Drafting,1,0.009389625862240791
humaneval,13,ucb_coarse,Under-Drafting,1,0.090488500893116
humaneval,13,ucb_coarse,Under-Drafting,1,0.1283150017261505
humaneval,14,ucb_coarse,Under-Drafting,1,0.021577313542366028
humaneval,14,ucb_coarse,Under-Drafting,1,0.11370691657066345
humaneval,14,ucb_coarse,Under-Drafting,1,0.16964411735534668
humaneval,15,ucb_coarse,Under-Drafting,1,0.17325562238693237
humaneval,15,ucb_coarse,Under-Drafting,1,0.008095812983810902
humaneval,15,ucb_coarse,Under-Drafting,1,0.015329449437558651
humaneval,15,ucb_coarse,Over-Drafting,8,1
humaneval,15,ucb_coarse,Under-Drafting,1,0.030637802556157112
humaneval,15,ucb_coarse,Under-Drafting,1,0.1176382526755333
humaneval,15,ucb_coarse,Under-Drafting,1,0.013590036891400814
humaneval,16,ucb_coarse,Under-Drafting,1,0.002211903454735875
humaneval,16,ucb_coarse,Under-Drafting,1,0.10428120195865631
humaneval,16,ucb_coarse,Under-Drafting,1,0.03155626729130745
humaneval,17,ucb_coarse,Over-Drafting,8,1
humaneval,17,ucb_coarse,Under-Drafting,1,0.19834928214550018
humaneval,17,ucb_coarse,Under-Drafting,1,0.013889744877815247
humaneval,17,ucb_coarse,Under-Drafting,1,0.1967228353023529
humaneval,17,ucb_coarse,Under-Drafting,1,0.008608061820268631
humaneval,17,ucb_coarse,Under-Drafting,1,0.04402066022157669
humaneval,17,ucb_coarse,Under-Drafting,1,0.030023060739040375
humaneval,17,ucb_coarse,Under-Drafting,1,0.1666339784860611
humaneval,18,ucb_coarse,Under-Drafting,1,0.04158739000558853
humaneval,18,ucb_coarse,Under-Drafting,1,0.030797820538282394
humaneval,18,ucb_coarse,Under-Drafting,1,0.0026064442936331034
humaneval,18,ucb_coarse,Under-Drafting,1,0.07538455724716187
humaneval,19,ucb_coarse,Under-Drafting,1,0.11083139479160309
humaneval,19,ucb_coarse,Over-Drafting,8,1
humaneval,19,ucb_coarse,Under-Drafting,1,0.0006769781466573477
humaneval,19,ucb_coarse,Under-Drafting,1,0.05414184555411339
humaneval,19,ucb_coarse,Under-Drafting,1,0.186482235789299
humaneval,19,ucb_coarse,Over-Drafting,8,1
humaneval,19,ucb_coarse,Under-Drafting,1,0.008974109776318073
humaneval,20,ucb_coarse,Under-Drafting,1,0.1504211723804474
humaneval,20,ucb_coarse,Under-Drafting,1,0.03627260401844978
humaneval,20,ucb_coarse,Over-Drafting,8,1
humaneval,20,ucb_coarse,Under-Drafting,1,0.022167401388287544
humaneval,21,ucb_coarse,Under-Drafting,1,0.08145386725664139
humaneval,21,ucb_coarse,Under-Drafting,1,0.10310588777065277
humaneval,21,ucb_coarse,Under-Drafting,1,0.09069103002548218
humaneval,22,ucb_coarse,Under-Drafting,1,0.06222473829984665
humaneval,22,ucb_coarse,Over-Drafting,8,0
humaneval,22,ucb_coarse,Under-Drafting,1,0.020719006657600403
humaneval,22,ucb_coarse,Under-Drafting,1,0.0006627843831665814
humaneval,22,ucb_coarse,Under-Drafting,1,0.0684000551700592
humaneval,22,ucb_coarse,Under-Drafting,1,0.1684272438287735
humaneval,22,ucb_coarse,Under-Drafting,1,0.06987903267145157
humaneval,23,ucb_coarse,Under-Drafting,1,0.1547767072916031
humaneval,23,ucb_coarse,Under-Drafting,1,0.0517321415245533
humaneval,23,ucb_coarse,Under-Drafting,1,0.16658160090446472
humaneval,23,ucb_coarse,Under-Drafting,1,0.029658634215593338
humaneval,23,ucb_coarse,Under-Drafting,1,0.00951944850385189
humaneval,23,ucb_coarse,Under-Drafting,1,0.0034194099716842175
humaneval,26,ucb_coarse,Under-Drafting,1,0.05436406657099724
humaneval,26,ucb_coarse,Under-Drafting,1,0.038656484335660934
humaneval,26,ucb_coarse,Under-Drafting,1,0.10908031463623047
humaneval,26,ucb_coarse,Under-Drafting,1,0.05559948831796646
humaneval,26,ucb_coarse,Under-Drafting,1,0.06804312020540237
humaneval,26,ucb_coarse,Under-Drafting,1,0.02388114482164383
humaneval,26,ucb_coarse,Under-Drafting,1,0.05475836247205734
humaneval,26,ucb_coarse,Under-Drafting,1,0.015749288722872734
humaneval,26,ucb_coarse,Under-Drafting,1,0.039299823343753815
humaneval,27,ucb_coarse,Under-Drafting,1,0.19345693290233612
humaneval,27,ucb_coarse,Under-Drafting,1,0.18820495903491974
humaneval,27,ucb_coarse,Under-Drafting,1,0.017741266638040543
humaneval,27,ucb_coarse,Under-Drafting,1,0.0030522847082465887
humaneval,27,ucb_coarse,Under-Drafting,1,0.06373375654220581
humaneval,27,ucb_coarse,Under-Drafting,1,0.0028420924209058285
humaneval,27,ucb_coarse,Under-Drafting,1,0.07823893427848816
humaneval,28,ucb_coarse,Under-Drafting,1,0.016925059258937836
humaneval,28,ucb_coarse,Under-Drafting,1,0.0026416312903165817
humaneval,28,ucb_coarse,Under-Drafting,1,0.0792815312743187
humaneval,28,ucb_coarse,Under-Drafting,1,0.028017986565828323
humaneval,28,ucb_coarse,Under-Drafting,1,0.00549844466149807
humaneval,28,ucb_coarse,Under-Drafting,1,0.09929066896438599
humaneval,29,ucb_coarse,Under-Drafting,1,0.07147198915481567
humaneval,29,ucb_coarse,Under-Drafting,1,0.1482865810394287
humaneval,29,ucb_coarse,Under-Drafting,1,0.006475643254816532
humaneval,29,ucb_coarse,Under-Drafting,1,0.010137375444173813
humaneval,29,ucb_coarse,Under-Drafting,1,0.11102162301540375
humaneval,29,ucb_coarse,Under-Drafting,1,0.001396171865053475
humaneval,30,ucb_coarse,Under-Drafting,1,0.003105906303972006
humaneval,31,ucb_coarse,Over-Drafting,8,1
humaneval,31,ucb_coarse,Under-Drafting,1,0.060001153498888016
humaneval,31,ucb_coarse,Under-Drafting,1,0.09164729714393616
humaneval,31,ucb_coarse,Under-Drafting,1,0.05651954561471939
humaneval,31,ucb_coarse,Under-Drafting,1,0.06394489854574203
humaneval,31,ucb_coarse,Under-Drafting,1,0.04741617292165756
humaneval,31,ucb_coarse,Under-Drafting,1,0.03232213109731674
humaneval,31,ucb_coarse,Under-Drafting,1,0.13735443353652954
humaneval,31,ucb_coarse,Under-Drafting,1,0.10772057622671127
humaneval,32,ucb_coarse,Under-Drafting,1,0.02370481751859188
humaneval,32,ucb_coarse,Over-Drafting,8,0
humaneval,32,ucb_coarse,Under-Drafting,1,0.09973745793104172
humaneval,32,ucb_coarse,Under-Drafting,1,0.06497503817081451
humaneval,32,ucb_coarse,Under-Drafting,1,0.07342448830604553
humaneval,32,ucb_coarse,Under-Drafting,1,0.021931065246462822
humaneval,32,ucb_coarse,Under-Drafting,1,0.003405042225494981
humaneval,32,ucb_coarse,Under-Drafting,1,0.005372136831283569
humaneval,33,ucb_coarse,Under-Drafting,1,0.06251201033592224
humaneval,33,ucb_coarse,Over-Drafting,8,1
humaneval,33,ucb_coarse,Under-Drafting,1,0.11866815388202667
humaneval,33,ucb_coarse,Under-Drafting,1,0.023266896605491638
humaneval,33,ucb_coarse,Under-Drafting,1,0.00952032208442688
humaneval,34,ucb_coarse,Under-Drafting,1,0.19325952231884003
humaneval,34,ucb_coarse,Under-Drafting,1,0.18543198704719543
humaneval,34,ucb_coarse,Under-Drafting,1,0.007521757856011391
humaneval,34,ucb_coarse,Under-Drafting,1,0.024646997451782227
humaneval,35,ucb_coarse,Over-Drafting,8,1
humaneval,35,ucb_coarse,Under-Drafting,1,0.10897228866815567
humaneval,35,ucb_coarse,Under-Drafting,1,0.15006129443645477
humaneval,35,ucb_coarse,Under-Drafting,1,0.061382025480270386
humaneval,35,ucb_coarse,Under-Drafting,1,0.012554630637168884
humaneval,35,ucb_coarse,Under-Drafting,1,0.026330461725592613
humaneval,35,ucb_coarse,Under-Drafting,1,0.1228264570236206
humaneval,35,ucb_coarse,Under-Drafting,1,0.1597028225660324
humaneval,35,ucb_coarse,Under-Drafting,1,0.03848941624164581
humaneval,35,ucb_coarse,Under-Drafting,1,0.0622188076376915
humaneval,35,ucb_coarse,Under-Drafting,1,0.009678428992629051
humaneval,35,ucb_coarse,Under-Drafting,1,0.0014932792400941253
humaneval,35,ucb_coarse,Under-Drafting,1,0.03336748480796814
humaneval,36,ucb_coarse,Under-Drafting,1,0.008849943056702614
humaneval,37,ucb_coarse,Under-Drafting,1,0.03617614507675171
humaneval,37,ucb_coarse,Over-Drafting,8,0
humaneval,37,ucb_coarse,Under-Drafting,1,0.031019732356071472
humaneval,37,ucb_coarse,Under-Drafting,1,0.1407690942287445
humaneval,37,ucb_coarse,Under-Drafting,1,0.1658356487751007
humaneval,37,ucb_coarse,Under-Drafting,1,0.15326742827892303
humaneval,37,ucb_coarse,Under-Drafting,1,0.13840094208717346
humaneval,37,ucb_coarse,Under-Drafting,1,0.061817847192287445
humaneval,39,ucb_coarse,Over-Drafting,8,0
humaneval,39,ucb_coarse,Under-Drafting,1,0.13367049396038055
humaneval,40,ucb_coarse,Under-Drafting,1,0.11068236827850342
humaneval,40,ucb_coarse,Under-Drafting,1,0.06892357766628265
humaneval,40,ucb_coarse,Under-Drafting,1,0.03675130754709244
humaneval,40,ucb_coarse,Under-Drafting,1,0.04654388502240181
humaneval,40,ucb_coarse,Under-Drafting,1,0.009950945153832436
humaneval,40,ucb_coarse,Under-Drafting,1,0.015334095805883408
humaneval,40,ucb_coarse,Under-Drafting,1,0.0009886318584904075
humaneval,40,ucb_coarse,Under-Drafting,1,0.011674318462610245
humaneval,40,ucb_coarse,Under-Drafting,1,0.04083646833896637
humaneval,40,ucb_coarse,Under-Drafting,1,0.005003133323043585
humaneval,40,ucb_coarse,Under-Drafting,1,0.02528226375579834
humaneval,40,ucb_coarse,Under-Drafting,1,0.004068118520081043
humaneval,40,ucb_coarse,Under-Drafting,1,0.014313831925392151
humaneval,41,ucb_coarse,Over-Drafting,8,0
humaneval,41,ucb_coarse,Over-Drafting,8,0
humaneval,42,ucb_coarse,Under-Drafting,1,0.17345720529556274
humaneval,42,ucb_coarse,Under-Drafting,1,0.0062253777869045734
humaneval,42,ucb_coarse,Under-Drafting,1,0.017528219148516655
humaneval,42,ucb_coarse,Under-Drafting,1,0.06341008841991425
humaneval,42,ucb_coarse,Under-Drafting,1,0.11220920085906982
humaneval,42,ucb_coarse,Under-Drafting,1,0.02571890689432621
humaneval,42,ucb_coarse,Under-Drafting,1,0.0018240498611703515
humaneval,43,ucb_coarse,Under-Drafting,1,0.0831642672419548
humaneval,43,ucb_coarse,Under-Drafting,1,0.020028304308652878
humaneval,44,ucb_coarse,Over-Drafting,8,0
humaneval,44,ucb_coarse,Under-Drafting,1,0.07810455560684204
humaneval,44,ucb_coarse,Under-Drafting,1,0.04308665543794632
humaneval,44,ucb_coarse,Under-Drafting,1,0.0526854544878006
humaneval,44,ucb_coarse,Under-Drafting,1,0.14524875581264496
humaneval,44,ucb_coarse,Under-Drafting,1,0.03876075893640518
humaneval,45,ucb_coarse,Under-Drafting,1,0.1350962519645691
humaneval,45,ucb_coarse,Under-Drafting,1,0.08826880156993866
humaneval,45,ucb_coarse,Under-Drafting,1,0.11402011662721634
humaneval,45,ucb_coarse,Under-Drafting,1,0.06669238954782486
humaneval,45,ucb_coarse,Under-Drafting,1,0.19555924832820892
humaneval,45,ucb_coarse,Under-Drafting,1,0.009182577952742577
humaneval,45,ucb_coarse,Under-Drafting,1,0.022171465680003166
humaneval,46,ucb_coarse,Under-Drafting,1,0.09905306249856949
humaneval,46,ucb_coarse,Under-Drafting,1,0.04148641601204872
humaneval,47,ucb_coarse,Under-Drafting,1,0.052975643426179886
humaneval,47,ucb_coarse,Over-Drafting,8,1
humaneval,48,ucb_coarse,Under-Drafting,1,0.18445664644241333
humaneval,48,ucb_coarse,Under-Drafting,1,0.007672076113522053
humaneval,49,ucb_coarse,Under-Drafting,1,0.09601349383592606
humaneval,49,ucb_coarse,Under-Drafting,1,0.06315703690052032
humaneval,49,ucb_coarse,Under-Drafting,1,0.1445458084344864
humaneval,49,ucb_coarse,Under-Drafting,1,0.07557189464569092
humaneval,49,ucb_coarse,Under-Drafting,1,0.1265839785337448
humaneval,49,ucb_coarse,Under-Drafting,1,0.1824139952659607
humaneval,50,ucb_coarse,Under-Drafting,1,0.10328060388565063
humaneval,51,ucb_coarse,Under-Drafting,1,0.0007903155055828393
humaneval,51,ucb_coarse,Under-Drafting,1,0.003178838174790144
humaneval,51,ucb_coarse,Under-Drafting,1,0.00012490138760767877
humaneval,51,ucb_coarse,Under-Drafting,1,0.03719038888812065
humaneval,51,ucb_coarse,Under-Drafting,1,0.19766448438167572
humaneval,51,ucb_coarse,Over-Drafting,8,0
humaneval,52,ucb_coarse,Under-Drafting,1,0.19746552407741547
humaneval,52,ucb_coarse,Under-Drafting,1,0.07172342389822006
humaneval,52,ucb_coarse,Under-Drafting,1,0.039894770830869675
humaneval,52,ucb_coarse,Over-Drafting,8,0
humaneval,52,ucb_coarse,Under-Drafting,1,0.000532676640432328
humaneval,52,ucb_coarse,Under-Drafting,1,0.012565244920551777
humaneval,52,ucb_coarse,Under-Drafting,1,0.00019116306793875992
humaneval,52,ucb_coarse,Under-Drafting,1,0.13137421011924744
humaneval,53,ucb_coarse,Under-Drafting,1,0.1638152003288269
humaneval,53,ucb_coarse,Under-Drafting,1,0.08338315784931183
humaneval,53,ucb_coarse,Under-Drafting,1,0.058247774839401245
humaneval,54,ucb_coarse,Under-Drafting,1,0.10907843708992004
humaneval,54,ucb_coarse,Under-Drafting,1,0.18164373934268951
humaneval,54,ucb_coarse,Under-Drafting,1,0.018099579960107803
humaneval,54,ucb_coarse,Under-Drafting,1,0.006316681858152151
humaneval,54,ucb_coarse,Under-Drafting,1,0.014378122985363007
humaneval,54,ucb_coarse,Under-Drafting,1,0.014647266827523708
humaneval,55,ucb_coarse,Over-Drafting,8,1
humaneval,55,ucb_coarse,Under-Drafting,1,0.03660866990685463
humaneval,55,ucb_coarse,Under-Drafting,1,0.0030556898564100266
humaneval,57,ucb_coarse,Under-Drafting,1,0.0649409294128418
humaneval,57,ucb_coarse,Under-Drafting,1,0.05983269587159157
humaneval,57,ucb_coarse,Under-Drafting,1,0.1756170094013214
humaneval,57,ucb_coarse,Under-Drafting,1,0.0813254863023758
humaneval,57,ucb_coarse,Under-Drafting,1,0.015674205496907234
humaneval,57,ucb_coarse,Over-Drafting,8,0
humaneval,57,ucb_coarse,Under-Drafting,1,0.04528025537729263
humaneval,57,ucb_coarse,Under-Drafting,1,0.010411848314106464
humaneval,57,ucb_coarse,Under-Drafting,1,0.07087653130292892
humaneval,57,ucb_coarse,Under-Drafting,1,0.04057961702346802
humaneval,58,ucb_coarse,Under-Drafting,1,0.14363910257816315
humaneval,58,ucb_coarse,Under-Drafting,1,0.03434807434678078
humaneval,58,ucb_coarse,Under-Drafting,1,0.004772135987877846
humaneval,58,ucb_coarse,Under-Drafting,1,0.1435478925704956
humaneval,58,ucb_coarse,Under-Drafting,1,0.11723566055297852
humaneval,58,ucb_coarse,Under-Drafting,1,0.029889535158872604
humaneval,58,ucb_coarse,Under-Drafting,1,0.023105144500732422
humaneval,58,ucb_coarse,Under-Drafting,1,0.12691730260849
humaneval,58,ucb_coarse,Under-Drafting,1,0.10909360647201538
humaneval,58,ucb_coarse,Under-Drafting,1,0.182604119181633
humaneval,58,ucb_coarse,Under-Drafting,1,0.16332723200321198
humaneval,59,ucb_coarse,Over-Drafting,8,1
humaneval,59,ucb_coarse,Over-Drafting,8,1
humaneval,60,ucb_coarse,Under-Drafting,1,0.12425653636455536
humaneval,60,ucb_coarse,Under-Drafting,1,0.010347704403102398
humaneval,60,ucb_coarse,Under-Drafting,1,0.13233433663845062
humaneval,60,ucb_coarse,Under-Drafting,1,0.04762442409992218
humaneval,60,ucb_coarse,Under-Drafting,1,0.06210780888795853
humaneval,60,ucb_coarse,Under-Drafting,1,0.025171516463160515
humaneval,60,ucb_coarse,Under-Drafting,1,0.07137928158044815
humaneval,60,ucb_coarse,Under-Drafting,1,0.049419112503528595
humaneval,61,ucb_coarse,Under-Drafting,1,0.18342225253582
humaneval,61,ucb_coarse,Under-Drafting,1,0.12273404002189636
humaneval,61,ucb_coarse,Under-Drafting,1,0.008693404495716095
humaneval,61,ucb_coarse,Under-Drafting,1,0.02733776345849037
humaneval,61,ucb_coarse,Under-Drafting,1,0.024879198521375656
humaneval,61,ucb_coarse,Under-Drafting,1,0.10486777126789093
humaneval,61,ucb_coarse,Under-Drafting,1,0.029761914163827896
humaneval,61,ucb_coarse,Under-Drafting,1,0.05299720913171768
humaneval,62,ucb_coarse,Over-Drafting,8,1
humaneval,62,ucb_coarse,Under-Drafting,1,0.04986777901649475
humaneval,62,ucb_coarse,Under-Drafting,1,0.1374700963497162
humaneval,62,ucb_coarse,Under-Drafting,1,0.047111861407756805
humaneval,62,ucb_coarse,Under-Drafting,1,0.010961389169096947
humaneval,62,ucb_coarse,Under-Drafting,1,0.0797174870967865
humaneval,62,ucb_coarse,Under-Drafting,1,0.049644969403743744
humaneval,63,ucb_coarse,Under-Drafting,1,0.005064882338047028
humaneval,63,ucb_coarse,Under-Drafting,1,0.0014487500302493572
humaneval,63,ucb_coarse,Over-Drafting,8,0
humaneval,64,ucb_coarse,Under-Drafting,1,0.1809098869562149
humaneval,64,ucb_coarse,Under-Drafting,1,0.1829529106616974
humaneval,64,ucb_coarse,Under-Drafting,1,0.006794843357056379
humaneval,64,ucb_coarse,Under-Drafting,1,0.006163947284221649
humaneval,64,ucb_coarse,Under-Drafting,1,0.04409315437078476
humaneval,64,ucb_coarse,Under-Drafting,1,0.0040949685499072075
humaneval,64,ucb_coarse,Under-Drafting,1,0.01494009979069233
humaneval,64,ucb_coarse,Under-Drafting,1,0.020755158737301826
humaneval,64,ucb_coarse,Under-Drafting,1,0.10196035355329514
humaneval,64,ucb_coarse,Under-Drafting,1,0.12554128468036652
humaneval,64,ucb_coarse,Under-Drafting,1,0.0022703642025589943
humaneval,64,ucb_coarse,Under-Drafting,1,0.005352148786187172
humaneval,64,ucb_coarse,Under-Drafting,1,0.12135712802410126
humaneval,64,ucb_coarse,Under-Drafting,1,0.037907958030700684
humaneval,64,ucb_coarse,Under-Drafting,1,0.1697763353586197
humaneval,64,ucb_coarse,Under-Drafting,1,0.044225312769412994
humaneval,64,ucb_coarse,Under-Drafting,1,0.027181250974535942
humaneval,64,ucb_coarse,Under-Drafting,1,0.12341298162937164
humaneval,64,ucb_coarse,Under-Drafting,1,0.005162206944078207
humaneval,64,ucb_coarse,Under-Drafting,1,0.1315121054649353
humaneval,64,ucb_coarse,Under-Drafting,1,0.0007412044797092676
humaneval,64,ucb_coarse,Under-Drafting,1,0.08912542462348938
humaneval,64,ucb_coarse,Under-Drafting,1,0.003943404648452997
humaneval,64,ucb_coarse,Under-Drafting,1,0.006215352099388838
humaneval,64,ucb_coarse,Under-Drafting,1,0.018420152366161346
humaneval,64,ucb_coarse,Under-Drafting,1,0.10686208307743073
humaneval,65,ucb_coarse,Under-Drafting,1,0.1580188274383545
humaneval,65,ucb_coarse,Under-Drafting,1,0.12113795429468155
humaneval,65,ucb_coarse,Under-Drafting,1,0.0020623821765184402
humaneval,65,ucb_coarse,Under-Drafting,1,0.06357216089963913
humaneval,65,ucb_coarse,Under-Drafting,1,0.037483349442481995
humaneval,65,ucb_coarse,Under-Drafting,1,0.17034980654716492
humaneval,65,ucb_coarse,Under-Drafting,1,0.006846028380095959
humaneval,65,ucb_coarse,Under-Drafting,1,0.003030357649549842
humaneval,66,ucb_coarse,Over-Drafting,8,1
humaneval,66,ucb_coarse,Under-Drafting,1,0.012777979485690594
humaneval,66,ucb_coarse,Under-Drafting,1,0.0019494756124913692
humaneval,66,ucb_coarse,Under-Drafting,1,0.009824185632169247
humaneval,66,ucb_coarse,Under-Drafting,1,0.007072580978274345
humaneval,66,ucb_coarse,Under-Drafting,1,0.02429165318608284
humaneval,66,ucb_coarse,Under-Drafting,1,0.0004399615863803774
humaneval,66,ucb_coarse,Under-Drafting,1,0.015530828386545181
humaneval,66,ucb_coarse,Under-Drafting,1,0.002079999540001154
humaneval,67,ucb_coarse,Over-Drafting,8,1
humaneval,67,ucb_coarse,Under-Drafting,1,0.18977294862270355
humaneval,67,ucb_coarse,Under-Drafting,1,0.01696028932929039
humaneval,67,ucb_coarse,Under-Drafting,1,0.020085137337446213
humaneval,68,ucb_coarse,Over-Drafting,8,1
humaneval,68,ucb_coarse,Under-Drafting,1,0.11949194967746735
humaneval,70,ucb_coarse,Over-Drafting,8,1
humaneval,70,ucb_coarse,Under-Drafting,1,0.016800327226519585
humaneval,71,ucb_coarse,Over-Drafting,8,1
humaneval,71,ucb_coarse,Under-Drafting,1,0.0898185446858406
humaneval,71,ucb_coarse,Under-Drafting,1,0.06203172355890274
humaneval,72,ucb_coarse,Under-Drafting,1,0.0033237114548683167
humaneval,72,ucb_coarse,Under-Drafting,1,0.07276247441768646
humaneval,72,ucb_coarse,Under-Drafting,1,0.0009926041821017861
humaneval,72,ucb_coarse,Under-Drafting,1,0.07453703135251999
humaneval,73,ucb_coarse,Under-Drafting,1,0.04315823316574097
humaneval,74,ucb_coarse,Under-Drafting,1,0.05026669800281525
humaneval,74,ucb_coarse,Under-Drafting,1,0.020202619954943657
humaneval,75,ucb_coarse,Over-Drafting,8,0
humaneval,75,ucb_coarse,Under-Drafting,1,0.04520747810602188
humaneval,75,ucb_coarse,Under-Drafting,1,0.013295561075210571
humaneval,75,ucb_coarse,Under-Drafting,1,0.16376201808452606
humaneval,75,ucb_coarse,Under-Drafting,1,0.12045010179281235
humaneval,75,ucb_coarse,Under-Drafting,1,0.09769728034734726
humaneval,75,ucb_coarse,Under-Drafting,1,0.04193722456693649
humaneval,75,ucb_coarse,Under-Drafting,1,0.035157497972249985
humaneval,76,ucb_coarse,Under-Drafting,1,0.04145964980125427
humaneval,76,ucb_coarse,Under-Drafting,1,0.10973752290010452
humaneval,76,ucb_coarse,Under-Drafting,1,0.1402447521686554
humaneval,77,ucb_coarse,Over-Drafting,8,1
humaneval,77,ucb_coarse,Under-Drafting,1,0.02648189850151539
humaneval,77,ucb_coarse,Under-Drafting,1,0.17084458470344543
humaneval,77,ucb_coarse,Under-Drafting,1,0.010151898488402367
humaneval,79,ucb_coarse,Over-Drafting,8,1
humaneval,80,ucb_coarse,Under-Drafting,1,0.1956154853105545
humaneval,80,ucb_coarse,Under-Drafting,1,0.032443467527627945
humaneval,80,ucb_coarse,Under-Drafting,1,0.14885246753692627
humaneval,80,ucb_coarse,Under-Drafting,1,0.026835940778255463
humaneval,80,ucb_coarse,Under-Drafting,1,0.0497412234544754
humaneval,80,ucb_coarse,Under-Drafting,1,0.03669685870409012
humaneval,82,ucb_coarse,Over-Drafting,8,1
humaneval,82,ucb_coarse,Over-Drafting,8,0
humaneval,82,ucb_coarse,Under-Drafting,1,0.1723199039697647
humaneval,82,ucb_coarse,Under-Drafting,1,0.13966713845729828
humaneval,83,ucb_coarse,Under-Drafting,1,0.04400449991226196
humaneval,83,ucb_coarse,Under-Drafting,1,0.012264230288565159
humaneval,83,ucb_coarse,Under-Drafting,1,0.06775594502687454
humaneval,83,ucb_coarse,Under-Drafting,1,0.067771315574646
humaneval,83,ucb_coarse,Under-Drafting,1,0.009465365670621395
humaneval,83,ucb_coarse,Under-Drafting,1,0.10696253925561905
humaneval,83,ucb_coarse,Under-Drafting,1,0.0027320454828441143
humaneval,83,ucb_coarse,Under-Drafting,1,0.03875536099076271
humaneval,83,ucb_coarse,Under-Drafting,1,0.03025285340845585
humaneval,83,ucb_coarse,Under-Drafting,1,2.398538163106423e-05
humaneval,83,ucb_coarse,Under-Drafting,1,0.003736409591510892
humaneval,84,ucb_coarse,Over-Drafting,8,1
humaneval,85,ucb_coarse,Under-Drafting,1,0.01932685449719429
humaneval,85,ucb_coarse,Under-Drafting,1,0.13434487581253052
humaneval,85,ucb_coarse,Under-Drafting,1,0.06310802698135376
humaneval,86,ucb_coarse,Over-Drafting,8,0
humaneval,86,ucb_coarse,Over-Drafting,8,0
humaneval,86,ucb_coarse,Under-Drafting,1,0.043893732130527496
humaneval,86,ucb_coarse,Under-Drafting,1,0.05648989975452423
humaneval,87,ucb_coarse,Under-Drafting,1,0.0968637764453888
humaneval,87,ucb_coarse,Under-Drafting,1,0.04708731919527054
humaneval,87,ucb_coarse,Under-Drafting,1,0.016569463536143303
humaneval,87,ucb_coarse,Under-Drafting,1,0.059796761721372604
humaneval,87,ucb_coarse,Under-Drafting,1,0.004530788864940405
humaneval,87,ucb_coarse,Under-Drafting,1,0.06905490159988403
humaneval,87,ucb_coarse,Under-Drafting,1,0.011257363483309746
humaneval,87,ucb_coarse,Under-Drafting,1,0.04715810716152191
humaneval,87,ucb_coarse,Under-Drafting,1,0.0011571161448955536
humaneval,87,ucb_coarse,Under-Drafting,1,0.03804933652281761
humaneval,87,ucb_coarse,Under-Drafting,1,0.0059916237369179726
humaneval,87,ucb_coarse,Under-Drafting,1,0.007511398755013943
humaneval,87,ucb_coarse,Under-Drafting,1,0.08950066566467285
humaneval,88,ucb_coarse,Under-Drafting,1,0.04053453356027603
humaneval,90,ucb_coarse,Under-Drafting,1,0.07144636660814285
humaneval,90,ucb_coarse,Under-Drafting,1,0.1472775936126709
humaneval,90,ucb_coarse,Under-Drafting,1,0.04215023294091225
humaneval,90,ucb_coarse,Under-Drafting,1,0.13391168415546417
humaneval,90,ucb_coarse,Under-Drafting,1,0.16774454712867737
humaneval,90,ucb_coarse,Under-Drafting,1,0.1025337278842926
humaneval,91,ucb_coarse,Over-Drafting,8,1
humaneval,91,ucb_coarse,Under-Drafting,1,0.029913900420069695
humaneval,91,ucb_coarse,Under-Drafting,1,0.11607770621776581
humaneval,91,ucb_coarse,Under-Drafting,1,0.05461498349905014
humaneval,91,ucb_coarse,Under-Drafting,1,0.0798533484339714
humaneval,91,ucb_coarse,Under-Drafting,1,0.01461925357580185
humaneval,91,ucb_coarse,Under-Drafting,1,0.004092524293810129
humaneval,91,ucb_coarse,Under-Drafting,1,0.17014585435390472
humaneval,91,ucb_coarse,Under-Drafting,1,0.011538023129105568
humaneval,92,ucb_coarse,Over-Drafting,8,1
humaneval,93,ucb_coarse,Under-Drafting,1,0.13111646473407745
humaneval,93,ucb_coarse,Under-Drafting,1,0.07888910174369812
humaneval,93,ucb_coarse,Under-Drafting,1,0.007591526955366135
humaneval,93,ucb_coarse,Under-Drafting,1,0.036740992218256
humaneval,93,ucb_coarse,Under-Drafting,1,0.0045815277844667435
humaneval,96,ucb_coarse,Over-Drafting,8,1
humaneval,96,ucb_coarse,Under-Drafting,1,0.1457289457321167
humaneval,96,ucb_coarse,Under-Drafting,1,0.18408051133155823
humaneval,96,ucb_coarse,Under-Drafting,1,0.15219493210315704
humaneval,96,ucb_coarse,Under-Drafting,1,0.08251489698886871
humaneval,96,ucb_coarse,Under-Drafting,1,0.13216789066791534
humaneval,96,ucb_coarse,Under-Drafting,1,0.038114361464977264
humaneval,96,ucb_coarse,Under-Drafting,1,0.11073394119739532
humaneval,96,ucb_coarse,Under-Drafting,1,0.002876718295738101
humaneval,96,ucb_coarse,Under-Drafting,1,0.038707882165908813
humaneval,96,ucb_coarse,Under-Drafting,1,0.005737938918173313
humaneval,96,ucb_coarse,Under-Drafting,1,0.0018569303210824728
humaneval,96,ucb_coarse,Under-Drafting,1,0.012135536409914494
humaneval,96,ucb_coarse,Under-Drafting,1,0.002775976900011301
humaneval,96,ucb_coarse,Under-Drafting,1,0.0018583043711259961
humaneval,96,ucb_coarse,Under-Drafting,1,0.07559946924448013
humaneval,96,ucb_coarse,Under-Drafting,1,0.007411309517920017
humaneval,96,ucb_coarse,Under-Drafting,1,0.003308502957224846
humaneval,97,ucb_coarse,Under-Drafting,1,0.14037607610225677
humaneval,97,ucb_coarse,Under-Drafting,1,0.017489861696958542
humaneval,97,ucb_coarse,Under-Drafting,1,0.12499868124723434
humaneval,98,ucb_coarse,Over-Drafting,8,1
humaneval,98,ucb_coarse,Under-Drafting,1,0.007474802900105715
humaneval,98,ucb_coarse,Under-Drafting,1,0.07726886123418808
humaneval,98,ucb_coarse,Under-Drafting,1,0.0007881650235503912
humaneval,98,ucb_coarse,Under-Drafting,1,0.0004883824149146676
humaneval,98,ucb_coarse,Under-Drafting,1,0.00013044796651229262
humaneval,98,ucb_coarse,Under-Drafting,1,8.356471516890451e-05
humaneval,98,ucb_coarse,Under-Drafting,1,7.820392784196883e-05
humaneval,99,ucb_coarse,Over-Drafting,8,0
humaneval,100,ucb_coarse,Under-Drafting,1,0.1118248775601387
humaneval,100,ucb_coarse,Under-Drafting,1,0.0009069587686099112
humaneval,100,ucb_coarse,Under-Drafting,1,0.0069501567631959915
humaneval,100,ucb_coarse,Under-Drafting,1,0.000411060027545318
humaneval,100,ucb_coarse,Under-Drafting,1,0.13749293982982635
humaneval,101,ucb_coarse,Over-Drafting,8,0
humaneval,101,ucb_coarse,Under-Drafting,1,0.012594395317137241
humaneval,101,ucb_coarse,Under-Drafting,1,0.16107513010501862
humaneval,101,ucb_coarse,Under-Drafting,1,0.004030210431665182
humaneval,101,ucb_coarse,Under-Drafting,1,0.051270611584186554
humaneval,102,ucb_coarse,Under-Drafting,1,0.15585513412952423
humaneval,102,ucb_coarse,Under-Drafting,1,0.12250441312789917
humaneval,103,ucb_coarse,Under-Drafting,1,0.1014021635055542
humaneval,103,ucb_coarse,Under-Drafting,1,0.05649290233850479
humaneval,103,ucb_coarse,Under-Drafting,1,0.04824129864573479
humaneval,103,ucb_coarse,Under-Drafting,1,0.13585926592350006
humaneval,103,ucb_coarse,Under-Drafting,1,0.07743384689092636
humaneval,103,ucb_coarse,Under-Drafting,1,0.0037928689271211624
humaneval,103,ucb_coarse,Under-Drafting,1,0.003464324865490198
humaneval,103,ucb_coarse,Under-Drafting,1,0.005821317434310913
humaneval,103,ucb_coarse,Under-Drafting,1,0.0046836319379508495
humaneval,104,ucb_coarse,Under-Drafting,1,0.05496373772621155
humaneval,104,ucb_coarse,Under-Drafting,1,0.12126752734184265
humaneval,104,ucb_coarse,Over-Drafting,8,1
humaneval,104,ucb_coarse,Under-Drafting,1,0.030017415061593056
humaneval,104,ucb_coarse,Under-Drafting,1,0.0739816278219223
humaneval,104,ucb_coarse,Under-Drafting,1,0.06649219989776611
humaneval,104,ucb_coarse,Under-Drafting,1,0.004539294634014368
humaneval,104,ucb_coarse,Under-Drafting,1,0.00984013918787241
humaneval,104,ucb_coarse,Under-Drafting,1,0.006480822339653969
humaneval,104,ucb_coarse,Under-Drafting,1,0.020457347854971886
humaneval,104,ucb_coarse,Under-Drafting,1,0.01068915706127882
humaneval,104,ucb_coarse,Under-Drafting,1,0.030518706887960434
humaneval,104,ucb_coarse,Under-Drafting,1,0.11333000659942627
humaneval,104,ucb_coarse,Under-Drafting,1,0.010992342606186867
humaneval,104,ucb_coarse,Under-Drafting,1,0.08105485141277313
humaneval,104,ucb_coarse,Under-Drafting,1,0.0016184230335056782
humaneval,105,ucb_coarse,Under-Drafting,1,0.18053489923477173
humaneval,105,ucb_coarse,Under-Drafting,1,0.07625730335712433
humaneval,105,ucb_coarse,Under-Drafting,1,0.0047851139679551125
humaneval,105,ucb_coarse,Under-Drafting,1,0.031885601580142975
humaneval,105,ucb_coarse,Under-Drafting,1,0.005914694629609585
humaneval,105,ucb_coarse,Under-Drafting,1,0.003011474385857582
humaneval,105,ucb_coarse,Under-Drafting,1,0.001876569353044033
humaneval,105,ucb_coarse,Under-Drafting,1,0.005626989528536797
humaneval,105,ucb_coarse,Under-Drafting,1,0.016489500179886818
humaneval,105,ucb_coarse,Under-Drafting,1,0.004455994348973036
humaneval,105,ucb_coarse,Under-Drafting,1,0.003922623116523027
humaneval,105,ucb_coarse,Under-Drafting,1,0.054684024304151535
humaneval,105,ucb_coarse,Under-Drafting,1,0.04954766482114792
humaneval,105,ucb_coarse,Under-Drafting,1,0.02258150279521942
humaneval,105,ucb_coarse,Under-Drafting,1,0.006761424243450165
humaneval,105,ucb_coarse,Under-Drafting,1,0.007936309091746807
humaneval,105,ucb_coarse,Under-Drafting,1,0.008199717849493027
humaneval,105,ucb_coarse,Under-Drafting,1,0.03690335899591446
humaneval,106,ucb_coarse,Under-Drafting,1,0.03342851996421814
humaneval,106,ucb_coarse,Under-Drafting,1,0.004935515578836203
humaneval,106,ucb_coarse,Under-Drafting,1,0.1701548546552658
humaneval,106,ucb_coarse,Over-Drafting,8,1
humaneval,106,ucb_coarse,Under-Drafting,1,0.1863376945257187
humaneval,106,ucb_coarse,Under-Drafting,1,0.004129094071686268
humaneval,106,ucb_coarse,Under-Drafting,1,0.020005743950605392
humaneval,106,ucb_coarse,Under-Drafting,1,0.009670602157711983
humaneval,106,ucb_coarse,Under-Drafting,1,0.01019519567489624
humaneval,106,ucb_coarse,Under-Drafting,1,0.0036976770497858524
humaneval,106,ucb_coarse,Under-Drafting,1,0.0015176176093518734
humaneval,107,ucb_coarse,Under-Drafting,1,0.09111475199460983
humaneval,107,ucb_coarse,Under-Drafting,1,0.0851101204752922
humaneval,108,ucb_coarse,Under-Drafting,1,0.08616418391466141
humaneval,108,ucb_coarse,Under-Drafting,1,0.1799025535583496
humaneval,108,ucb_coarse,Under-Drafting,1,0.06533372402191162
humaneval,108,ucb_coarse,Under-Drafting,1,0.07979551702737808
humaneval,108,ucb_coarse,Under-Drafting,1,0.022901982069015503
humaneval,108,ucb_coarse,Under-Drafting,1,0.19999390840530396
humaneval,108,ucb_coarse,Under-Drafting,1,0.08386830985546112
humaneval,108,ucb_coarse,Under-Drafting,1,0.024996843189001083
humaneval,108,ucb_coarse,Under-Drafting,1,0.011074872687458992
humaneval,108,ucb_coarse,Under-Drafting,1,0.07510756701231003
humaneval,108,ucb_coarse,Under-Drafting,1,0.06867292523384094
humaneval,108,ucb_coarse,Under-Drafting,1,0.019033275544643402
humaneval,108,ucb_coarse,Under-Drafting,1,0.0211903378367424
humaneval,108,ucb_coarse,Under-Drafting,1,0.004130840301513672
humaneval,108,ucb_coarse,Under-Drafting,1,0.1529356688261032
humaneval,108,ucb_coarse,Under-Drafting,1,0.019416265189647675
humaneval,109,ucb_coarse,Under-Drafting,1,0.13721109926700592
humaneval,109,ucb_coarse,Under-Drafting,1,0.0434202216565609
humaneval,109,ucb_coarse,Under-Drafting,1,0.059554845094680786
humaneval,109,ucb_coarse,Under-Drafting,1,0.11853202432394028
humaneval,109,ucb_coarse,Over-Drafting,8,1
humaneval,110,ucb_coarse,Under-Drafting,1,0.0763419046998024
humaneval,111,ucb_coarse,Under-Drafting,1,0.15154895186424255
humaneval,111,ucb_coarse,Under-Drafting,1,0.03997800126671791
humaneval,111,ucb_coarse,Under-Drafting,1,0.1379128247499466
humaneval,111,ucb_coarse,Under-Drafting,1,0.0896163359284401
humaneval,111,ucb_coarse,Over-Drafting,8,0
humaneval,111,ucb_coarse,Under-Drafting,1,0.06349021196365356
humaneval,112,ucb_coarse,Under-Drafting,1,0.08660942316055298
humaneval,112,ucb_coarse,Under-Drafting,1,0.017192773520946503
humaneval,112,ucb_coarse,Under-Drafting,1,0.008174076676368713
humaneval,112,ucb_coarse,Under-Drafting,1,0.14868584275245667
humaneval,112,ucb_coarse,Under-Drafting,1,0.06473496556282043
humaneval,112,ucb_coarse,Under-Drafting,1,0.19653460383415222
humaneval,112,ucb_coarse,Under-Drafting,1,0.05623325705528259
humaneval,112,ucb_coarse,Under-Drafting,1,0.09136130660772324
humaneval,112,ucb_coarse,Under-Drafting,1,0.007852394133806229
humaneval,112,ucb_coarse,Under-Drafting,1,0.024290284141898155
humaneval,112,ucb_coarse,Under-Drafting,1,0.014147310517728329
humaneval,112,ucb_coarse,Under-Drafting,1,0.06744322180747986
humaneval,112,ucb_coarse,Under-Drafting,1,0.08995691686868668
humaneval,112,ucb_coarse,Under-Drafting,1,0.11023083329200745
humaneval,112,ucb_coarse,Under-Drafting,1,0.005257315933704376
humaneval,113,ucb_coarse,Under-Drafting,1,0.1325380653142929
humaneval,113,ucb_coarse,Under-Drafting,1,0.1271824985742569
humaneval,113,ucb_coarse,Under-Drafting,1,0.04252389445900917
humaneval,113,ucb_coarse,Over-Drafting,8,0
humaneval,114,ucb_coarse,Under-Drafting,1,0.0695100948214531
humaneval,114,ucb_coarse,Under-Drafting,1,0.18494753539562225
humaneval,114,ucb_coarse,Under-Drafting,1,0.13190490007400513
humaneval,114,ucb_coarse,Under-Drafting,1,0.0014882205286994576
humaneval,114,ucb_coarse,Under-Drafting,1,0.05438467860221863
humaneval,114,ucb_coarse,Under-Drafting,1,0.14233249425888062
humaneval,114,ucb_coarse,Under-Drafting,1,0.04671622812747955
humaneval,114,ucb_coarse,Under-Drafting,1,0.08270446211099625
humaneval,114,ucb_coarse,Under-Drafting,1,0.007185820955783129
humaneval,114,ucb_coarse,Under-Drafting,1,0.03742380440235138
humaneval,114,ucb_coarse,Under-Drafting,1,0.00033503788290545344
humaneval,114,ucb_coarse,Under-Drafting,1,0.07776477187871933
humaneval,114,ucb_coarse,Under-Drafting,1,0.1020265519618988
humaneval,114,ucb_coarse,Under-Drafting,1,0.003986682742834091
humaneval,114,ucb_coarse,Under-Drafting,1,0.00028825653134845197
humaneval,114,ucb_coarse,Under-Drafting,1,0.058895938098430634
humaneval,114,ucb_coarse,Under-Drafting,1,0.10794325172901154
humaneval,115,ucb_coarse,Under-Drafting,1,0.15801681578159332
humaneval,115,ucb_coarse,Under-Drafting,1,0.11356089264154434
humaneval,115,ucb_coarse,Under-Drafting,1,0.06614566594362259
humaneval,115,ucb_coarse,Under-Drafting,1,0.00020106779993511736
humaneval,115,ucb_coarse,Under-Drafting,1,0.00025011683464981616
humaneval,115,ucb_coarse,Under-Drafting,1,0.00041232159128412604
humaneval,115,ucb_coarse,Under-Drafting,1,0.008639832958579063
humaneval,115,ucb_coarse,Under-Drafting,1,0.003906161291524768
humaneval,115,ucb_coarse,Under-Drafting,1,0.003300157841295004
humaneval,115,ucb_coarse,Under-Drafting,1,0.005075216293334961
humaneval,115,ucb_coarse,Under-Drafting,1,0.007335081230849028
humaneval,115,ucb_coarse,Under-Drafting,1,0.013823946937918663
humaneval,115,ucb_coarse,Under-Drafting,1,0.0420982763171196
humaneval,115,ucb_coarse,Under-Drafting,1,0.08168972283601761
humaneval,115,ucb_coarse,Under-Drafting,1,0.003401136491447687
humaneval,116,ucb_coarse,Over-Drafting,8,1
humaneval,116,ucb_coarse,Under-Drafting,1,0.14628535509109497
humaneval,116,ucb_coarse,Under-Drafting,1,0.06678327172994614
humaneval,116,ucb_coarse,Under-Drafting,1,0.10758226364850998
humaneval,117,ucb_coarse,Over-Drafting,8,1
humaneval,117,ucb_coarse,Under-Drafting,1,0.09245643764734268
humaneval,118,ucb_coarse,Under-Drafting,1,3.589883272070438e-05
humaneval,118,ucb_coarse,Under-Drafting,1,0.004006771836429834
humaneval,118,ucb_coarse,Under-Drafting,1,0.027732573449611664
humaneval,118,ucb_coarse,Under-Drafting,1,0.0530894435942173
humaneval,118,ucb_coarse,Under-Drafting,1,0.12978754937648773
humaneval,119,ucb_coarse,Under-Drafting,1,0.14229701459407806
humaneval,121,ucb_coarse,Under-Drafting,1,0.10527646541595459
humaneval,121,ucb_coarse,Under-Drafting,1,0.010715841315686703
humaneval,121,ucb_coarse,Under-Drafting,1,0.011652274988591671
humaneval,121,ucb_coarse,Under-Drafting,1,0.004302433226257563
humaneval,121,ucb_coarse,Under-Drafting,1,0.0050481343641877174
humaneval,121,ucb_coarse,Under-Drafting,1,0.00580546073615551
humaneval,122,ucb_coarse,Over-Drafting,8,0
humaneval,122,ucb_coarse,Under-Drafting,1,0.1685398817062378
humaneval,122,ucb_coarse,Under-Drafting,1,0.07725675404071808
humaneval,122,ucb_coarse,Under-Drafting,1,0.18638378381729126
humaneval,122,ucb_coarse,Under-Drafting,1,0.022820984944701195
humaneval,123,ucb_coarse,Under-Drafting,1,0.02186471037566662
humaneval,123,ucb_coarse,Under-Drafting,1,0.006273421458899975
humaneval,123,ucb_coarse,Under-Drafting,1,0.005211680196225643
humaneval,123,ucb_coarse,Under-Drafting,1,0.009729436598718166
humaneval,123,ucb_coarse,Under-Drafting,1,0.0074563175439834595
humaneval,123,ucb_coarse,Under-Drafting,1,0.09549838304519653
humaneval,124,ucb_coarse,Under-Drafting,1,0.18428117036819458
humaneval,124,ucb_coarse,Under-Drafting,1,0.07143819332122803
humaneval,124,ucb_coarse,Under-Drafting,1,0.158250093460083
humaneval,124,ucb_coarse,Under-Drafting,1,0.032955095171928406
humaneval,124,ucb_coarse,Under-Drafting,1,0.019506845623254776
humaneval,124,ucb_coarse,Under-Drafting,1,0.033778246492147446
humaneval,124,ucb_coarse,Under-Drafting,1,0.0319284163415432
humaneval,124,ucb_coarse,Under-Drafting,1,0.03214263170957565
humaneval,125,ucb_coarse,Over-Drafting,8,0
humaneval,125,ucb_coarse,Under-Drafting,1,0.08213285356760025
humaneval,125,ucb_coarse,Under-Drafting,1,0.14375367760658264
humaneval,126,ucb_coarse,Under-Drafting,1,0.06720125675201416
humaneval,126,ucb_coarse,Under-Drafting,1,0.0952647253870964
humaneval,126,ucb_coarse,Under-Drafting,1,0.1421632170677185
humaneval,126,ucb_coarse,Under-Drafting,1,0.02985469624400139
humaneval,126,ucb_coarse,Under-Drafting,1,0.19899213314056396
humaneval,127,ucb_coarse,Under-Drafting,1,0.07741712778806686
humaneval,127,ucb_coarse,Under-Drafting,1,0.004409993998706341
humaneval,127,ucb_coarse,Under-Drafting,1,0.08525878190994263
humaneval,128,ucb_coarse,Over-Drafting,8,1
humaneval,128,ucb_coarse,Under-Drafting,1,0.08725417405366898
humaneval,128,ucb_coarse,Over-Drafting,8,0
humaneval,130,ucb_coarse,Under-Drafting,1,0.17312408983707428
humaneval,130,ucb_coarse,Under-Drafting,1,0.07769811898469925
humaneval,130,ucb_coarse,Under-Drafting,1,0.09361138194799423
humaneval,131,ucb_coarse,Under-Drafting,1,0.15247398614883423
humaneval,131,ucb_coarse,Under-Drafting,1,0.09928584843873978
humaneval,131,ucb_coarse,Over-Drafting,8,0
humaneval,131,ucb_coarse,Under-Drafting,1,0.09625919908285141
humaneval,131,ucb_coarse,Under-Drafting,1,0.03559528663754463
humaneval,131,ucb_coarse,Under-Drafting,1,0.009386968798935413
humaneval,131,ucb_coarse,Under-Drafting,1,0.013626422733068466
humaneval,131,ucb_coarse,Under-Drafting,1,0.008977189660072327
humaneval,131,ucb_coarse,Under-Drafting,1,0.0072092823684215546
humaneval,131,ucb_coarse,Under-Drafting,1,0.024180840700864792
humaneval,131,ucb_coarse,Under-Drafting,1,0.06084698811173439
humaneval,131,ucb_coarse,Under-Drafting,1,0.01915857382118702
humaneval,131,ucb_coarse,Under-Drafting,1,0.009281517937779427
humaneval,132,ucb_coarse,Under-Drafting,1,0.15706944465637207
humaneval,132,ucb_coarse,Under-Drafting,1,0.0832131952047348
humaneval,132,ucb_coarse,Under-Drafting,1,0.059019848704338074
humaneval,132,ucb_coarse,Under-Drafting,1,0.010390356183052063
humaneval,132,ucb_coarse,Under-Drafting,1,0.0019333402160555124
humaneval,132,ucb_coarse,Under-Drafting,1,0.01951400749385357
humaneval,132,ucb_coarse,Under-Drafting,1,0.014373630285263062
humaneval,132,ucb_coarse,Under-Drafting,1,0.056797150522470474
humaneval,132,ucb_coarse,Under-Drafting,1,0.016828566789627075
humaneval,132,ucb_coarse,Under-Drafting,1,0.011231284588575363
humaneval,132,ucb_coarse,Under-Drafting,1,0.00995144434273243
humaneval,132,ucb_coarse,Under-Drafting,1,0.028101421892642975
humaneval,133,ucb_coarse,Under-Drafting,1,0.15393495559692383
humaneval,133,ucb_coarse,Under-Drafting,1,0.031885500997304916
humaneval,133,ucb_coarse,Under-Drafting,1,0.029796216636896133
humaneval,133,ucb_coarse,Under-Drafting,1,0.14489316940307617
humaneval,133,ucb_coarse,Under-Drafting,1,0.036097560077905655
humaneval,133,ucb_coarse,Under-Drafting,1,0.02706998586654663
humaneval,133,ucb_coarse,Under-Drafting,1,0.035694729536771774
humaneval,133,ucb_coarse,Under-Drafting,1,0.1738099306821823
humaneval,133,ucb_coarse,Under-Drafting,1,0.07262915372848511
humaneval,133,ucb_coarse,Under-Drafting,1,0.02563411183655262
humaneval,133,ucb_coarse,Under-Drafting,1,0.039426691830158234
humaneval,134,ucb_coarse,Under-Drafting,1,0.13789905607700348
humaneval,134,ucb_coarse,Under-Drafting,1,0.0034369213972240686
humaneval,134,ucb_coarse,Under-Drafting,1,0.10689429193735123
humaneval,134,ucb_coarse,Under-Drafting,1,0.11977694183588028
humaneval,134,ucb_coarse,Under-Drafting,1,0.1455063819885254
humaneval,135,ucb_coarse,Under-Drafting,1,0.03453550115227699
humaneval,135,ucb_coarse,Under-Drafting,1,0.016407527029514313
humaneval,135,ucb_coarse,Under-Drafting,1,0.07870756089687347
humaneval,135,ucb_coarse,Under-Drafting,1,0.06764014065265656
humaneval,135,ucb_coarse,Under-Drafting,1,0.001524690305814147
humaneval,135,ucb_coarse,Under-Drafting,1,0.03280191496014595
humaneval,135,ucb_coarse,Under-Drafting,1,0.019492143765091896
humaneval,135,ucb_coarse,Under-Drafting,1,0.1250012367963791
humaneval,135,ucb_coarse,Over-Drafting,8,0
humaneval,136,ucb_coarse,Under-Drafting,1,0.10991603136062622
humaneval,136,ucb_coarse,Under-Drafting,1,0.17911416292190552
humaneval,136,ucb_coarse,Under-Drafting,1,0.17468233406543732
humaneval,137,ucb_coarse,Over-Drafting,8,1
humaneval,137,ucb_coarse,Under-Drafting,1,0.11198090016841888
humaneval,137,ucb_coarse,Under-Drafting,1,0.039809904992580414
humaneval,137,ucb_coarse,Under-Drafting,1,0.027141148224473
humaneval,137,ucb_coarse,Under-Drafting,1,0.16884654760360718
humaneval,137,ucb_coarse,Under-Drafting,1,0.01864888332784176
humaneval,138,ucb_coarse,Over-Drafting,8,1
humaneval,138,ucb_coarse,Under-Drafting,1,0.16934624314308167
humaneval,138,ucb_coarse,Under-Drafting,1,0.04272294044494629
humaneval,138,ucb_coarse,Under-Drafting,1,0.19634047150611877
humaneval,138,ucb_coarse,Under-Drafting,1,0.0543813519179821
humaneval,139,ucb_coarse,Under-Drafting,1,0.14467480778694153
humaneval,139,ucb_coarse,Under-Drafting,1,0.005193473771214485
humaneval,139,ucb_coarse,Under-Drafting,1,0.005741177126765251
humaneval,140,ucb_coarse,Under-Drafting,1,0.027752943336963654
humaneval,140,ucb_coarse,Under-Drafting,1,0.04924432188272476
humaneval,140,ucb_coarse,Under-Drafting,1,0.1301461011171341
humaneval,140,ucb_coarse,Under-Drafting,1,0.1861831098794937
humaneval,140,ucb_coarse,Under-Drafting,1,0.11298857629299164
humaneval,140,ucb_coarse,Under-Drafting,1,0.09153824299573898
humaneval,140,ucb_coarse,Under-Drafting,1,0.012517300434410572
humaneval,140,ucb_coarse,Under-Drafting,1,0.03477711230516434
humaneval,140,ucb_coarse,Under-Drafting,1,0.014004018157720566
humaneval,140,ucb_coarse,Under-Drafting,1,0.018390515819191933
humaneval,140,ucb_coarse,Under-Drafting,1,0.03584425151348114
humaneval,140,ucb_coarse,Under-Drafting,1,0.02611965872347355
humaneval,140,ucb_coarse,Under-Drafting,1,0.004316521342843771
humaneval,140,ucb_coarse,Under-Drafting,1,0.007778110448271036
humaneval,140,ucb_coarse,Under-Drafting,1,0.04175035282969475
humaneval,140,ucb_coarse,Under-Drafting,1,0.026271505281329155
humaneval,140,ucb_coarse,Under-Drafting,1,0.018524864688515663
humaneval,141,ucb_coarse,Under-Drafting,1,0.024216584861278534
humaneval,142,ucb_coarse,Over-Drafting,8,1
humaneval,142,ucb_coarse,Under-Drafting,1,0.11852427572011948
humaneval,142,ucb_coarse,Under-Drafting,1,0.08570833504199982
humaneval,142,ucb_coarse,Under-Drafting,1,0.04670108109712601
humaneval,142,ucb_coarse,Under-Drafting,1,0.07062114030122757
humaneval,142,ucb_coarse,Under-Drafting,1,0.044083330780267715
humaneval,142,ucb_coarse,Under-Drafting,1,0.10450449585914612
humaneval,142,ucb_coarse,Under-Drafting,1,0.10976944118738174
humaneval,143,ucb_coarse,Under-Drafting,1,0.19329962134361267
humaneval,143,ucb_coarse,Under-Drafting,1,0.1644820123910904
humaneval,143,ucb_coarse,Under-Drafting,1,0.032871536910533905
humaneval,144,ucb_coarse,Over-Drafting,8,0
humaneval,144,ucb_coarse,Under-Drafting,1,0.1266106218099594
humaneval,144,ucb_coarse,Under-Drafting,1,0.19228553771972656
humaneval,145,ucb_coarse,Under-Drafting,1,0.04533267021179199
humaneval,145,ucb_coarse,Under-Drafting,1,0.16353411972522736
humaneval,145,ucb_coarse,Under-Drafting,1,0.03178779035806656
humaneval,145,ucb_coarse,Under-Drafting,1,0.035497527569532394
humaneval,145,ucb_coarse,Under-Drafting,1,0.0943308100104332
humaneval,145,ucb_coarse,Under-Drafting,1,0.18395322561264038
humaneval,145,ucb_coarse,Under-Drafting,1,0.04022930562496185
humaneval,145,ucb_coarse,Under-Drafting,1,0.018077418208122253
humaneval,145,ucb_coarse,Under-Drafting,1,0.19642771780490875
humaneval,145,ucb_coarse,Under-Drafting,1,0.04524338245391846
humaneval,145,ucb_coarse,Under-Drafting,1,0.028268970549106598
humaneval,145,ucb_coarse,Under-Drafting,1,0.004020454362034798
humaneval,145,ucb_coarse,Under-Drafting,1,0.043618205934762955
humaneval,145,ucb_coarse,Under-Drafting,1,0.007012435235083103
humaneval,145,ucb_coarse,Under-Drafting,1,0.04265497997403145
humaneval,145,ucb_coarse,Under-Drafting,1,0.032902467995882034
humaneval,145,ucb_coarse,Under-Drafting,1,0.00701605761423707
humaneval,145,ucb_coarse,Under-Drafting,1,0.008799402043223381
humaneval,145,ucb_coarse,Under-Drafting,1,0.0997471809387207
humaneval,146,ucb_coarse,Under-Drafting,1,0.00662408908829093
humaneval,146,ucb_coarse,Under-Drafting,1,0.02098093554377556
humaneval,146,ucb_coarse,Under-Drafting,1,0.09392128884792328
humaneval,146,ucb_coarse,Under-Drafting,1,0.11309008300304413
humaneval,146,ucb_coarse,Under-Drafting,1,0.0428558886051178
humaneval,146,ucb_coarse,Under-Drafting,1,0.004287130665034056
humaneval,147,ucb_coarse,Over-Drafting,8,1
humaneval,147,ucb_coarse,Under-Drafting,1,0.05400034785270691
humaneval,147,ucb_coarse,Under-Drafting,1,0.004720855504274368
humaneval,147,ucb_coarse,Under-Drafting,1,0.09954182058572769
humaneval,147,ucb_coarse,Under-Drafting,1,0.16663715243339539
humaneval,147,ucb_coarse,Under-Drafting,1,0.03790009766817093
humaneval,147,ucb_coarse,Under-Drafting,1,0.004936985671520233
humaneval,147,ucb_coarse,Under-Drafting,1,0.07083433121442795
humaneval,147,ucb_coarse,Under-Drafting,1,0.12321000546216965
humaneval,147,ucb_coarse,Under-Drafting,1,0.012960080988705158
humaneval,148,ucb_coarse,Under-Drafting,1,0.06478700041770935
humaneval,148,ucb_coarse,Under-Drafting,1,0.16147218644618988
humaneval,148,ucb_coarse,Under-Drafting,1,0.15849052369594574
humaneval,148,ucb_coarse,Under-Drafting,1,0.09982220828533173
humaneval,148,ucb_coarse,Under-Drafting,1,0.0039359889924526215
humaneval,148,ucb_coarse,Under-Drafting,1,0.07247157394886017
humaneval,148,ucb_coarse,Under-Drafting,1,0.01955517940223217
humaneval,148,ucb_coarse,Under-Drafting,1,0.146871417760849
humaneval,148,ucb_coarse,Under-Drafting,1,0.00017676266725175083
humaneval,148,ucb_coarse,Under-Drafting,1,0.09817847609519958
humaneval,148,ucb_coarse,Under-Drafting,1,0.015753358602523804
humaneval,148,ucb_coarse,Under-Drafting,1,0.04773065075278282
humaneval,148,ucb_coarse,Under-Drafting,1,0.11111370474100113
humaneval,148,ucb_coarse,Under-Drafting,1,0.049904435873031616
humaneval,149,ucb_coarse,Under-Drafting,1,0.040989845991134644
humaneval,149,ucb_coarse,Under-Drafting,1,0.008132336661219597
humaneval,149,ucb_coarse,Under-Drafting,1,0.08093301951885223
humaneval,149,ucb_coarse,Under-Drafting,1,0.024684162810444832
humaneval,149,ucb_coarse,Under-Drafting,1,0.05623568594455719
humaneval,149,ucb_coarse,Under-Drafting,1,0.0018884865567088127
humaneval,149,ucb_coarse,Under-Drafting,1,0.1411145031452179
humaneval,150,ucb_coarse,Under-Drafting,1,0.044707510620355606
humaneval,150,ucb_coarse,Under-Drafting,1,0.13674506545066833
humaneval,150,ucb_coarse,Under-Drafting,1,0.01798097975552082
humaneval,150,ucb_coarse,Under-Drafting,1,0.09211304038763046
humaneval,150,ucb_coarse,Under-Drafting,1,0.022293820977211
humaneval,150,ucb_coarse,Under-Drafting,1,0.1805107146501541
humaneval,150,ucb_coarse,Under-Drafting,1,0.023787418380379677
humaneval,150,ucb_coarse,Under-Drafting,1,0.06773543357849121
humaneval,150,ucb_coarse,Under-Drafting,1,0.10202214121818542
humaneval,150,ucb_coarse,Under-Drafting,1,0.07967996597290039
humaneval,150,ucb_coarse,Under-Drafting,1,0.023097030818462372
humaneval,151,ucb_coarse,Under-Drafting,1,0.04297073930501938
humaneval,151,ucb_coarse,Under-Drafting,1,0.07821419835090637
humaneval,151,ucb_coarse,Under-Drafting,1,0.028086861595511436
humaneval,151,ucb_coarse,Over-Drafting,8,1
humaneval,151,ucb_coarse,Under-Drafting,1,0.017783673480153084
humaneval,151,ucb_coarse,Under-Drafting,1,0.028713293373584747
humaneval,151,ucb_coarse,Under-Drafting,1,0.05417412519454956
humaneval,151,ucb_coarse,Under-Drafting,1,0.018100960180163383
humaneval,151,ucb_coarse,Under-Drafting,1,0.012267682701349258
humaneval,151,ucb_coarse,Under-Drafting,1,0.028194421902298927
humaneval,151,ucb_coarse,Under-Drafting,1,0.1573508083820343
humaneval,151,ucb_coarse,Under-Drafting,1,0.010302670300006866
humaneval,151,ucb_coarse,Under-Drafting,1,0.0024707019329071045
humaneval,152,ucb_coarse,Under-Drafting,1,0.05103317275643349
humaneval,152,ucb_coarse,Under-Drafting,1,0.09607423841953278
humaneval,152,ucb_coarse,Under-Drafting,1,0.04805447533726692
humaneval,152,ucb_coarse,Under-Drafting,1,0.03680163994431496
humaneval,152,ucb_coarse,Under-Drafting,1,0.1368398666381836
humaneval,152,ucb_coarse,Under-Drafting,1,0.10622712969779968
humaneval,152,ucb_coarse,Under-Drafting,1,0.039570730179548264
humaneval,152,ucb_coarse,Under-Drafting,1,0.041028935462236404
humaneval,152,ucb_coarse,Under-Drafting,1,0.015058779157698154
humaneval,152,ucb_coarse,Under-Drafting,1,0.1657939851284027
humaneval,152,ucb_coarse,Under-Drafting,1,0.046814773231744766
humaneval,152,ucb_coarse,Under-Drafting,1,0.0643448457121849
humaneval,153,ucb_coarse,Over-Drafting,8,0
humaneval,153,ucb_coarse,Under-Drafting,1,0.020188946276903152
humaneval,153,ucb_coarse,Under-Drafting,1,0.10688202828168869
humaneval,153,ucb_coarse,Under-Drafting,1,0.027455400675535202
humaneval,153,ucb_coarse,Under-Drafting,1,0.03144347295165062
humaneval,154,ucb_coarse,Under-Drafting,1,0.008891342207789421
humaneval,154,ucb_coarse,Under-Drafting,1,0.004958950448781252
humaneval,154,ucb_coarse,Under-Drafting,1,0.0004963686224073172
humaneval,154,ucb_coarse,Under-Drafting,1,0.0009508051443845034
humaneval,155,ucb_coarse,Under-Drafting,1,0.06874552369117737
humaneval,155,ucb_coarse,Under-Drafting,1,0.00529920868575573
humaneval,155,ucb_coarse,Under-Drafting,1,0.08091093599796295
humaneval,155,ucb_coarse,Under-Drafting,1,0.0502944253385067
humaneval,155,ucb_coarse,Under-Drafting,1,0.02993513084948063
humaneval,155,ucb_coarse,Under-Drafting,1,0.16647319495677948
humaneval,155,ucb_coarse,Under-Drafting,1,0.09785367548465729
humaneval,155,ucb_coarse,Under-Drafting,1,0.1285267472267151
humaneval,155,ucb_coarse,Under-Drafting,1,0.014127258211374283
humaneval,155,ucb_coarse,Under-Drafting,1,0.10879658162593842
humaneval,155,ucb_coarse,Under-Drafting,1,0.18497347831726074
humaneval,155,ucb_coarse,Under-Drafting,1,0.01852954551577568
humaneval,155,ucb_coarse,Under-Drafting,1,0.054642170667648315
humaneval,155,ucb_coarse,Under-Drafting,1,0.0029206674080342054
humaneval,155,ucb_coarse,Under-Drafting,1,0.046871840953826904
humaneval,155,ucb_coarse,Over-Drafting,8,0
humaneval,156,ucb_coarse,Under-Drafting,1,0.1138119325041771
humaneval,156,ucb_coarse,Under-Drafting,1,0.001107947900891304
humaneval,156,ucb_coarse,Under-Drafting,1,0.06867519021034241
humaneval,156,ucb_coarse,Under-Drafting,1,0.11557121574878693
humaneval,156,ucb_coarse,Under-Drafting,1,0.008766520768404007
humaneval,156,ucb_coarse,Under-Drafting,1,0.009735732339322567
humaneval,156,ucb_coarse,Under-Drafting,1,0.11224588751792908
humaneval,156,ucb_coarse,Under-Drafting,1,6.104425119701773e-05
humaneval,156,ucb_coarse,Under-Drafting,1,0.00016763570602051914
humaneval,156,ucb_coarse,Under-Drafting,1,0.006952808704227209
humaneval,156,ucb_coarse,Under-Drafting,1,4.981211532140151e-05
humaneval,156,ucb_coarse,Under-Drafting,1,0.0009129892569035292
humaneval,156,ucb_coarse,Under-Drafting,1,0.19284962117671967
humaneval,156,ucb_coarse,Under-Drafting,1,0.011990253813564777
humaneval,156,ucb_coarse,Under-Drafting,1,0.0007918119663372636
humaneval,156,ucb_coarse,Under-Drafting,1,0.0007211000192910433
humaneval,156,ucb_coarse,Under-Drafting,1,0.008861840702593327
humaneval,156,ucb_coarse,Under-Drafting,1,0.0014450105372816324
humaneval,156,ucb_coarse,Under-Drafting,1,0.0016091389115899801
humaneval,156,ucb_coarse,Under-Drafting,1,0.006303903181105852
humaneval,156,ucb_coarse,Under-Drafting,1,0.023778216913342476
humaneval,156,ucb_coarse,Under-Drafting,1,0.028988579288125038
humaneval,157,ucb_coarse,Under-Drafting,1,0.053089141845703125
humaneval,157,ucb_coarse,Under-Drafting,1,0.14094997942447662
humaneval,157,ucb_coarse,Under-Drafting,1,0.005757610779255629
humaneval,157,ucb_coarse,Under-Drafting,1,0.1211884394288063
humaneval,157,ucb_coarse,Under-Drafting,1,0.007625022437423468
humaneval,157,ucb_coarse,Under-Drafting,1,0.15846243500709534
humaneval,157,ucb_coarse,Under-Drafting,1,0.052290044724941254
humaneval,157,ucb_coarse,Under-Drafting,1,0.004670583177357912
humaneval,157,ucb_coarse,Under-Drafting,1,0.1976022571325302
humaneval,157,ucb_coarse,Under-Drafting,1,0.0043096053414046764
humaneval,157,ucb_coarse,Under-Drafting,1,0.02328874170780182
humaneval,157,ucb_coarse,Under-Drafting,1,0.08425086736679077
humaneval,157,ucb_coarse,Under-Drafting,1,0.0901205912232399
humaneval,157,ucb_coarse,Under-Drafting,1,0.012429109774529934
humaneval,157,ucb_coarse,Under-Drafting,1,0.001798213110305369
humaneval,158,ucb_coarse,Under-Drafting,1,0.09508418291807175
humaneval,158,ucb_coarse,Under-Drafting,1,0.0820503830909729
humaneval,158,ucb_coarse,Under-Drafting,1,0.11051285266876221
humaneval,158,ucb_coarse,Under-Drafting,1,0.10264676064252853
humaneval,159,ucb_coarse,Under-Drafting,1,0.0038391852285712957
humaneval,159,ucb_coarse,Under-Drafting,1,0.09099574387073517
humaneval,159,ucb_coarse,Under-Drafting,1,0.00409453921020031
humaneval,159,ucb_coarse,Under-Drafting,1,0.027878224849700928
humaneval,159,ucb_coarse,Under-Drafting,1,0.01720578595995903
humaneval,159,ucb_coarse,Under-Drafting,1,0.07747239619493484
humaneval,159,ucb_coarse,Under-Drafting,1,0.06210535019636154
humaneval,159,ucb_coarse,Under-Drafting,1,0.008286540396511555
humaneval,159,ucb_coarse,Under-Drafting,1,0.030455565080046654
humaneval,159,ucb_coarse,Under-Drafting,1,0.0066415006294846535
humaneval,159,ucb_coarse,Under-Drafting,1,0.0010443765204399824
humaneval,159,ucb_coarse,Under-Drafting,1,0.027575228363275528
humaneval,159,ucb_coarse,Under-Drafting,1,0.00269114738330245
humaneval,159,ucb_coarse,Under-Drafting,1,0.0005612688255496323
humaneval,159,ucb_coarse,Under-Drafting,1,0.00470741419121623
humaneval,159,ucb_coarse,Under-Drafting,1,0.004455783404409885
humaneval,159,ucb_coarse,Under-Drafting,1,0.001001768046990037
humaneval,159,ucb_coarse,Under-Drafting,1,0.007264118641614914
humaneval,160,ucb_coarse,Over-Drafting,8,1
humaneval,161,ucb_coarse,Under-Drafting,1,0.09460186958312988
humaneval,161,ucb_coarse,Under-Drafting,1,0.11237654089927673
humaneval,161,ucb_coarse,Under-Drafting,1,0.18540091812610626
humaneval,161,ucb_coarse,Under-Drafting,1,0.0390653982758522
humaneval,161,ucb_coarse,Under-Drafting,1,0.02987334504723549
humaneval,161,ucb_coarse,Under-Drafting,1,0.10219931602478027
humaneval,161,ucb_coarse,Under-Drafting,1,0.08499900251626968
humaneval,161,ucb_coarse,Under-Drafting,1,0.09153100103139877
humaneval,161,ucb_coarse,Under-Drafting,1,0.018808890134096146
humaneval,161,ucb_coarse,Under-Drafting,1,0.1668774038553238
humaneval,162,ucb_coarse,Under-Drafting,1,0.07636667788028717
humaneval,162,ucb_coarse,Under-Drafting,1,0.0007919640047475696
humaneval,162,ucb_coarse,Under-Drafting,1,0.0022480785846710205
humaneval,162,ucb_coarse,Under-Drafting,1,9.875689283944666e-05
humaneval,162,ucb_coarse,Under-Drafting,1,0.02001262828707695
humaneval,162,ucb_coarse,Under-Drafting,1,0.0035724530462175608
humaneval,162,ucb_coarse,Under-Drafting,1,0.00899185985326767
humaneval,162,ucb_coarse,Under-Drafting,1,0.0075921351090073586
humaneval,162,ucb_coarse,Under-Drafting,1,0.196345716714859
humaneval,162,ucb_coarse,Under-Drafting,1,0.002576650818809867
humaneval,162,ucb_coarse,Under-Drafting,1,9.466378105571494e-05
humaneval,163,ucb_coarse,Under-Drafting,1,0.03558901697397232
humaneval,163,ucb_coarse,Under-Drafting,1,0.027488401159644127
humaneval,163,ucb_coarse,Under-Drafting,1,0.0046053240075707436
humaneval,163,ucb_coarse,Under-Drafting,1,0.013738268986344337
humaneval,163,ucb_coarse,Under-Drafting,1,0.013098777271807194
humaneval,163,ucb_coarse,Under-Drafting,1,0.014747550711035728
gsm8k,0,fixed_1,Under-Drafting,1,0.147994264960289
gsm8k,0,fixed_1,Under-Drafting,1,0.0033668861724436283
gsm8k,0,fixed_1,Under-Drafting,1,0.020422624424099922
gsm8k,0,fixed_1,Under-Drafting,1,0.007845020852982998
gsm8k,0,fixed_1,Under-Drafting,1,0.004789415746927261
gsm8k,0,fixed_1,Under-Drafting,1,0.0025318495463579893
gsm8k,0,fixed_1,Under-Drafting,1,8.210705709643662e-05
gsm8k,0,fixed_1,Under-Drafting,1,0.01334482803940773
gsm8k,0,fixed_1,Under-Drafting,1,0.019208062440156937
gsm8k,0,fixed_1,Under-Drafting,1,0.17747338116168976
gsm8k,0,fixed_1,Under-Drafting,1,0.01402257476001978
gsm8k,0,fixed_1,Under-Drafting,1,0.007340976037085056
gsm8k,0,fixed_1,Under-Drafting,1,0.0005420915549620986
gsm8k,0,fixed_1,Under-Drafting,1,0.0007731367368251085
gsm8k,1,fixed_1,Under-Drafting,1,0.19369705021381378
gsm8k,1,fixed_1,Under-Drafting,1,0.0073546781204640865
gsm8k,1,fixed_1,Under-Drafting,1,0.04869648069143295
gsm8k,1,fixed_1,Under-Drafting,1,0.11547146737575531
gsm8k,1,fixed_1,Under-Drafting,1,0.025814194232225418
gsm8k,1,fixed_1,Under-Drafting,1,0.0071743628941476345
gsm8k,1,fixed_1,Under-Drafting,1,0.0006609674892388284
gsm8k,1,fixed_1,Under-Drafting,1,0.17702168226242065
gsm8k,1,fixed_1,Under-Drafting,1,0.00034971433342434466
gsm8k,1,fixed_1,Under-Drafting,1,0.1505701094865799
gsm8k,1,fixed_1,Under-Drafting,1,0.005018481519073248
gsm8k,1,fixed_1,Under-Drafting,1,0.0001973011821974069
gsm8k,1,fixed_1,Under-Drafting,1,0.10128428786993027
gsm8k,1,fixed_1,Under-Drafting,1,0.07171814888715744
gsm8k,1,fixed_1,Under-Drafting,1,0.011587525717914104
gsm8k,1,fixed_1,Under-Drafting,1,0.0006178266485221684
gsm8k,1,fixed_1,Under-Drafting,1,0.0035663964226841927
gsm8k,1,fixed_1,Under-Drafting,1,0.11578279733657837
gsm8k,2,fixed_1,Under-Drafting,1,0.08483044058084488
gsm8k,2,fixed_1,Under-Drafting,1,0.03912200406193733
gsm8k,2,fixed_1,Under-Drafting,1,0.1163102462887764
gsm8k,2,fixed_1,Under-Drafting,1,0.015929317101836205
gsm8k,2,fixed_1,Under-Drafting,1,0.0016151685267686844
gsm8k,2,fixed_1,Under-Drafting,1,0.0026803063228726387
gsm8k,2,fixed_1,Under-Drafting,1,0.0008438012446276844
gsm8k,2,fixed_1,Under-Drafting,1,0.02226409502327442
gsm8k,2,fixed_1,Under-Drafting,1,0.002031821059063077
gsm8k,2,fixed_1,Under-Drafting,1,0.0009918928844854236
gsm8k,2,fixed_1,Under-Drafting,1,0.13648240268230438
gsm8k,2,fixed_1,Under-Drafting,1,0.0018082931637763977
gsm8k,2,fixed_1,Under-Drafting,1,0.0003041245508939028
gsm8k,2,fixed_1,Under-Drafting,1,0.000986810540780425
gsm8k,2,fixed_1,Under-Drafting,1,0.006894370540976524
gsm8k,2,fixed_1,Under-Drafting,1,0.008342191576957703
gsm8k,2,fixed_1,Under-Drafting,1,0.021529532968997955
gsm8k,2,fixed_1,Under-Drafting,1,4.878398613072932e-05
gsm8k,2,fixed_1,Under-Drafting,1,0.0027096846606582403
gsm8k,2,fixed_1,Under-Drafting,1,0.00044301722664386034
gsm8k,3,fixed_1,Under-Drafting,1,0.009499641135334969
gsm8k,3,fixed_1,Under-Drafting,1,0.0002078198012895882
gsm8k,3,fixed_1,Under-Drafting,1,0.014755573123693466
gsm8k,3,fixed_1,Under-Drafting,1,0.15481597185134888
gsm8k,3,fixed_1,Under-Drafting,1,0.025631694123148918
gsm8k,3,fixed_1,Under-Drafting,1,0.10001218318939209
gsm8k,3,fixed_1,Under-Drafting,1,0.13802073895931244
gsm8k,3,fixed_1,Under-Drafting,1,0.12005917727947235
gsm8k,3,fixed_1,Under-Drafting,1,0.0070876977406442165
gsm8k,3,fixed_1,Under-Drafting,1,0.0014315550215542316
gsm8k,3,fixed_1,Under-Drafting,1,0.004890010692179203
gsm8k,3,fixed_1,Under-Drafting,1,0.023815492168068886
gsm8k,3,fixed_1,Under-Drafting,1,0.0012252110755071044
gsm8k,3,fixed_1,Under-Drafting,1,0.00021582478075288236
gsm8k,3,fixed_1,Under-Drafting,1,0.0012002702569589019
gsm8k,3,fixed_1,Under-Drafting,1,0.006171630695462227
gsm8k,3,fixed_1,Under-Drafting,1,0.0012054778635501862
gsm8k,3,fixed_1,Under-Drafting,1,9.61180921876803e-05
gsm8k,3,fixed_1,Under-Drafting,1,0.1416665017604828
gsm8k,3,fixed_1,Under-Drafting,1,0.00016049068653956056
gsm8k,3,fixed_1,Under-Drafting,1,3.766808004002087e-05
gsm8k,4,fixed_1,Under-Drafting,1,0.009776579216122627
gsm8k,4,fixed_1,Under-Drafting,1,0.11689481139183044
gsm8k,4,fixed_1,Under-Drafting,1,0.09076886624097824
gsm8k,4,fixed_1,Under-Drafting,1,0.01583397202193737
gsm8k,4,fixed_1,Under-Drafting,1,0.13002358376979828
gsm8k,4,fixed_1,Under-Drafting,1,0.004731982015073299
gsm8k,4,fixed_1,Under-Drafting,1,0.0020881020464003086
gsm8k,4,fixed_1,Under-Drafting,1,0.006301542278379202
gsm8k,4,fixed_1,Under-Drafting,1,0.0042771282605826855
gsm8k,4,fixed_1,Under-Drafting,1,0.05019385367631912
gsm8k,4,fixed_1,Under-Drafting,1,0.14013530313968658
gsm8k,4,fixed_1,Under-Drafting,1,0.00238959607668221
gsm8k,4,fixed_1,Under-Drafting,1,0.004175317473709583
gsm8k,4,fixed_1,Under-Drafting,1,0.000309399445541203
gsm8k,4,fixed_1,Under-Drafting,1,0.00023560789122711867
gsm8k,5,fixed_1,Under-Drafting,1,0.0035638553090393543
gsm8k,5,fixed_1,Under-Drafting,1,0.06648647040128708
gsm8k,5,fixed_1,Under-Drafting,1,0.0009123383788391948
gsm8k,5,fixed_1,Under-Drafting,1,0.020308775827288628
gsm8k,5,fixed_1,Under-Drafting,1,0.00025463802739977837
gsm8k,5,fixed_1,Under-Drafting,1,0.08229459077119827
gsm8k,5,fixed_1,Under-Drafting,1,0.0005814104806631804
gsm8k,5,fixed_1,Under-Drafting,1,0.00148935173638165
gsm8k,5,fixed_1,Under-Drafting,1,0.09128759056329727
gsm8k,5,fixed_1,Under-Drafting,1,0.00031036807922646403
gsm8k,5,fixed_1,Under-Drafting,1,0.0007714263629168272
gsm8k,5,fixed_1,Under-Drafting,1,0.014049457386136055
gsm8k,5,fixed_1,Under-Drafting,1,0.02815251238644123
gsm8k,6,fixed_1,Under-Drafting,1,0.11812534183263779
gsm8k,6,fixed_1,Under-Drafting,1,8.986503962660208e-05
gsm8k,6,fixed_1,Under-Drafting,1,0.0011815695324912667
gsm8k,6,fixed_1,Under-Drafting,1,0.023436930030584335
gsm8k,6,fixed_1,Under-Drafting,1,0.012223108671605587
gsm8k,6,fixed_1,Under-Drafting,1,0.0005044576246291399
gsm8k,6,fixed_1,Under-Drafting,1,0.004536157939583063
gsm8k,6,fixed_1,Under-Drafting,1,0.002794286934658885
gsm8k,6,fixed_1,Under-Drafting,1,0.007299628108739853
gsm8k,6,fixed_1,Under-Drafting,1,0.0005221952451393008
gsm8k,6,fixed_1,Under-Drafting,1,6.079238573875045e-06
gsm8k,6,fixed_1,Under-Drafting,1,7.359249866567552e-05
gsm8k,6,fixed_1,Under-Drafting,1,0.0010285491589456797
gsm8k,6,fixed_1,Under-Drafting,1,0.06150195747613907
gsm8k,6,fixed_1,Under-Drafting,1,2.1724235921283253e-06
gsm8k,6,fixed_1,Under-Drafting,1,0.010493244044482708
gsm8k,6,fixed_1,Under-Drafting,1,0.004347749520093203
gsm8k,6,fixed_1,Under-Drafting,1,0.055138763040304184
gsm8k,6,fixed_1,Under-Drafting,1,0.0008322850335389376
gsm8k,6,fixed_1,Under-Drafting,1,2.6983407224179246e-05
gsm8k,7,fixed_1,Under-Drafting,1,0.019765174016356468
gsm8k,7,fixed_1,Under-Drafting,1,0.19035941362380981
gsm8k,7,fixed_1,Under-Drafting,1,0.007816462777554989
gsm8k,7,fixed_1,Under-Drafting,1,0.0004402978520374745
gsm8k,7,fixed_1,Under-Drafting,1,0.006621553096920252
gsm8k,7,fixed_1,Under-Drafting,1,0.0001796577125787735
gsm8k,7,fixed_1,Under-Drafting,1,0.00022401768364943564
gsm8k,7,fixed_1,Under-Drafting,1,0.04334045574069023
gsm8k,7,fixed_1,Under-Drafting,1,0.03497668728232384
gsm8k,7,fixed_1,Under-Drafting,1,0.05641498789191246
gsm8k,7,fixed_1,Under-Drafting,1,0.11812139302492142
gsm8k,7,fixed_1,Under-Drafting,1,0.08857904374599457
gsm8k,7,fixed_1,Under-Drafting,1,0.03606254607439041
gsm8k,8,fixed_1,Under-Drafting,1,0.05066927149891853
gsm8k,8,fixed_1,Under-Drafting,1,0.0025070745032280684
gsm8k,8,fixed_1,Under-Drafting,1,0.001012003398500383
gsm8k,8,fixed_1,Under-Drafting,1,0.001636042958125472
gsm8k,8,fixed_1,Under-Drafting,1,0.007735386956483126
gsm8k,8,fixed_1,Under-Drafting,1,0.17286807298660278
gsm8k,8,fixed_1,Under-Drafting,1,0.1728515774011612
gsm8k,8,fixed_1,Under-Drafting,1,0.014824215322732925
gsm8k,8,fixed_1,Under-Drafting,1,0.0035898650530725718
gsm8k,8,fixed_1,Under-Drafting,1,0.07215239107608795
gsm8k,9,fixed_1,Under-Drafting,1,0.06552515923976898
gsm8k,9,fixed_1,Under-Drafting,1,0.09225085377693176
gsm8k,9,fixed_1,Under-Drafting,1,0.00979708880186081
gsm8k,9,fixed_1,Under-Drafting,1,0.030049940571188927
gsm8k,9,fixed_1,Under-Drafting,1,5.861889439984225e-05
gsm8k,9,fixed_1,Under-Drafting,1,0.02485806494951248
gsm8k,9,fixed_1,Under-Drafting,1,0.0808810144662857
gsm8k,9,fixed_1,Under-Drafting,1,0.01988135650753975
gsm8k,9,fixed_1,Under-Drafting,1,0.1895500272512436
gsm8k,9,fixed_1,Under-Drafting,1,0.010179315693676472
gsm8k,10,fixed_1,Under-Drafting,1,0.001806718297302723
gsm8k,10,fixed_1,Under-Drafting,1,0.04002266749739647
gsm8k,10,fixed_1,Under-Drafting,1,0.02099657617509365
gsm8k,10,fixed_1,Under-Drafting,1,0.03750557452440262
gsm8k,10,fixed_1,Under-Drafting,1,0.013890487141907215
gsm8k,10,fixed_1,Under-Drafting,1,4.181094482191838e-05
gsm8k,10,fixed_1,Under-Drafting,1,0.010701285675168037
gsm8k,10,fixed_1,Under-Drafting,1,0.00010453842696733773
gsm8k,10,fixed_1,Under-Drafting,1,0.07282258570194244
gsm8k,10,fixed_1,Under-Drafting,1,0.08528096228837967
gsm8k,10,fixed_1,Under-Drafting,1,0.15702328085899353
gsm8k,10,fixed_1,Under-Drafting,1,0.0001458331971662119
gsm8k,10,fixed_1,Under-Drafting,1,0.007730134762823582
gsm8k,10,fixed_1,Under-Drafting,1,2.6372763386461884e-06
gsm8k,10,fixed_1,Under-Drafting,1,0.007696975953876972
gsm8k,10,fixed_1,Under-Drafting,1,0.06535923480987549
gsm8k,10,fixed_1,Under-Drafting,1,0.00018675567116588354
gsm8k,10,fixed_1,Under-Drafting,1,1.2267370038898662e-05
gsm8k,10,fixed_1,Under-Drafting,1,0.0038065805565565825
gsm8k,10,fixed_1,Under-Drafting,1,0.0020734386052936316
gsm8k,10,fixed_1,Under-Drafting,1,6.592894351342693e-05
gsm8k,10,fixed_1,Under-Drafting,1,0.07368788123130798
gsm8k,10,fixed_1,Under-Drafting,1,0.0013148074503988028
gsm8k,11,fixed_1,Under-Drafting,1,0.030941644683480263
gsm8k,11,fixed_1,Under-Drafting,1,0.000661336409393698
gsm8k,11,fixed_1,Under-Drafting,1,0.0007887996616773307
gsm8k,11,fixed_1,Under-Drafting,1,0.0650864839553833
gsm8k,11,fixed_1,Under-Drafting,1,0.0927855372428894
gsm8k,11,fixed_1,Under-Drafting,1,0.0011904706479981542
gsm8k,11,fixed_1,Under-Drafting,1,0.007029487751424313
gsm8k,11,fixed_1,Under-Drafting,1,0.00018609069229569286
gsm8k,11,fixed_1,Under-Drafting,1,0.0554661825299263
gsm8k,11,fixed_1,Under-Drafting,1,0.0038319204468280077
gsm8k,11,fixed_1,Under-Drafting,1,0.03529875725507736
gsm8k,11,fixed_1,Under-Drafting,1,0.10132376849651337
gsm8k,11,fixed_1,Under-Drafting,1,0.0017939367098733783
gsm8k,11,fixed_1,Under-Drafting,1,0.00041588209569454193
gsm8k,11,fixed_1,Under-Drafting,1,0.00441709766164422
gsm8k,11,fixed_1,Under-Drafting,1,0.03284094110131264
gsm8k,12,fixed_1,Under-Drafting,1,0.09385762363672256
gsm8k,12,fixed_1,Under-Drafting,1,0.0023890468291938305
gsm8k,12,fixed_1,Under-Drafting,1,0.030176492407917976
gsm8k,12,fixed_1,Under-Drafting,1,0.17277292907238007
gsm8k,12,fixed_1,Under-Drafting,1,0.00381656177341938
gsm8k,12,fixed_1,Under-Drafting,1,0.16232937574386597
gsm8k,12,fixed_1,Under-Drafting,1,3.4140193747589365e-05
gsm8k,12,fixed_1,Under-Drafting,1,0.003909045830368996
gsm8k,12,fixed_1,Under-Drafting,1,0.00445134099572897
gsm8k,12,fixed_1,Under-Drafting,1,0.03127878159284592
gsm8k,12,fixed_1,Under-Drafting,1,0.15372267365455627
gsm8k,12,fixed_1,Under-Drafting,1,0.10198591649532318
gsm8k,13,fixed_1,Under-Drafting,1,0.003589017316699028
gsm8k,13,fixed_1,Under-Drafting,1,0.0019264587899670005
gsm8k,13,fixed_1,Under-Drafting,1,0.04340977966785431
gsm8k,13,fixed_1,Under-Drafting,1,0.12405349314212799
gsm8k,13,fixed_1,Under-Drafting,1,0.034025125205516815
gsm8k,13,fixed_1,Under-Drafting,1,0.0009201722568832338
gsm8k,13,fixed_1,Under-Drafting,1,0.006775586865842342
gsm8k,13,fixed_1,Under-Drafting,1,0.12804582715034485
gsm8k,13,fixed_1,Under-Drafting,1,0.0076227146200835705
gsm8k,13,fixed_1,Under-Drafting,1,0.00448019802570343
gsm8k,13,fixed_1,Under-Drafting,1,0.006211675237864256
gsm8k,13,fixed_1,Under-Drafting,1,0.013072444126009941
gsm8k,13,fixed_1,Under-Drafting,1,0.03670141100883484
gsm8k,13,fixed_1,Under-Drafting,1,0.19167813658714294
gsm8k,13,fixed_1,Under-Drafting,1,0.0429181307554245
gsm8k,13,fixed_1,Under-Drafting,1,0.0023803580552339554
gsm8k,13,fixed_1,Under-Drafting,1,0.004778980743139982
gsm8k,13,fixed_1,Under-Drafting,1,0.15802662074565887
gsm8k,13,fixed_1,Under-Drafting,1,0.001387257594615221
gsm8k,13,fixed_1,Under-Drafting,1,0.003664666786789894
gsm8k,13,fixed_1,Under-Drafting,1,0.0056113894097507
gsm8k,13,fixed_1,Under-Drafting,1,0.03700104355812073
gsm8k,14,fixed_1,Under-Drafting,1,0.10310374200344086
gsm8k,14,fixed_1,Under-Drafting,1,7.2606882895343e-05
gsm8k,14,fixed_1,Under-Drafting,1,0.01765831746160984
gsm8k,14,fixed_1,Under-Drafting,1,0.007888052612543106
gsm8k,14,fixed_1,Under-Drafting,1,0.0018238862976431847
gsm8k,14,fixed_1,Under-Drafting,1,0.009736931882798672
gsm8k,14,fixed_1,Under-Drafting,1,0.0003147521347273141
gsm8k,14,fixed_1,Under-Drafting,1,0.12143228203058243
gsm8k,14,fixed_1,Under-Drafting,1,1.2795294423995074e-05
gsm8k,14,fixed_1,Under-Drafting,1,0.18090160191059113
gsm8k,14,fixed_1,Under-Drafting,1,3.134876533295028e-05
gsm8k,14,fixed_1,Under-Drafting,1,0.004183534067124128
gsm8k,14,fixed_1,Under-Drafting,1,0.06491320580244064
gsm8k,14,fixed_1,Under-Drafting,1,3.770856665141764e-06
gsm8k,14,fixed_1,Under-Drafting,1,0.04390030726790428
gsm8k,14,fixed_1,Under-Drafting,1,0.001205231761559844
gsm8k,14,fixed_1,Under-Drafting,1,0.099527508020401
gsm8k,14,fixed_1,Under-Drafting,1,0.04830276221036911
gsm8k,14,fixed_1,Under-Drafting,1,0.007668208330869675
gsm8k,14,fixed_1,Under-Drafting,1,0.09376074373722076
gsm8k,14,fixed_1,Under-Drafting,1,8.493253517372068e-06
gsm8k,15,fixed_1,Under-Drafting,1,0.003396411659196019
gsm8k,15,fixed_1,Under-Drafting,1,0.1452772468328476
gsm8k,15,fixed_1,Under-Drafting,1,0.10085879266262054
gsm8k,15,fixed_1,Under-Drafting,1,0.007846265099942684
gsm8k,15,fixed_1,Under-Drafting,1,0.0008394103497266769
gsm8k,15,fixed_1,Under-Drafting,1,0.0066366358660161495
gsm8k,15,fixed_1,Under-Drafting,1,0.00011190965597052127
gsm8k,15,fixed_1,Under-Drafting,1,4.484008968574926e-06
gsm8k,15,fixed_1,Under-Drafting,1,0.16386350989341736
gsm8k,16,fixed_1,Under-Drafting,1,0.16412653028964996
gsm8k,16,fixed_1,Under-Drafting,1,0.07759379595518112
gsm8k,16,fixed_1,Under-Drafting,1,0.08263923227787018
gsm8k,16,fixed_1,Under-Drafting,1,0.04282878339290619
gsm8k,16,fixed_1,Under-Drafting,1,0.022560151293873787
gsm8k,16,fixed_1,Under-Drafting,1,0.011094675399363041
gsm8k,16,fixed_1,Under-Drafting,1,0.0016453342977911234
gsm8k,16,fixed_1,Under-Drafting,1,0.0017377783078700304
gsm8k,16,fixed_1,Under-Drafting,1,0.11609689146280289
gsm8k,16,fixed_1,Under-Drafting,1,0.030463485047221184
gsm8k,16,fixed_1,Under-Drafting,1,0.0006451277295127511
gsm8k,16,fixed_1,Under-Drafting,1,0.07877512276172638
gsm8k,17,fixed_1,Under-Drafting,1,0.10887846350669861
gsm8k,17,fixed_1,Under-Drafting,1,0.04116058722138405
gsm8k,17,fixed_1,Under-Drafting,1,0.15403081476688385
gsm8k,17,fixed_1,Under-Drafting,1,0.0905751883983612
gsm8k,17,fixed_1,Under-Drafting,1,0.14150375127792358
gsm8k,17,fixed_1,Under-Drafting,1,0.03361772000789642
gsm8k,17,fixed_1,Under-Drafting,1,0.0001359091984340921
gsm8k,17,fixed_1,Under-Drafting,1,0.0020909474696964025
gsm8k,17,fixed_1,Under-Drafting,1,0.0001290251238970086
gsm8k,17,fixed_1,Under-Drafting,1,0.05324201285839081
gsm8k,17,fixed_1,Under-Drafting,1,0.001699800486676395
gsm8k,17,fixed_1,Under-Drafting,1,0.0022431020624935627
gsm8k,17,fixed_1,Under-Drafting,1,0.0024639260955154896
gsm8k,17,fixed_1,Under-Drafting,1,0.0012526917271316051
gsm8k,17,fixed_1,Under-Drafting,1,0.03768384829163551
gsm8k,18,fixed_1,Under-Drafting,1,0.012720148079097271
gsm8k,18,fixed_1,Under-Drafting,1,0.014305821619927883
gsm8k,18,fixed_1,Under-Drafting,1,0.018672652542591095
gsm8k,18,fixed_1,Under-Drafting,1,0.19037199020385742
gsm8k,18,fixed_1,Under-Drafting,1,0.015388324856758118
gsm8k,18,fixed_1,Under-Drafting,1,0.0006520917522720993
gsm8k,18,fixed_1,Under-Drafting,1,0.0037861529272049665
gsm8k,18,fixed_1,Under-Drafting,1,0.053675975650548935
gsm8k,18,fixed_1,Under-Drafting,1,0.001479009399190545
gsm8k,18,fixed_1,Under-Drafting,1,0.00032989014289341867
gsm8k,18,fixed_1,Under-Drafting,1,0.1749003380537033
gsm8k,18,fixed_1,Under-Drafting,1,1.3722884432354476e-05
gsm8k,18,fixed_1,Under-Drafting,1,0.0777057483792305
gsm8k,18,fixed_1,Under-Drafting,1,0.06848277896642685
gsm8k,18,fixed_1,Under-Drafting,1,0.031075259670615196
gsm8k,18,fixed_1,Under-Drafting,1,1.358015742880525e-05
gsm8k,18,fixed_1,Under-Drafting,1,0.0010707059409469366
gsm8k,18,fixed_1,Under-Drafting,1,3.9185390050988644e-05
gsm8k,18,fixed_1,Under-Drafting,1,0.024367833510041237
gsm8k,18,fixed_1,Under-Drafting,1,0.005618251860141754
gsm8k,18,fixed_1,Under-Drafting,1,0.009064356796443462
gsm8k,18,fixed_1,Under-Drafting,1,3.4598335332702845e-05
gsm8k,19,fixed_1,Under-Drafting,1,0.18014603853225708
gsm8k,19,fixed_1,Under-Drafting,1,0.0243331640958786
gsm8k,19,fixed_1,Under-Drafting,1,0.14701497554779053
gsm8k,19,fixed_1,Under-Drafting,1,0.12348838895559311
gsm8k,19,fixed_1,Under-Drafting,1,0.01254357397556305
gsm8k,19,fixed_1,Under-Drafting,1,0.008287852630019188
gsm8k,19,fixed_1,Under-Drafting,1,0.0008447004365734756
gsm8k,19,fixed_1,Under-Drafting,1,0.00019214622443541884
gsm8k,19,fixed_1,Under-Drafting,1,0.0024878643453121185
gsm8k,19,fixed_1,Under-Drafting,1,0.0021578632295131683
gsm8k,19,fixed_1,Under-Drafting,1,0.000793701212387532
gsm8k,19,fixed_1,Under-Drafting,1,0.005711275618523359
gsm8k,19,fixed_1,Under-Drafting,1,0.006181207951158285
gsm8k,19,fixed_1,Under-Drafting,1,0.05276043713092804
gsm8k,19,fixed_1,Under-Drafting,1,0.0003353374486323446
gsm8k,19,fixed_1,Under-Drafting,1,0.027507467195391655
gsm8k,19,fixed_1,Under-Drafting,1,0.19912675023078918
gsm8k,19,fixed_1,Under-Drafting,1,0.16852889955043793
gsm8k,20,fixed_1,Under-Drafting,1,0.039265990257263184
gsm8k,20,fixed_1,Under-Drafting,1,0.00076180265750736
gsm8k,20,fixed_1,Under-Drafting,1,0.04909767210483551
gsm8k,20,fixed_1,Under-Drafting,1,0.009683581069111824
gsm8k,20,fixed_1,Under-Drafting,1,0.025748789310455322
gsm8k,20,fixed_1,Under-Drafting,1,0.1093669906258583
gsm8k,20,fixed_1,Under-Drafting,1,0.078956238925457
gsm8k,20,fixed_1,Under-Drafting,1,0.0023848237469792366
gsm8k,20,fixed_1,Under-Drafting,1,0.0004569309821818024
gsm8k,20,fixed_1,Under-Drafting,1,0.02238764986395836
gsm8k,20,fixed_1,Under-Drafting,1,3.679740257211961e-05
gsm8k,20,fixed_1,Under-Drafting,1,0.037286266684532166
gsm8k,20,fixed_1,Under-Drafting,1,0.16173581779003143
gsm8k,20,fixed_1,Under-Drafting,1,0.01428896188735962
gsm8k,21,fixed_1,Under-Drafting,1,0.19399388134479523
gsm8k,21,fixed_1,Under-Drafting,1,0.00012951440294273198
gsm8k,21,fixed_1,Under-Drafting,1,0.015271836891770363
gsm8k,21,fixed_1,Under-Drafting,1,0.0019040910992771387
gsm8k,21,fixed_1,Under-Drafting,1,0.0010110847651958466
gsm8k,21,fixed_1,Under-Drafting,1,0.0020739277824759483
gsm8k,21,fixed_1,Under-Drafting,1,0.00012840412091463804
gsm8k,21,fixed_1,Under-Drafting,1,0.00964529998600483
gsm8k,21,fixed_1,Under-Drafting,1,0.0033634258434176445
gsm8k,21,fixed_1,Under-Drafting,1,0.011435331776738167
gsm8k,21,fixed_1,Under-Drafting,1,0.02653924562036991
gsm8k,21,fixed_1,Under-Drafting,1,0.0003831050998996943
gsm8k,21,fixed_1,Under-Drafting,1,0.011628002859652042
gsm8k,21,fixed_1,Under-Drafting,1,0.02491050772368908
gsm8k,21,fixed_1,Under-Drafting,1,0.006076714489609003
gsm8k,21,fixed_1,Under-Drafting,1,0.01141076534986496
gsm8k,22,fixed_1,Under-Drafting,1,0.0009191881399601698
gsm8k,22,fixed_1,Under-Drafting,1,0.016550518572330475
gsm8k,22,fixed_1,Under-Drafting,1,0.008077997714281082
gsm8k,22,fixed_1,Under-Drafting,1,0.09444671124219894
gsm8k,22,fixed_1,Under-Drafting,1,0.0005950721097178757
gsm8k,22,fixed_1,Under-Drafting,1,0.03839048743247986
gsm8k,22,fixed_1,Under-Drafting,1,0.1616450995206833
gsm8k,22,fixed_1,Under-Drafting,1,0.00046502077020704746
gsm8k,22,fixed_1,Under-Drafting,1,0.17843975126743317
gsm8k,22,fixed_1,Under-Drafting,1,0.00020874432811979204
gsm8k,22,fixed_1,Under-Drafting,1,0.00010117510100826621
gsm8k,22,fixed_1,Under-Drafting,1,0.11977231502532959
gsm8k,22,fixed_1,Under-Drafting,1,0.12770789861679077
gsm8k,22,fixed_1,Under-Drafting,1,0.0019976363983005285
gsm8k,22,fixed_1,Under-Drafting,1,0.14900606870651245
gsm8k,22,fixed_1,Under-Drafting,1,0.00012272896128706634
gsm8k,22,fixed_1,Under-Drafting,1,0.005847769323736429
gsm8k,23,fixed_1,Under-Drafting,1,0.1157929077744484
gsm8k,23,fixed_1,Under-Drafting,1,0.07304535806179047
gsm8k,23,fixed_1,Under-Drafting,1,0.011061079800128937
gsm8k,23,fixed_1,Under-Drafting,1,0.043039750307798386
gsm8k,23,fixed_1,Under-Drafting,1,0.037890128791332245
gsm8k,23,fixed_1,Under-Drafting,1,1.042079475155333e-05
gsm8k,23,fixed_1,Under-Drafting,1,0.009179791435599327
gsm8k,23,fixed_1,Under-Drafting,1,0.008477910421788692
gsm8k,23,fixed_1,Under-Drafting,1,0.0002827045973390341
gsm8k,23,fixed_1,Under-Drafting,1,0.00035683426540344954
gsm8k,23,fixed_1,Under-Drafting,1,0.15748830139636993
gsm8k,23,fixed_1,Under-Drafting,1,0.006790552753955126
gsm8k,23,fixed_1,Under-Drafting,1,0.006099204998463392
gsm8k,23,fixed_1,Under-Drafting,1,0.04885281249880791
gsm8k,23,fixed_1,Under-Drafting,1,0.016043392941355705
gsm8k,23,fixed_1,Under-Drafting,1,0.006804751697927713
gsm8k,24,fixed_1,Under-Drafting,1,0.04416382685303688
gsm8k,24,fixed_1,Under-Drafting,1,0.014044973999261856
gsm8k,24,fixed_1,Under-Drafting,1,0.0397026352584362
gsm8k,24,fixed_1,Under-Drafting,1,0.018646305426955223
gsm8k,24,fixed_1,Under-Drafting,1,0.009618924930691719
gsm8k,24,fixed_1,Under-Drafting,1,0.163730651140213
gsm8k,24,fixed_1,Under-Drafting,1,0.07773386687040329
gsm8k,24,fixed_1,Under-Drafting,1,0.08048931509256363
gsm8k,24,fixed_1,Under-Drafting,1,0.005141837988048792
gsm8k,24,fixed_1,Under-Drafting,1,0.0005510885384865105
gsm8k,24,fixed_1,Under-Drafting,1,0.06312951445579529
gsm8k,24,fixed_1,Under-Drafting,1,0.011167327873408794
gsm8k,24,fixed_1,Under-Drafting,1,0.0025413730181753635
gsm8k,24,fixed_1,Under-Drafting,1,0.13989883661270142
gsm8k,24,fixed_1,Under-Drafting,1,1.3181505892134737e-05
gsm8k,24,fixed_1,Under-Drafting,1,0.08232996612787247
gsm8k,24,fixed_1,Under-Drafting,1,0.04656374827027321
gsm8k,25,fixed_1,Under-Drafting,1,0.0007071461877785623
gsm8k,25,fixed_1,Under-Drafting,1,0.0012664255918934941
gsm8k,25,fixed_1,Under-Drafting,1,0.05264557898044586
gsm8k,25,fixed_1,Under-Drafting,1,0.12699691951274872
gsm8k,25,fixed_1,Under-Drafting,1,0.0006181243225000799
gsm8k,25,fixed_1,Under-Drafting,1,0.06362517923116684
gsm8k,25,fixed_1,Under-Drafting,1,0.028874943032860756
gsm8k,25,fixed_1,Under-Drafting,1,0.0002657603472471237
gsm8k,25,fixed_1,Under-Drafting,1,0.08596047759056091
gsm8k,25,fixed_1,Under-Drafting,1,0.02241087146103382
gsm8k,25,fixed_1,Under-Drafting,1,0.007551627699285746
gsm8k,25,fixed_1,Under-Drafting,1,0.19554027915000916
gsm8k,25,fixed_1,Under-Drafting,1,0.013200060464441776
gsm8k,25,fixed_1,Under-Drafting,1,0.08716745674610138
gsm8k,25,fixed_1,Under-Drafting,1,0.008487149141728878
gsm8k,25,fixed_1,Under-Drafting,1,0.036506932228803635
gsm8k,25,fixed_1,Under-Drafting,1,0.01017017476260662
gsm8k,25,fixed_1,Under-Drafting,1,0.0003572007408365607
gsm8k,25,fixed_1,Under-Drafting,1,0.00010822858166648075
gsm8k,25,fixed_1,Under-Drafting,1,0.00852335523813963
gsm8k,25,fixed_1,Under-Drafting,1,0.0018926069606095552
gsm8k,25,fixed_1,Under-Drafting,1,0.12464156746864319
gsm8k,26,fixed_1,Under-Drafting,1,0.1590903401374817
gsm8k,26,fixed_1,Under-Drafting,1,0.0002488613245077431
gsm8k,26,fixed_1,Under-Drafting,1,0.05114832520484924
gsm8k,26,fixed_1,Under-Drafting,1,0.06736694276332855
gsm8k,26,fixed_1,Under-Drafting,1,5.146928015165031e-05
gsm8k,26,fixed_1,Under-Drafting,1,0.0016253908397629857
gsm8k,26,fixed_1,Under-Drafting,1,0.011295382864773273
gsm8k,26,fixed_1,Under-Drafting,1,0.09836691617965698
gsm8k,26,fixed_1,Under-Drafting,1,0.0027853604406118393
gsm8k,26,fixed_1,Under-Drafting,1,0.0018561584874987602
gsm8k,26,fixed_1,Under-Drafting,1,0.00503650913015008
gsm8k,26,fixed_1,Under-Drafting,1,0.0013329373905435205
gsm8k,26,fixed_1,Under-Drafting,1,0.0027909998316317797
gsm8k,26,fixed_1,Under-Drafting,1,0.0008896021172404289
gsm8k,26,fixed_1,Under-Drafting,1,0.07361749559640884
gsm8k,26,fixed_1,Under-Drafting,1,0.0003744579153135419
gsm8k,26,fixed_1,Under-Drafting,1,0.0018724199617281556
gsm8k,26,fixed_1,Under-Drafting,1,0.0011718178866431117
gsm8k,26,fixed_1,Under-Drafting,1,0.0029431902803480625
gsm8k,26,fixed_1,Under-Drafting,1,0.05954350158572197
gsm8k,26,fixed_1,Under-Drafting,1,0.0017355146119371057
gsm8k,26,fixed_1,Under-Drafting,1,0.00010821363684954122
gsm8k,27,fixed_1,Under-Drafting,1,0.006057810503989458
gsm8k,27,fixed_1,Under-Drafting,1,0.08817031234502792
gsm8k,27,fixed_1,Under-Drafting,1,0.02003575675189495
gsm8k,27,fixed_1,Under-Drafting,1,0.0021431001368910074
gsm8k,27,fixed_1,Under-Drafting,1,0.062394775450229645
gsm8k,27,fixed_1,Under-Drafting,1,9.562262130202726e-05
gsm8k,27,fixed_1,Under-Drafting,1,0.0180019810795784
gsm8k,27,fixed_1,Under-Drafting,1,0.0008515081135556102
gsm8k,27,fixed_1,Under-Drafting,1,0.0018070233054459095
gsm8k,27,fixed_1,Under-Drafting,1,1.5193704712146427e-05
gsm8k,27,fixed_1,Under-Drafting,1,0.0008953001815825701
gsm8k,27,fixed_1,Under-Drafting,1,3.42647654179018e-05
gsm8k,27,fixed_1,Under-Drafting,1,0.07638375461101532
gsm8k,27,fixed_1,Under-Drafting,1,3.1289539037970826e-05
gsm8k,27,fixed_1,Under-Drafting,1,0.012342476285994053
gsm8k,27,fixed_1,Under-Drafting,1,0.006530160084366798
gsm8k,27,fixed_1,Under-Drafting,1,8.86067864485085e-05
gsm8k,27,fixed_1,Under-Drafting,1,0.1843491494655609
gsm8k,28,fixed_1,Under-Drafting,1,0.037796709686517715
gsm8k,28,fixed_1,Under-Drafting,1,0.028040137141942978
gsm8k,28,fixed_1,Under-Drafting,1,0.03721444308757782
gsm8k,28,fixed_1,Under-Drafting,1,0.018998632207512856
gsm8k,28,fixed_1,Under-Drafting,1,0.0014161297585815191
gsm8k,28,fixed_1,Under-Drafting,1,0.10461577773094177
gsm8k,28,fixed_1,Under-Drafting,1,0.012315209023654461
gsm8k,28,fixed_1,Under-Drafting,1,0.0007278950070030987
gsm8k,28,fixed_1,Under-Drafting,1,0.12041770666837692
gsm8k,28,fixed_1,Under-Drafting,1,0.09674327075481415
gsm8k,28,fixed_1,Under-Drafting,1,1.3801874047203455e-05
gsm8k,28,fixed_1,Under-Drafting,1,0.0026004479732364416
gsm8k,28,fixed_1,Under-Drafting,1,0.02901955135166645
gsm8k,28,fixed_1,Under-Drafting,1,0.008903681300580502
gsm8k,28,fixed_1,Under-Drafting,1,2.112964830303099e-05
gsm8k,28,fixed_1,Under-Drafting,1,0.002051182324066758
gsm8k,28,fixed_1,Under-Drafting,1,0.0013344717444851995
gsm8k,29,fixed_1,Under-Drafting,1,0.06723001599311829
gsm8k,29,fixed_1,Under-Drafting,1,0.17433950304985046
gsm8k,29,fixed_1,Under-Drafting,1,0.00334209855645895
gsm8k,29,fixed_1,Under-Drafting,1,0.001818451564759016
gsm8k,29,fixed_1,Under-Drafting,1,0.00039686396485194564
gsm8k,29,fixed_1,Under-Drafting,1,0.004088119138032198
gsm8k,29,fixed_1,Under-Drafting,1,0.0657733902335167
gsm8k,29,fixed_1,Under-Drafting,1,0.010206712409853935
gsm8k,29,fixed_1,Under-Drafting,1,0.02620813436806202
gsm8k,29,fixed_1,Under-Drafting,1,0.003468535142019391
gsm8k,29,fixed_1,Under-Drafting,1,0.005495043471455574
gsm8k,29,fixed_1,Under-Drafting,1,0.022402307018637657
gsm8k,29,fixed_1,Under-Drafting,1,0.00847892090678215
gsm8k,29,fixed_1,Under-Drafting,1,0.002454599365592003
gsm8k,29,fixed_1,Under-Drafting,1,0.05061626806855202
gsm8k,30,fixed_1,Under-Drafting,1,0.01021841261535883
gsm8k,30,fixed_1,Under-Drafting,1,0.009245645254850388
gsm8k,30,fixed_1,Under-Drafting,1,0.0609341599047184
gsm8k,30,fixed_1,Under-Drafting,1,0.0021539591252803802
gsm8k,30,fixed_1,Under-Drafting,1,0.0010597199434414506
gsm8k,30,fixed_1,Under-Drafting,1,0.05085957422852516
gsm8k,30,fixed_1,Under-Drafting,1,0.0009801810374483466
gsm8k,30,fixed_1,Under-Drafting,1,0.03507819399237633
gsm8k,30,fixed_1,Under-Drafting,1,0.0005559719284065068
gsm8k,30,fixed_1,Under-Drafting,1,0.0006455527618527412
gsm8k,30,fixed_1,Under-Drafting,1,9.711446182336658e-05
gsm8k,30,fixed_1,Under-Drafting,1,0.004222348798066378
gsm8k,30,fixed_1,Under-Drafting,1,0.0010077191982418299
gsm8k,30,fixed_1,Under-Drafting,1,0.05877860635519028
gsm8k,30,fixed_1,Under-Drafting,1,0.025962676852941513
gsm8k,30,fixed_1,Under-Drafting,1,0.0018364741699770093
gsm8k,31,fixed_1,Under-Drafting,1,0.08291532099246979
gsm8k,31,fixed_1,Under-Drafting,1,0.16571581363677979
gsm8k,31,fixed_1,Under-Drafting,1,0.10132915526628494
gsm8k,31,fixed_1,Under-Drafting,1,0.03471711650490761
gsm8k,31,fixed_1,Under-Drafting,1,0.005347148515284061
gsm8k,31,fixed_1,Under-Drafting,1,0.05365047603845596
gsm8k,31,fixed_1,Under-Drafting,1,9.490080992691219e-05
gsm8k,31,fixed_1,Under-Drafting,1,0.011716460809111595
gsm8k,31,fixed_1,Under-Drafting,1,0.03866889700293541
gsm8k,31,fixed_1,Under-Drafting,1,0.004991574678570032
gsm8k,31,fixed_1,Under-Drafting,1,0.00023645143664907664
gsm8k,31,fixed_1,Under-Drafting,1,0.024058369919657707
gsm8k,31,fixed_1,Under-Drafting,1,0.00047167993034236133
gsm8k,31,fixed_1,Under-Drafting,1,0.0015697418712079525
gsm8k,31,fixed_1,Under-Drafting,1,0.12800125777721405
gsm8k,31,fixed_1,Under-Drafting,1,0.07253838330507278
gsm8k,31,fixed_1,Under-Drafting,1,0.009783277288079262
gsm8k,32,fixed_1,Under-Drafting,1,0.017696306109428406
gsm8k,32,fixed_1,Under-Drafting,1,0.01416828203946352
gsm8k,32,fixed_1,Under-Drafting,1,0.0038933646865189075
gsm8k,32,fixed_1,Under-Drafting,1,0.04896235466003418
gsm8k,32,fixed_1,Under-Drafting,1,0.0019713060464709997
gsm8k,32,fixed_1,Under-Drafting,1,0.0006356071098707616
gsm8k,32,fixed_1,Under-Drafting,1,8.077133315964602e-06
gsm8k,32,fixed_1,Under-Drafting,1,0.0047592525370419025
gsm8k,32,fixed_1,Under-Drafting,1,0.03331330791115761
gsm8k,32,fixed_1,Under-Drafting,1,2.4020913770073093e-05
gsm8k,32,fixed_1,Under-Drafting,1,6.604407826671377e-05
gsm8k,32,fixed_1,Under-Drafting,1,0.023846372961997986
gsm8k,32,fixed_1,Under-Drafting,1,0.03950098529458046
gsm8k,33,fixed_1,Under-Drafting,1,0.0768379494547844
gsm8k,33,fixed_1,Under-Drafting,1,0.14232872426509857
gsm8k,33,fixed_1,Under-Drafting,1,0.053550299257040024
gsm8k,33,fixed_1,Under-Drafting,1,0.005435734521597624
gsm8k,33,fixed_1,Under-Drafting,1,0.0022371455561369658
gsm8k,33,fixed_1,Under-Drafting,1,0.061950232833623886
gsm8k,33,fixed_1,Under-Drafting,1,0.010186775587499142
gsm8k,33,fixed_1,Under-Drafting,1,0.015913795679807663
gsm8k,33,fixed_1,Under-Drafting,1,0.0002826371055562049
gsm8k,33,fixed_1,Under-Drafting,1,0.000325049419188872
gsm8k,33,fixed_1,Under-Drafting,1,0.052324652671813965
gsm8k,33,fixed_1,Under-Drafting,1,0.014410988427698612
gsm8k,33,fixed_1,Under-Drafting,1,4.345947309047915e-05
gsm8k,33,fixed_1,Under-Drafting,1,0.0076536028645932674
gsm8k,33,fixed_1,Under-Drafting,1,0.08177299797534943
gsm8k,33,fixed_1,Under-Drafting,1,0.06305429339408875
gsm8k,33,fixed_1,Under-Drafting,1,0.00024856446543708444
gsm8k,33,fixed_1,Under-Drafting,1,0.0002790452854242176
gsm8k,33,fixed_1,Under-Drafting,1,0.00313825742341578
gsm8k,33,fixed_1,Under-Drafting,1,0.0032167178578674793
gsm8k,33,fixed_1,Under-Drafting,1,0.0009410324855707586
gsm8k,33,fixed_1,Under-Drafting,1,7.681391434744e-05
gsm8k,34,fixed_1,Under-Drafting,1,0.0007021685596555471
gsm8k,34,fixed_1,Under-Drafting,1,0.054321564733982086
gsm8k,34,fixed_1,Under-Drafting,1,0.043042607605457306
gsm8k,34,fixed_1,Under-Drafting,1,0.0018345913849771023
gsm8k,34,fixed_1,Under-Drafting,1,0.009242735803127289
gsm8k,34,fixed_1,Under-Drafting,1,0.11796288192272186
gsm8k,34,fixed_1,Under-Drafting,1,0.0006943984772078693
gsm8k,34,fixed_1,Under-Drafting,1,0.031221231445670128
gsm8k,34,fixed_1,Under-Drafting,1,0.1054573580622673
gsm8k,34,fixed_1,Under-Drafting,1,0.005648404825478792
gsm8k,34,fixed_1,Under-Drafting,1,0.01010230090469122
gsm8k,34,fixed_1,Under-Drafting,1,0.00032133478089235723
gsm8k,34,fixed_1,Under-Drafting,1,0.0011823463719338179
gsm8k,34,fixed_1,Under-Drafting,1,0.02370433323085308
gsm8k,34,fixed_1,Under-Drafting,1,0.0917278379201889
gsm8k,34,fixed_1,Under-Drafting,1,5.2414205129025504e-05
gsm8k,34,fixed_1,Under-Drafting,1,0.00046426948392763734
gsm8k,34,fixed_1,Under-Drafting,1,0.0014968086034059525
gsm8k,34,fixed_1,Under-Drafting,1,1.251189132744912e-05
gsm8k,34,fixed_1,Under-Drafting,1,0.0002196958812419325
gsm8k,34,fixed_1,Under-Drafting,1,0.1138356477022171
gsm8k,34,fixed_1,Under-Drafting,1,0.0002027243172051385
gsm8k,35,fixed_1,Under-Drafting,1,0.04520958289504051
gsm8k,35,fixed_1,Under-Drafting,1,6.29219357506372e-05
gsm8k,35,fixed_1,Under-Drafting,1,0.13681159913539886
gsm8k,35,fixed_1,Under-Drafting,1,0.16771842539310455
gsm8k,35,fixed_1,Under-Drafting,1,5.054228677181527e-05
gsm8k,35,fixed_1,Under-Drafting,1,0.0030566337518393993
gsm8k,35,fixed_1,Under-Drafting,1,0.0005669040256179869
gsm8k,35,fixed_1,Under-Drafting,1,0.008184641599655151
gsm8k,35,fixed_1,Under-Drafting,1,0.0022740194108337164
gsm8k,35,fixed_1,Under-Drafting,1,3.7574097859760514e-06
gsm8k,35,fixed_1,Under-Drafting,1,4.646779416361824e-05
gsm8k,35,fixed_1,Under-Drafting,1,0.010232143104076385
gsm8k,35,fixed_1,Under-Drafting,1,0.13699649274349213
gsm8k,35,fixed_1,Under-Drafting,1,0.000834649836178869
gsm8k,35,fixed_1,Under-Drafting,1,0.01179818157106638
gsm8k,35,fixed_1,Under-Drafting,1,1.2693406006292207e-06
gsm8k,36,fixed_1,Under-Drafting,1,0.07269105315208435
gsm8k,36,fixed_1,Under-Drafting,1,0.027519982308149338
gsm8k,36,fixed_1,Under-Drafting,1,0.024224089458584785
gsm8k,36,fixed_1,Under-Drafting,1,0.05458933115005493
gsm8k,36,fixed_1,Under-Drafting,1,0.00014295484288595617
gsm8k,36,fixed_1,Under-Drafting,1,0.0001684369781287387
gsm8k,36,fixed_1,Under-Drafting,1,0.0006622415385209024
gsm8k,36,fixed_1,Under-Drafting,1,0.03826826438307762
gsm8k,36,fixed_1,Under-Drafting,1,0.002469368977472186
gsm8k,36,fixed_1,Under-Drafting,1,0.00034735427470877767
gsm8k,36,fixed_1,Under-Drafting,1,0.0002696657902561128
gsm8k,36,fixed_1,Under-Drafting,1,0.005944510921835899
gsm8k,36,fixed_1,Under-Drafting,1,0.0040678903460502625
gsm8k,36,fixed_1,Under-Drafting,1,0.00013961437798570842
gsm8k,36,fixed_1,Under-Drafting,1,0.025572240352630615
gsm8k,36,fixed_1,Under-Drafting,1,0.09905707091093063
gsm8k,36,fixed_1,Under-Drafting,1,0.0007556223426945508
gsm8k,36,fixed_1,Under-Drafting,1,0.07503071427345276
gsm8k,36,fixed_1,Under-Drafting,1,0.002345545217394829
gsm8k,36,fixed_1,Under-Drafting,1,0.003370573977008462
gsm8k,36,fixed_1,Under-Drafting,1,0.0016022117342799902
gsm8k,37,fixed_1,Under-Drafting,1,0.00600217841565609
gsm8k,37,fixed_1,Under-Drafting,1,0.004036018159240484
gsm8k,37,fixed_1,Under-Drafting,1,0.022850193083286285
gsm8k,37,fixed_1,Under-Drafting,1,0.0007993500330485404
gsm8k,37,fixed_1,Under-Drafting,1,0.11211968958377838
gsm8k,37,fixed_1,Under-Drafting,1,0.008481190539896488
gsm8k,37,fixed_1,Under-Drafting,1,0.0001972103927982971
gsm8k,37,fixed_1,Under-Drafting,1,0.0038265425246208906
gsm8k,37,fixed_1,Under-Drafting,1,0.005543517880141735
gsm8k,37,fixed_1,Under-Drafting,1,0.04311124607920647
gsm8k,37,fixed_1,Under-Drafting,1,1.6695898011676036e-05
gsm8k,37,fixed_1,Under-Drafting,1,0.12352075427770615
gsm8k,37,fixed_1,Under-Drafting,1,0.006304116919636726
gsm8k,37,fixed_1,Under-Drafting,1,5.838669676450081e-05
gsm8k,37,fixed_1,Under-Drafting,1,0.011554613709449768
gsm8k,37,fixed_1,Under-Drafting,1,1.1066815204685554e-05
gsm8k,38,fixed_1,Under-Drafting,1,0.011607381515204906
gsm8k,38,fixed_1,Under-Drafting,1,0.15492099523544312
gsm8k,38,fixed_1,Under-Drafting,1,0.0005336346221156418
gsm8k,38,fixed_1,Under-Drafting,1,0.0038138991221785545
gsm8k,38,fixed_1,Under-Drafting,1,0.005529105197638273
gsm8k,38,fixed_1,Under-Drafting,1,0.00030532749951817095
gsm8k,38,fixed_1,Under-Drafting,1,0.001051408820785582
gsm8k,38,fixed_1,Under-Drafting,1,0.00012707577843684703
gsm8k,38,fixed_1,Under-Drafting,1,0.021390534937381744
gsm8k,38,fixed_1,Under-Drafting,1,0.0011446364223957062
gsm8k,38,fixed_1,Under-Drafting,1,0.016324467957019806
gsm8k,38,fixed_1,Under-Drafting,1,0.002526129363104701
gsm8k,38,fixed_1,Under-Drafting,1,0.0002257023734273389
gsm8k,38,fixed_1,Under-Drafting,1,0.002630777657032013
gsm8k,38,fixed_1,Under-Drafting,1,0.00019070904818363488
gsm8k,38,fixed_1,Under-Drafting,1,0.01699386164546013
gsm8k,38,fixed_1,Under-Drafting,1,0.00014995808305684477
gsm8k,39,fixed_1,Under-Drafting,1,0.0067727952264249325
gsm8k,39,fixed_1,Under-Drafting,1,0.027932709082961082
gsm8k,39,fixed_1,Under-Drafting,1,0.0058019426651299
gsm8k,39,fixed_1,Under-Drafting,1,0.025074079632759094
gsm8k,39,fixed_1,Under-Drafting,1,0.08129555732011795
gsm8k,39,fixed_1,Under-Drafting,1,0.0136710274964571
gsm8k,39,fixed_1,Under-Drafting,1,0.07115817815065384
gsm8k,40,fixed_1,Under-Drafting,1,0.014149520546197891
gsm8k,40,fixed_1,Under-Drafting,1,0.008431000635027885
gsm8k,40,fixed_1,Under-Drafting,1,0.006705150473862886
gsm8k,40,fixed_1,Under-Drafting,1,0.0006167017272673547
gsm8k,40,fixed_1,Under-Drafting,1,0.0031858556903898716
gsm8k,40,fixed_1,Under-Drafting,1,7.126211130525917e-05
gsm8k,40,fixed_1,Under-Drafting,1,0.016666516661643982
gsm8k,40,fixed_1,Under-Drafting,1,0.0003047467034775764
gsm8k,40,fixed_1,Under-Drafting,1,0.002815027954056859
gsm8k,40,fixed_1,Under-Drafting,1,0.003876132657751441
gsm8k,40,fixed_1,Under-Drafting,1,0.00029417790938168764
gsm8k,40,fixed_1,Under-Drafting,1,0.004034061450511217
gsm8k,40,fixed_1,Under-Drafting,1,0.004654905293136835
gsm8k,40,fixed_1,Under-Drafting,1,2.0640149159589782e-05
gsm8k,40,fixed_1,Under-Drafting,1,0.16556355357170105
gsm8k,40,fixed_1,Under-Drafting,1,0.007352147251367569
gsm8k,40,fixed_1,Under-Drafting,1,0.0027935553807765245
gsm8k,40,fixed_1,Under-Drafting,1,0.00025833651307038963
gsm8k,40,fixed_1,Under-Drafting,1,0.010287177748978138
gsm8k,40,fixed_1,Under-Drafting,1,0.049550749361515045
gsm8k,40,fixed_1,Under-Drafting,1,0.005022373050451279
gsm8k,41,fixed_1,Under-Drafting,1,0.06747785955667496
gsm8k,41,fixed_1,Under-Drafting,1,0.12467017024755478
gsm8k,41,fixed_1,Under-Drafting,1,0.019288362935185432
gsm8k,41,fixed_1,Under-Drafting,1,0.09352001547813416
gsm8k,41,fixed_1,Under-Drafting,1,0.0026446105912327766
gsm8k,41,fixed_1,Under-Drafting,1,0.0055601876229047775
gsm8k,41,fixed_1,Under-Drafting,1,0.006856335327029228
gsm8k,41,fixed_1,Under-Drafting,1,0.000816069426946342
gsm8k,41,fixed_1,Under-Drafting,1,0.18578189611434937
gsm8k,41,fixed_1,Under-Drafting,1,0.0019280033884570003
gsm8k,41,fixed_1,Under-Drafting,1,5.192281969357282e-05
gsm8k,42,fixed_1,Under-Drafting,1,0.029854947701096535
gsm8k,42,fixed_1,Under-Drafting,1,0.0062212818302214146
gsm8k,42,fixed_1,Under-Drafting,1,0.007626156322658062
gsm8k,42,fixed_1,Under-Drafting,1,0.017094429582357407
gsm8k,42,fixed_1,Under-Drafting,1,0.024818263947963715
gsm8k,42,fixed_1,Under-Drafting,1,0.0015224565286189318
gsm8k,42,fixed_1,Under-Drafting,1,0.02307210862636566
gsm8k,42,fixed_1,Under-Drafting,1,0.001399964326992631
gsm8k,42,fixed_1,Under-Drafting,1,2.390952658970491e-06
gsm8k,42,fixed_1,Under-Drafting,1,0.013223790563642979
gsm8k,42,fixed_1,Under-Drafting,1,0.0035415668971836567
gsm8k,42,fixed_1,Under-Drafting,1,0.06795700639486313
gsm8k,42,fixed_1,Under-Drafting,1,0.04513292759656906
gsm8k,42,fixed_1,Under-Drafting,1,0.00035302279866300523
gsm8k,42,fixed_1,Under-Drafting,1,0.06604921072721481
gsm8k,42,fixed_1,Under-Drafting,1,0.10488247871398926
gsm8k,42,fixed_1,Under-Drafting,1,0.0002902913256548345
gsm8k,42,fixed_1,Under-Drafting,1,0.0005692573613487184
gsm8k,42,fixed_1,Under-Drafting,1,4.532525781542063e-05
gsm8k,43,fixed_1,Under-Drafting,1,0.1359579861164093
gsm8k,43,fixed_1,Under-Drafting,1,0.016731057316064835
gsm8k,43,fixed_1,Under-Drafting,1,0.001240395475178957
gsm8k,43,fixed_1,Under-Drafting,1,0.030283024534583092
gsm8k,43,fixed_1,Under-Drafting,1,0.0034035574644804
gsm8k,43,fixed_1,Under-Drafting,1,0.0007919328054413199
gsm8k,43,fixed_1,Under-Drafting,1,0.006728961132466793
gsm8k,43,fixed_1,Under-Drafting,1,0.17614075541496277
gsm8k,43,fixed_1,Under-Drafting,1,1.9655633877846412e-05
gsm8k,43,fixed_1,Under-Drafting,1,0.0006883961032144725
gsm8k,44,fixed_1,Under-Drafting,1,0.011135636828839779
gsm8k,44,fixed_1,Under-Drafting,1,0.13401800394058228
gsm8k,44,fixed_1,Under-Drafting,1,0.010959512554109097
gsm8k,44,fixed_1,Under-Drafting,1,0.00036233291029930115
gsm8k,44,fixed_1,Under-Drafting,1,0.0013222324196249247
gsm8k,44,fixed_1,Under-Drafting,1,0.0003085733042098582
gsm8k,44,fixed_1,Under-Drafting,1,0.0013819643063470721
gsm8k,44,fixed_1,Under-Drafting,1,0.010253103449940681
gsm8k,44,fixed_1,Under-Drafting,1,0.1354704201221466
gsm8k,44,fixed_1,Under-Drafting,1,0.009601674973964691
gsm8k,44,fixed_1,Under-Drafting,1,0.16791751980781555
gsm8k,44,fixed_1,Under-Drafting,1,0.04870815947651863
gsm8k,44,fixed_1,Under-Drafting,1,0.00035184118314646184
gsm8k,44,fixed_1,Under-Drafting,1,3.449892028584145e-05
gsm8k,44,fixed_1,Under-Drafting,1,1.686792711552698e-05
gsm8k,45,fixed_1,Under-Drafting,1,0.016407694667577744
gsm8k,45,fixed_1,Under-Drafting,1,6.816737732151523e-05
gsm8k,45,fixed_1,Under-Drafting,1,0.1409740149974823
gsm8k,45,fixed_1,Under-Drafting,1,0.02946883998811245
gsm8k,45,fixed_1,Under-Drafting,1,0.14637623727321625
gsm8k,45,fixed_1,Under-Drafting,1,0.016771411523222923
gsm8k,45,fixed_1,Under-Drafting,1,0.00027209456311538815
gsm8k,45,fixed_1,Under-Drafting,1,0.02607579529285431
gsm8k,45,fixed_1,Under-Drafting,1,7.644724973943084e-05
gsm8k,45,fixed_1,Under-Drafting,1,0.0010257173562422395
gsm8k,45,fixed_1,Under-Drafting,1,0.0040204450488090515
gsm8k,45,fixed_1,Under-Drafting,1,0.001556882169097662
gsm8k,45,fixed_1,Under-Drafting,1,0.14753812551498413
gsm8k,45,fixed_1,Under-Drafting,1,0.0009388776961714029
gsm8k,45,fixed_1,Under-Drafting,1,4.616532169166021e-05
gsm8k,45,fixed_1,Under-Drafting,1,5.0661456043599173e-05
gsm8k,45,fixed_1,Under-Drafting,1,0.010540054179728031
gsm8k,45,fixed_1,Under-Drafting,1,0.014999506063759327
gsm8k,46,fixed_1,Under-Drafting,1,0.0009978655725717545
gsm8k,46,fixed_1,Under-Drafting,1,0.05951164662837982
gsm8k,46,fixed_1,Under-Drafting,1,0.10611983388662338
gsm8k,46,fixed_1,Under-Drafting,1,0.07481470704078674
gsm8k,46,fixed_1,Under-Drafting,1,0.032008931040763855
gsm8k,46,fixed_1,Under-Drafting,1,0.025530578568577766
gsm8k,46,fixed_1,Under-Drafting,1,0.03931008651852608
gsm8k,46,fixed_1,Under-Drafting,1,0.04086636006832123
gsm8k,46,fixed_1,Under-Drafting,1,0.04614659771323204
gsm8k,46,fixed_1,Under-Drafting,1,0.05985172465443611
gsm8k,46,fixed_1,Under-Drafting,1,0.01307632029056549
gsm8k,46,fixed_1,Under-Drafting,1,0.0053342427127063274
gsm8k,46,fixed_1,Under-Drafting,1,0.05291951447725296
gsm8k,46,fixed_1,Under-Drafting,1,0.00037282356061041355
gsm8k,46,fixed_1,Under-Drafting,1,0.001348851597867906
gsm8k,46,fixed_1,Under-Drafting,1,0.02400553971529007
gsm8k,46,fixed_1,Under-Drafting,1,0.16085951030254364
gsm8k,47,fixed_1,Under-Drafting,1,0.14314080774784088
gsm8k,47,fixed_1,Under-Drafting,1,0.07572346925735474
gsm8k,47,fixed_1,Under-Drafting,1,0.17174962162971497
gsm8k,47,fixed_1,Under-Drafting,1,0.006779803428798914
gsm8k,47,fixed_1,Under-Drafting,1,0.004959794692695141
gsm8k,47,fixed_1,Under-Drafting,1,0.0016084812814369798
gsm8k,47,fixed_1,Under-Drafting,1,0.013038501143455505
gsm8k,47,fixed_1,Under-Drafting,1,0.09215995669364929
gsm8k,47,fixed_1,Under-Drafting,1,0.0001261312427232042
gsm8k,47,fixed_1,Under-Drafting,1,0.08843532204627991
gsm8k,47,fixed_1,Under-Drafting,1,5.3205221774987876e-05
gsm8k,47,fixed_1,Under-Drafting,1,0.00974845327436924
gsm8k,47,fixed_1,Under-Drafting,1,0.020240630954504013
gsm8k,47,fixed_1,Under-Drafting,1,6.106653472670587e-06
gsm8k,48,fixed_1,Under-Drafting,1,0.05877913162112236
gsm8k,48,fixed_1,Under-Drafting,1,2.9897175409132615e-05
gsm8k,48,fixed_1,Under-Drafting,1,0.07359542697668076
gsm8k,48,fixed_1,Under-Drafting,1,0.06229623779654503
gsm8k,48,fixed_1,Under-Drafting,1,0.010657580569386482
gsm8k,48,fixed_1,Under-Drafting,1,0.027813401073217392
gsm8k,48,fixed_1,Under-Drafting,1,0.010603899136185646
gsm8k,48,fixed_1,Under-Drafting,1,0.0001166250731330365
gsm8k,48,fixed_1,Under-Drafting,1,0.18138305842876434
gsm8k,48,fixed_1,Under-Drafting,1,0.06246153265237808
gsm8k,48,fixed_1,Under-Drafting,1,0.12228739261627197
gsm8k,48,fixed_1,Under-Drafting,1,1.9714732388820266e-06
gsm8k,48,fixed_1,Under-Drafting,1,0.0012687387643381953
gsm8k,48,fixed_1,Under-Drafting,1,0.0003407841140870005
gsm8k,48,fixed_1,Under-Drafting,1,0.00045191371464170516
gsm8k,48,fixed_1,Under-Drafting,1,0.020553769543766975
gsm8k,49,fixed_1,Under-Drafting,1,0.09977155178785324
gsm8k,49,fixed_1,Under-Drafting,1,0.0005016222130507231
gsm8k,49,fixed_1,Under-Drafting,1,0.1119360402226448
gsm8k,49,fixed_1,Under-Drafting,1,0.084878109395504
gsm8k,49,fixed_1,Under-Drafting,1,0.030820216983556747
gsm8k,49,fixed_1,Under-Drafting,1,0.003527135355398059
gsm8k,49,fixed_1,Under-Drafting,1,0.0016062858048826456
gsm8k,49,fixed_1,Under-Drafting,1,3.353188731125556e-05
gsm8k,49,fixed_1,Under-Drafting,1,0.16734939813613892
gsm8k,49,fixed_1,Under-Drafting,1,0.16620756685733795
gsm8k,49,fixed_1,Under-Drafting,1,0.0640174075961113
gsm8k,49,fixed_1,Under-Drafting,1,3.389601261005737e-05
gsm8k,49,fixed_1,Under-Drafting,1,0.07859215140342712
gsm8k,49,fixed_1,Under-Drafting,1,0.12748166918754578
gsm8k,49,fixed_1,Under-Drafting,1,0.0018270363798364997
gsm8k,49,fixed_1,Under-Drafting,1,0.000861602951772511
gsm8k,49,fixed_1,Under-Drafting,1,0.005493109580129385
gsm8k,49,fixed_1,Under-Drafting,1,0.15061454474925995
gsm8k,49,fixed_1,Under-Drafting,1,0.002326412359252572
gsm8k,49,fixed_1,Under-Drafting,1,1.5938441720209084e-05
gsm8k,49,fixed_1,Under-Drafting,1,0.004193664062768221
gsm8k,49,fixed_1,Under-Drafting,1,0.024348927661776543
gsm8k,50,fixed_1,Under-Drafting,1,0.032853804528713226
gsm8k,50,fixed_1,Under-Drafting,1,0.023213960230350494
gsm8k,50,fixed_1,Under-Drafting,1,0.05079839378595352
gsm8k,50,fixed_1,Under-Drafting,1,0.1702500581741333
gsm8k,50,fixed_1,Under-Drafting,1,0.0010129250586032867
gsm8k,50,fixed_1,Under-Drafting,1,0.002870080294087529
gsm8k,50,fixed_1,Under-Drafting,1,5.5662043450865895e-05
gsm8k,50,fixed_1,Under-Drafting,1,2.5537676265230402e-05
gsm8k,50,fixed_1,Under-Drafting,1,5.837684511789121e-05
gsm8k,50,fixed_1,Under-Drafting,1,1.9749708371818997e-05
gsm8k,50,fixed_1,Under-Drafting,1,0.012255002744495869
gsm8k,50,fixed_1,Under-Drafting,1,0.012307548895478249
gsm8k,50,fixed_1,Under-Drafting,1,0.003383570583537221
gsm8k,51,fixed_1,Under-Drafting,1,0.025942454114556313
gsm8k,51,fixed_1,Under-Drafting,1,0.010012377053499222
gsm8k,51,fixed_1,Under-Drafting,1,0.05288424342870712
gsm8k,51,fixed_1,Under-Drafting,1,0.012084956280887127
gsm8k,51,fixed_1,Under-Drafting,1,0.0010659239487722516
gsm8k,52,fixed_1,Under-Drafting,1,0.01137164793908596
gsm8k,52,fixed_1,Under-Drafting,1,0.0031852053944021463
gsm8k,52,fixed_1,Under-Drafting,1,0.19594547152519226
gsm8k,52,fixed_1,Under-Drafting,1,0.03779358044266701
gsm8k,52,fixed_1,Under-Drafting,1,0.0303328987210989
gsm8k,52,fixed_1,Under-Drafting,1,0.0016737409168854356
gsm8k,52,fixed_1,Under-Drafting,1,0.00037782988511025906
gsm8k,52,fixed_1,Under-Drafting,1,0.0434659980237484
gsm8k,52,fixed_1,Under-Drafting,1,0.033086247742176056
gsm8k,52,fixed_1,Under-Drafting,1,0.13605690002441406
gsm8k,52,fixed_1,Under-Drafting,1,0.02045704424381256
gsm8k,52,fixed_1,Under-Drafting,1,3.2545081921853125e-05
gsm8k,53,fixed_1,Under-Drafting,1,0.02388082444667816
gsm8k,53,fixed_1,Under-Drafting,1,0.06775739043951035
gsm8k,53,fixed_1,Under-Drafting,1,0.19757290184497833
gsm8k,53,fixed_1,Under-Drafting,1,0.06944739818572998
gsm8k,53,fixed_1,Under-Drafting,1,0.12633883953094482
gsm8k,53,fixed_1,Under-Drafting,1,0.14543260633945465
gsm8k,53,fixed_1,Under-Drafting,1,0.011577153578400612
gsm8k,53,fixed_1,Under-Drafting,1,0.00041627653990872204
gsm8k,53,fixed_1,Under-Drafting,1,0.0003438554995227605
gsm8k,53,fixed_1,Under-Drafting,1,0.0009943123441189528
gsm8k,53,fixed_1,Under-Drafting,1,0.0016802678583189845
gsm8k,53,fixed_1,Under-Drafting,1,0.00034114744630642235
gsm8k,53,fixed_1,Under-Drafting,1,0.03333369269967079
gsm8k,53,fixed_1,Under-Drafting,1,0.0059468429535627365
gsm8k,53,fixed_1,Under-Drafting,1,0.13900867104530334
gsm8k,53,fixed_1,Under-Drafting,1,0.0050450218841433525
gsm8k,54,fixed_1,Under-Drafting,1,0.10697890818119049
gsm8k,54,fixed_1,Under-Drafting,1,0.0011175554245710373
gsm8k,54,fixed_1,Under-Drafting,1,0.06350087374448776
gsm8k,54,fixed_1,Under-Drafting,1,0.19801540672779083
gsm8k,54,fixed_1,Under-Drafting,1,0.0017500030808150768
gsm8k,54,fixed_1,Under-Drafting,1,0.03951505199074745
gsm8k,54,fixed_1,Under-Drafting,1,0.0001947741984622553
gsm8k,54,fixed_1,Under-Drafting,1,0.005300918128341436
gsm8k,54,fixed_1,Under-Drafting,1,0.00017867886344902217
gsm8k,54,fixed_1,Under-Drafting,1,0.1778537482023239
gsm8k,54,fixed_1,Under-Drafting,1,0.00022610797896049917
gsm8k,54,fixed_1,Under-Drafting,1,6.259979272726923e-05
gsm8k,54,fixed_1,Under-Drafting,1,0.07668844610452652
gsm8k,54,fixed_1,Under-Drafting,1,0.0005927784950472414
gsm8k,54,fixed_1,Under-Drafting,1,0.0003707870782818645
gsm8k,54,fixed_1,Under-Drafting,1,0.05375079810619354
gsm8k,54,fixed_1,Under-Drafting,1,0.003949824720621109
gsm8k,54,fixed_1,Under-Drafting,1,0.0011352798901498318
gsm8k,54,fixed_1,Under-Drafting,1,0.005410688929259777
gsm8k,54,fixed_1,Under-Drafting,1,0.0002831013116519898
gsm8k,55,fixed_1,Under-Drafting,1,0.013565950095653534
gsm8k,55,fixed_1,Under-Drafting,1,0.014610735699534416
gsm8k,55,fixed_1,Under-Drafting,1,0.13310538232326508
gsm8k,55,fixed_1,Under-Drafting,1,0.0013842148473486304
gsm8k,55,fixed_1,Under-Drafting,1,0.0005373746389523149
gsm8k,55,fixed_1,Under-Drafting,1,0.00046609732089564204
gsm8k,55,fixed_1,Under-Drafting,1,0.0009698530193418264
gsm8k,55,fixed_1,Under-Drafting,1,0.002785888034850359
gsm8k,55,fixed_1,Under-Drafting,1,0.10944324731826782
gsm8k,55,fixed_1,Under-Drafting,1,0.003186600049957633
gsm8k,55,fixed_1,Under-Drafting,1,0.14057663083076477
gsm8k,55,fixed_1,Under-Drafting,1,0.0030879690311849117
gsm8k,55,fixed_1,Under-Drafting,1,0.00994736235588789
gsm8k,55,fixed_1,Under-Drafting,1,0.0009251724113710225
gsm8k,55,fixed_1,Under-Drafting,1,0.022090479731559753
gsm8k,55,fixed_1,Under-Drafting,1,0.15251761674880981
gsm8k,55,fixed_1,Under-Drafting,1,0.0008282982744276524
gsm8k,56,fixed_1,Under-Drafting,1,0.02306460775434971
gsm8k,56,fixed_1,Under-Drafting,1,0.10269580036401749
gsm8k,56,fixed_1,Under-Drafting,1,0.0014616046100854874
gsm8k,56,fixed_1,Under-Drafting,1,0.00310482457280159
gsm8k,56,fixed_1,Under-Drafting,1,0.003143137553706765
gsm8k,56,fixed_1,Under-Drafting,1,0.000925715547055006
gsm8k,56,fixed_1,Under-Drafting,1,0.0007225199369713664
gsm8k,56,fixed_1,Under-Drafting,1,0.02471538819372654
gsm8k,56,fixed_1,Under-Drafting,1,0.004404093138873577
gsm8k,56,fixed_1,Under-Drafting,1,0.027059471234679222
gsm8k,57,fixed_1,Under-Drafting,1,0.0423915795981884
gsm8k,57,fixed_1,Under-Drafting,1,9.374598448630422e-05
gsm8k,57,fixed_1,Under-Drafting,1,0.06331878900527954
gsm8k,57,fixed_1,Under-Drafting,1,0.19795852899551392
gsm8k,57,fixed_1,Under-Drafting,1,0.020049354061484337
gsm8k,57,fixed_1,Under-Drafting,1,0.019793404266238213
gsm8k,57,fixed_1,Under-Drafting,1,0.0030765775591135025
gsm8k,57,fixed_1,Under-Drafting,1,0.005393883679062128
gsm8k,57,fixed_1,Under-Drafting,1,0.020701700821518898
gsm8k,57,fixed_1,Under-Drafting,1,0.09777417033910751
gsm8k,57,fixed_1,Under-Drafting,1,0.048395585268735886
gsm8k,57,fixed_1,Under-Drafting,1,4.6900654524506535e-06
gsm8k,58,fixed_1,Under-Drafting,1,0.021696027368307114
gsm8k,58,fixed_1,Under-Drafting,1,0.08372705429792404
gsm8k,58,fixed_1,Under-Drafting,1,0.01612463966012001
gsm8k,58,fixed_1,Under-Drafting,1,4.7638313844799995e-05
gsm8k,58,fixed_1,Under-Drafting,1,0.0019235135987401009
gsm8k,58,fixed_1,Under-Drafting,1,0.020235376432538033
gsm8k,58,fixed_1,Under-Drafting,1,0.006811841856688261
gsm8k,58,fixed_1,Under-Drafting,1,0.05426909774541855
gsm8k,58,fixed_1,Under-Drafting,1,6.668399146292359e-05
gsm8k,58,fixed_1,Under-Drafting,1,0.12789994478225708
gsm8k,58,fixed_1,Under-Drafting,1,0.000288794981315732
gsm8k,58,fixed_1,Under-Drafting,1,2.970742798424908e-06
gsm8k,58,fixed_1,Under-Drafting,1,0.012607427313923836
gsm8k,58,fixed_1,Under-Drafting,1,0.07625407725572586
gsm8k,58,fixed_1,Under-Drafting,1,4.635990262613632e-05
gsm8k,58,fixed_1,Under-Drafting,1,0.06769610941410065
gsm8k,58,fixed_1,Under-Drafting,1,0.018334882333874702
gsm8k,58,fixed_1,Under-Drafting,1,0.006283608265221119
gsm8k,58,fixed_1,Under-Drafting,1,0.0014691096730530262
gsm8k,58,fixed_1,Under-Drafting,1,0.0027456358075141907
gsm8k,59,fixed_1,Under-Drafting,1,0.004352251999080181
gsm8k,59,fixed_1,Under-Drafting,1,0.011621156707406044
gsm8k,59,fixed_1,Under-Drafting,1,0.05831407383084297
gsm8k,59,fixed_1,Under-Drafting,1,0.010436419397592545
gsm8k,59,fixed_1,Under-Drafting,1,0.12065581977367401
gsm8k,59,fixed_1,Under-Drafting,1,0.0012103910557925701
gsm8k,59,fixed_1,Under-Drafting,1,0.008747725747525692
gsm8k,59,fixed_1,Under-Drafting,1,0.014812289737164974
gsm8k,59,fixed_1,Under-Drafting,1,0.17657259106636047
gsm8k,59,fixed_1,Under-Drafting,1,0.005040755029767752
gsm8k,59,fixed_1,Under-Drafting,1,0.003448988776654005
gsm8k,59,fixed_1,Under-Drafting,1,0.03444117680191994
gsm8k,59,fixed_1,Under-Drafting,1,0.0001334027328994125
gsm8k,60,fixed_1,Under-Drafting,1,4.35117726738099e-06
gsm8k,60,fixed_1,Under-Drafting,1,0.0097446134313941
gsm8k,60,fixed_1,Under-Drafting,1,0.03883674740791321
gsm8k,60,fixed_1,Under-Drafting,1,0.012771595269441605
gsm8k,60,fixed_1,Under-Drafting,1,0.008586638607084751
gsm8k,60,fixed_1,Under-Drafting,1,0.0028923999052494764
gsm8k,60,fixed_1,Under-Drafting,1,0.010283048264682293
gsm8k,60,fixed_1,Under-Drafting,1,0.00147743069101125
gsm8k,60,fixed_1,Under-Drafting,1,0.08460977673530579
gsm8k,60,fixed_1,Under-Drafting,1,0.0005268081440590322
gsm8k,60,fixed_1,Under-Drafting,1,0.00012964193592779338
gsm8k,60,fixed_1,Under-Drafting,1,0.0002720002958085388
gsm8k,60,fixed_1,Under-Drafting,1,0.009116865694522858
gsm8k,60,fixed_1,Under-Drafting,1,1.3985666555527132e-05
gsm8k,60,fixed_1,Under-Drafting,1,0.06001156195998192
gsm8k,60,fixed_1,Under-Drafting,1,0.000379536475520581
gsm8k,60,fixed_1,Under-Drafting,1,0.022972429171204567
gsm8k,60,fixed_1,Under-Drafting,1,8.175660332199186e-05
gsm8k,60,fixed_1,Under-Drafting,1,0.020866384729743004
gsm8k,60,fixed_1,Under-Drafting,1,0.00011196930427104235
gsm8k,60,fixed_1,Under-Drafting,1,0.024222636595368385
gsm8k,60,fixed_1,Under-Drafting,1,0.144149512052536
gsm8k,60,fixed_1,Under-Drafting,1,0.005136517342180014
gsm8k,60,fixed_1,Under-Drafting,1,0.00011687334335874766
gsm8k,61,fixed_1,Under-Drafting,1,0.053232286125421524
gsm8k,61,fixed_1,Under-Drafting,1,0.0009034789400175214
gsm8k,61,fixed_1,Under-Drafting,1,0.012281845323741436
gsm8k,61,fixed_1,Under-Drafting,1,0.17631788551807404
gsm8k,61,fixed_1,Under-Drafting,1,0.07283592224121094
gsm8k,61,fixed_1,Under-Drafting,1,0.08031689375638962
gsm8k,61,fixed_1,Under-Drafting,1,0.0005402268143370748
gsm8k,61,fixed_1,Under-Drafting,1,0.07757775485515594
gsm8k,61,fixed_1,Under-Drafting,1,0.001751538016833365
gsm8k,61,fixed_1,Under-Drafting,1,2.0739722458529286e-05
gsm8k,61,fixed_1,Under-Drafting,1,0.0009175955201499164
gsm8k,61,fixed_1,Under-Drafting,1,0.018786393105983734
gsm8k,61,fixed_1,Under-Drafting,1,1.0435363947181031e-05
gsm8k,61,fixed_1,Under-Drafting,1,0.004150736145675182
gsm8k,61,fixed_1,Under-Drafting,1,0.003373770508915186
gsm8k,61,fixed_1,Under-Drafting,1,0.05782216787338257
gsm8k,61,fixed_1,Under-Drafting,1,0.018362270668148994
gsm8k,61,fixed_1,Under-Drafting,1,0.11861907690763474
gsm8k,62,fixed_1,Under-Drafting,1,0.1425652951002121
gsm8k,62,fixed_1,Under-Drafting,1,0.00306063424795866
gsm8k,62,fixed_1,Under-Drafting,1,0.010019855573773384
gsm8k,62,fixed_1,Under-Drafting,1,0.0039407843723893166
gsm8k,62,fixed_1,Under-Drafting,1,0.0017329020192846656
gsm8k,62,fixed_1,Under-Drafting,1,0.00646245339885354
gsm8k,62,fixed_1,Under-Drafting,1,0.00020390420104376972
gsm8k,62,fixed_1,Under-Drafting,1,0.04412472993135452
gsm8k,62,fixed_1,Under-Drafting,1,0.024647651240229607
gsm8k,62,fixed_1,Under-Drafting,1,2.3952034098329023e-05
gsm8k,62,fixed_1,Under-Drafting,1,0.0014263633638620377
gsm8k,62,fixed_1,Under-Drafting,1,0.006652122363448143
gsm8k,62,fixed_1,Under-Drafting,1,0.11910039931535721
gsm8k,62,fixed_1,Under-Drafting,1,0.1458103060722351
gsm8k,62,fixed_1,Under-Drafting,1,0.006402066443115473
gsm8k,62,fixed_1,Under-Drafting,1,0.0005148643394932151
gsm8k,63,fixed_1,Under-Drafting,1,0.01237316895276308
gsm8k,63,fixed_1,Under-Drafting,1,0.11834680289030075
gsm8k,63,fixed_1,Under-Drafting,1,0.002181809861212969
gsm8k,63,fixed_1,Under-Drafting,1,0.1548401266336441
gsm8k,63,fixed_1,Under-Drafting,1,0.0002218896261183545
gsm8k,63,fixed_1,Under-Drafting,1,0.1899026781320572
gsm8k,63,fixed_1,Under-Drafting,1,0.009117355570197105
gsm8k,63,fixed_1,Under-Drafting,1,0.000125192673294805
gsm8k,63,fixed_1,Under-Drafting,1,0.0039958348497748375
gsm8k,63,fixed_1,Under-Drafting,1,0.037552569061517715
gsm8k,63,fixed_1,Under-Drafting,1,0.016026735305786133
gsm8k,63,fixed_1,Under-Drafting,1,0.11398328840732574
gsm8k,63,fixed_1,Under-Drafting,1,0.011435200460255146
gsm8k,63,fixed_1,Under-Drafting,1,0.0006821643910370767
gsm8k,64,fixed_1,Under-Drafting,1,0.02418571710586548
gsm8k,64,fixed_1,Under-Drafting,1,0.076023630797863
gsm8k,64,fixed_1,Under-Drafting,1,0.1321825534105301
gsm8k,64,fixed_1,Under-Drafting,1,0.080365389585495
gsm8k,64,fixed_1,Under-Drafting,1,0.0842171385884285
gsm8k,64,fixed_1,Under-Drafting,1,0.0019349982030689716
gsm8k,64,fixed_1,Under-Drafting,1,0.16736218333244324
gsm8k,64,fixed_1,Under-Drafting,1,0.040842361748218536
gsm8k,64,fixed_1,Under-Drafting,1,0.1709650307893753
gsm8k,65,fixed_1,Under-Drafting,1,0.019761253148317337
gsm8k,65,fixed_1,Under-Drafting,1,0.007548344787210226
gsm8k,65,fixed_1,Under-Drafting,1,0.060771118849515915
gsm8k,65,fixed_1,Under-Drafting,1,0.0008173456881195307
gsm8k,65,fixed_1,Under-Drafting,1,0.0011210358934476972
gsm8k,65,fixed_1,Under-Drafting,1,0.08874191343784332
gsm8k,65,fixed_1,Under-Drafting,1,0.14308419823646545
gsm8k,65,fixed_1,Under-Drafting,1,0.0010216428199782968
gsm8k,65,fixed_1,Under-Drafting,1,0.003183049615472555
gsm8k,65,fixed_1,Under-Drafting,1,0.020144324749708176
gsm8k,65,fixed_1,Under-Drafting,1,0.003614762332290411
gsm8k,65,fixed_1,Under-Drafting,1,0.08264286816120148
gsm8k,65,fixed_1,Under-Drafting,1,0.01918570138514042
gsm8k,65,fixed_1,Under-Drafting,1,0.014122596010565758
gsm8k,65,fixed_1,Under-Drafting,1,0.041857458651065826
gsm8k,65,fixed_1,Under-Drafting,1,0.0008765400270931423
gsm8k,65,fixed_1,Under-Drafting,1,0.0015201576752588153
gsm8k,66,fixed_1,Under-Drafting,1,0.023069297894835472
gsm8k,66,fixed_1,Under-Drafting,1,0.00046226230915635824
gsm8k,66,fixed_1,Under-Drafting,1,0.19518496096134186
gsm8k,66,fixed_1,Under-Drafting,1,0.10971836745738983
gsm8k,66,fixed_1,Under-Drafting,1,0.000336030381731689
gsm8k,66,fixed_1,Under-Drafting,1,0.0005048460443504155
gsm8k,66,fixed_1,Under-Drafting,1,0.01438872516155243
gsm8k,66,fixed_1,Under-Drafting,1,0.009336182847619057
gsm8k,66,fixed_1,Under-Drafting,1,0.09585519134998322
gsm8k,66,fixed_1,Under-Drafting,1,0.015676042065024376
gsm8k,66,fixed_1,Under-Drafting,1,0.08346690982580185
gsm8k,67,fixed_1,Under-Drafting,1,0.058234259486198425
gsm8k,67,fixed_1,Under-Drafting,1,0.0016261345008388162
gsm8k,67,fixed_1,Under-Drafting,1,0.12157059460878372
gsm8k,67,fixed_1,Under-Drafting,1,0.00246924115344882
gsm8k,67,fixed_1,Under-Drafting,1,0.023882577195763588
gsm8k,67,fixed_1,Under-Drafting,1,0.16341060400009155
gsm8k,67,fixed_1,Under-Drafting,1,3.5093755286652595e-05
gsm8k,67,fixed_1,Under-Drafting,1,0.007615800015628338
gsm8k,67,fixed_1,Under-Drafting,1,0.0017202594317495823
gsm8k,67,fixed_1,Under-Drafting,1,0.05873711779713631
gsm8k,67,fixed_1,Under-Drafting,1,0.03048979677259922
gsm8k,67,fixed_1,Under-Drafting,1,0.0778440535068512
gsm8k,67,fixed_1,Under-Drafting,1,0.000356457254383713
gsm8k,67,fixed_1,Under-Drafting,1,0.0014504555147141218
gsm8k,67,fixed_1,Under-Drafting,1,0.14666637778282166
gsm8k,67,fixed_1,Under-Drafting,1,0.11789202690124512
gsm8k,67,fixed_1,Under-Drafting,1,0.03643537312746048
gsm8k,67,fixed_1,Under-Drafting,1,3.441753960942151e-06
gsm8k,67,fixed_1,Under-Drafting,1,0.0010702944127842784
gsm8k,67,fixed_1,Under-Drafting,1,0.01322164572775364
gsm8k,67,fixed_1,Under-Drafting,1,0.030049122869968414
gsm8k,67,fixed_1,Under-Drafting,1,0.00023184868041425943
gsm8k,67,fixed_1,Under-Drafting,1,0.0024880769196897745
gsm8k,67,fixed_1,Under-Drafting,1,0.04255080223083496
gsm8k,67,fixed_1,Under-Drafting,1,0.000972289009951055
gsm8k,67,fixed_1,Under-Drafting,1,9.288824367104098e-05
gsm8k,68,fixed_1,Under-Drafting,1,0.07900690287351608
gsm8k,68,fixed_1,Under-Drafting,1,5.845006853633095e-06
gsm8k,68,fixed_1,Under-Drafting,1,0.007185080088675022
gsm8k,68,fixed_1,Under-Drafting,1,0.002055330900475383
gsm8k,68,fixed_1,Under-Drafting,1,0.006714594550430775
gsm8k,68,fixed_1,Under-Drafting,1,0.0017536096274852753
gsm8k,68,fixed_1,Under-Drafting,1,0.0032521854154765606
gsm8k,68,fixed_1,Under-Drafting,1,0.00021815099171362817
gsm8k,68,fixed_1,Under-Drafting,1,0.005952466279268265
gsm8k,68,fixed_1,Under-Drafting,1,4.029288174933754e-05
gsm8k,68,fixed_1,Under-Drafting,1,0.0024374760687351227
gsm8k,68,fixed_1,Under-Drafting,1,0.16384567320346832
gsm8k,68,fixed_1,Under-Drafting,1,0.007997773587703705
gsm8k,68,fixed_1,Under-Drafting,1,0.04579451307654381
gsm8k,68,fixed_1,Under-Drafting,1,7.331277447519824e-05
gsm8k,68,fixed_1,Under-Drafting,1,0.08634139597415924
gsm8k,68,fixed_1,Under-Drafting,1,0.00010989204747602344
gsm8k,68,fixed_1,Under-Drafting,1,0.04669829457998276
gsm8k,68,fixed_1,Under-Drafting,1,0.17448201775550842
gsm8k,69,fixed_1,Under-Drafting,1,0.07796016335487366
gsm8k,69,fixed_1,Under-Drafting,1,0.04403908923268318
gsm8k,69,fixed_1,Under-Drafting,1,0.11117412149906158
gsm8k,69,fixed_1,Under-Drafting,1,0.1738758683204651
gsm8k,69,fixed_1,Under-Drafting,1,0.003073150059208274
gsm8k,69,fixed_1,Under-Drafting,1,0.000758317532017827
gsm8k,69,fixed_1,Under-Drafting,1,0.000409154687076807
gsm8k,69,fixed_1,Under-Drafting,1,0.11600817739963531
gsm8k,70,fixed_1,Under-Drafting,1,0.04294050112366676
gsm8k,70,fixed_1,Under-Drafting,1,0.023238949477672577
gsm8k,70,fixed_1,Under-Drafting,1,0.01370444055646658
gsm8k,70,fixed_1,Under-Drafting,1,0.0027049987111240625
gsm8k,70,fixed_1,Under-Drafting,1,0.15272736549377441
gsm8k,70,fixed_1,Under-Drafting,1,0.00013630237663164735
gsm8k,70,fixed_1,Under-Drafting,1,0.13067257404327393
gsm8k,70,fixed_1,Under-Drafting,1,0.16768106818199158
gsm8k,70,fixed_1,Under-Drafting,1,0.006787667982280254
gsm8k,70,fixed_1,Under-Drafting,1,0.19574712216854095
gsm8k,70,fixed_1,Under-Drafting,1,0.10859937220811844
gsm8k,70,fixed_1,Under-Drafting,1,0.0004412725393194705
gsm8k,70,fixed_1,Under-Drafting,1,0.0014273663982748985
gsm8k,70,fixed_1,Under-Drafting,1,0.041782181710004807
gsm8k,70,fixed_1,Under-Drafting,1,0.06923267990350723
gsm8k,70,fixed_1,Under-Drafting,1,0.14571619033813477
gsm8k,71,fixed_1,Under-Drafting,1,0.11113156378269196
gsm8k,71,fixed_1,Under-Drafting,1,5.241391045274213e-05
gsm8k,71,fixed_1,Under-Drafting,1,0.045307356864213943
gsm8k,71,fixed_1,Under-Drafting,1,0.16685816645622253
gsm8k,71,fixed_1,Under-Drafting,1,0.03933762386441231
gsm8k,71,fixed_1,Under-Drafting,1,0.04919033125042915
gsm8k,71,fixed_1,Under-Drafting,1,0.0022646719589829445
gsm8k,71,fixed_1,Under-Drafting,1,0.00985184870660305
gsm8k,71,fixed_1,Under-Drafting,1,0.01983320713043213
gsm8k,71,fixed_1,Under-Drafting,1,0.030292684212327003
gsm8k,71,fixed_1,Under-Drafting,1,0.08803702145814896
gsm8k,71,fixed_1,Under-Drafting,1,0.025471746921539307
gsm8k,71,fixed_1,Under-Drafting,1,0.0019451120169833302
gsm8k,71,fixed_1,Under-Drafting,1,0.0002816010091919452
gsm8k,71,fixed_1,Under-Drafting,1,0.0043999492190778255
gsm8k,71,fixed_1,Under-Drafting,1,0.00021449175255838782
gsm8k,71,fixed_1,Under-Drafting,1,0.0013310181675478816
gsm8k,71,fixed_1,Under-Drafting,1,0.09838053584098816
gsm8k,71,fixed_1,Under-Drafting,1,9.02872416190803e-05
gsm8k,72,fixed_1,Under-Drafting,1,0.03890177980065346
gsm8k,72,fixed_1,Under-Drafting,1,0.13955599069595337
gsm8k,72,fixed_1,Under-Drafting,1,0.020728005096316338
gsm8k,72,fixed_1,Under-Drafting,1,8.86677808011882e-05
gsm8k,72,fixed_1,Under-Drafting,1,0.050332047045230865
gsm8k,72,fixed_1,Under-Drafting,1,0.030888698995113373
gsm8k,72,fixed_1,Under-Drafting,1,0.003643857780843973
gsm8k,72,fixed_1,Under-Drafting,1,0.008242051117122173
gsm8k,72,fixed_1,Under-Drafting,1,0.0001872966531664133
gsm8k,72,fixed_1,Under-Drafting,1,0.0010194042697548866
gsm8k,72,fixed_1,Under-Drafting,1,0.019956694915890694
gsm8k,72,fixed_1,Under-Drafting,1,0.006102542392909527
gsm8k,72,fixed_1,Under-Drafting,1,0.00014462519902735949
gsm8k,72,fixed_1,Under-Drafting,1,0.15318933129310608
gsm8k,72,fixed_1,Under-Drafting,1,0.0007297290721908212
gsm8k,72,fixed_1,Under-Drafting,1,0.0385824590921402
gsm8k,72,fixed_1,Under-Drafting,1,0.1434282660484314
gsm8k,72,fixed_1,Under-Drafting,1,2.466744444973301e-05
gsm8k,72,fixed_1,Under-Drafting,1,0.0002706986851990223
gsm8k,73,fixed_1,Under-Drafting,1,0.19545838236808777
gsm8k,73,fixed_1,Under-Drafting,1,0.029597703367471695
gsm8k,73,fixed_1,Under-Drafting,1,0.18088141083717346
gsm8k,73,fixed_1,Under-Drafting,1,0.000967854168266058
gsm8k,73,fixed_1,Under-Drafting,1,0.00048173099639825523
gsm8k,73,fixed_1,Under-Drafting,1,0.0010913319420069456
gsm8k,73,fixed_1,Under-Drafting,1,0.13144759833812714
gsm8k,73,fixed_1,Under-Drafting,1,6.9595753302564844e-06
gsm8k,73,fixed_1,Under-Drafting,1,0.19076603651046753
gsm8k,73,fixed_1,Under-Drafting,1,0.08773007243871689
gsm8k,73,fixed_1,Under-Drafting,1,0.0003457132261246443
gsm8k,73,fixed_1,Under-Drafting,1,0.001181617844849825
gsm8k,73,fixed_1,Under-Drafting,1,6.019333522999659e-05
gsm8k,73,fixed_1,Under-Drafting,1,0.009587698616087437
gsm8k,73,fixed_1,Under-Drafting,1,0.011919029988348484
gsm8k,74,fixed_1,Under-Drafting,1,0.1279773861169815
gsm8k,74,fixed_1,Under-Drafting,1,0.18001075088977814
gsm8k,74,fixed_1,Under-Drafting,1,0.04887337237596512
gsm8k,74,fixed_1,Under-Drafting,1,0.0002937933604698628
gsm8k,74,fixed_1,Under-Drafting,1,0.019696852192282677
gsm8k,74,fixed_1,Under-Drafting,1,0.09508954733610153
gsm8k,74,fixed_1,Under-Drafting,1,0.051130279898643494
gsm8k,74,fixed_1,Under-Drafting,1,0.023607483133673668
gsm8k,74,fixed_1,Under-Drafting,1,0.0021122859325259924
gsm8k,74,fixed_1,Under-Drafting,1,0.0073100728914141655
gsm8k,74,fixed_1,Under-Drafting,1,0.0014677293365821242
gsm8k,74,fixed_1,Under-Drafting,1,4.084487591171637e-05
gsm8k,74,fixed_1,Under-Drafting,1,0.0016627834411337972
gsm8k,75,fixed_1,Under-Drafting,1,0.009226485155522823
gsm8k,75,fixed_1,Under-Drafting,1,0.07711487263441086
gsm8k,75,fixed_1,Under-Drafting,1,0.11189642548561096
gsm8k,75,fixed_1,Under-Drafting,1,0.024715503677725792
gsm8k,75,fixed_1,Under-Drafting,1,0.011183123104274273
gsm8k,75,fixed_1,Under-Drafting,1,0.04500553011894226
gsm8k,75,fixed_1,Under-Drafting,1,0.011487315408885479
gsm8k,75,fixed_1,Under-Drafting,1,0.1542346179485321
gsm8k,75,fixed_1,Under-Drafting,1,0.00040243161492981017
gsm8k,75,fixed_1,Under-Drafting,1,0.0027137689758092165
gsm8k,76,fixed_1,Under-Drafting,1,0.10726816207170486
gsm8k,76,fixed_1,Under-Drafting,1,0.02949083037674427
gsm8k,76,fixed_1,Under-Drafting,1,0.03385240584611893
gsm8k,76,fixed_1,Under-Drafting,1,0.12186858057975769
gsm8k,76,fixed_1,Under-Drafting,1,0.0026650773361325264
gsm8k,76,fixed_1,Under-Drafting,1,0.10331137478351593
gsm8k,76,fixed_1,Under-Drafting,1,0.004270636010915041
gsm8k,76,fixed_1,Under-Drafting,1,0.0006463768659159541
gsm8k,76,fixed_1,Under-Drafting,1,0.02216467075049877
gsm8k,76,fixed_1,Under-Drafting,1,0.0005538836703635752
gsm8k,76,fixed_1,Under-Drafting,1,6.675349141005427e-05
gsm8k,76,fixed_1,Under-Drafting,1,0.06352215260267258
gsm8k,77,fixed_1,Under-Drafting,1,0.020353691652417183
gsm8k,77,fixed_1,Under-Drafting,1,0.026355434209108353
gsm8k,77,fixed_1,Under-Drafting,1,0.14026176929473877
gsm8k,77,fixed_1,Under-Drafting,1,0.004788419231772423
gsm8k,77,fixed_1,Under-Drafting,1,0.013796285726130009
gsm8k,77,fixed_1,Under-Drafting,1,0.07464798539876938
gsm8k,77,fixed_1,Under-Drafting,1,0.0012591026024892926
gsm8k,77,fixed_1,Under-Drafting,1,0.15079353749752045
gsm8k,77,fixed_1,Under-Drafting,1,0.0011610598303377628
gsm8k,77,fixed_1,Under-Drafting,1,0.0044015925377607346
gsm8k,77,fixed_1,Under-Drafting,1,0.13870704174041748
gsm8k,77,fixed_1,Under-Drafting,1,0.020705334842205048
gsm8k,77,fixed_1,Under-Drafting,1,0.0008884743438102305
gsm8k,77,fixed_1,Under-Drafting,1,0.09801919758319855
gsm8k,77,fixed_1,Under-Drafting,1,0.005783479660749435
gsm8k,77,fixed_1,Under-Drafting,1,0.0005162117886357009
gsm8k,77,fixed_1,Under-Drafting,1,0.09528787434101105
gsm8k,77,fixed_1,Under-Drafting,1,0.0056377556174993515
gsm8k,78,fixed_1,Under-Drafting,1,0.18752892315387726
gsm8k,78,fixed_1,Under-Drafting,1,0.022644342854619026
gsm8k,78,fixed_1,Under-Drafting,1,0.050898727029561996
gsm8k,78,fixed_1,Under-Drafting,1,0.0034387686755508184
gsm8k,78,fixed_1,Under-Drafting,1,0.00392954284325242
gsm8k,78,fixed_1,Under-Drafting,1,0.04304709658026695
gsm8k,78,fixed_1,Under-Drafting,1,0.00044463027734309435
gsm8k,78,fixed_1,Under-Drafting,1,0.06819020211696625
gsm8k,78,fixed_1,Under-Drafting,1,0.07322975248098373
gsm8k,78,fixed_1,Under-Drafting,1,0.019292622804641724
gsm8k,78,fixed_1,Under-Drafting,1,0.005969359073787928
gsm8k,78,fixed_1,Under-Drafting,1,0.016600841656327248
gsm8k,78,fixed_1,Under-Drafting,1,0.0019873776473104954
gsm8k,79,fixed_1,Under-Drafting,1,0.19161368906497955
gsm8k,79,fixed_1,Under-Drafting,1,0.009104789234697819
gsm8k,79,fixed_1,Under-Drafting,1,0.027183303609490395
gsm8k,79,fixed_1,Under-Drafting,1,0.026010984554886818
gsm8k,79,fixed_1,Under-Drafting,1,0.021864015609025955
gsm8k,79,fixed_1,Under-Drafting,1,0.0037103251088410616
gsm8k,79,fixed_1,Under-Drafting,1,6.37087068753317e-05
gsm8k,79,fixed_1,Under-Drafting,1,0.02506916970014572
gsm8k,79,fixed_1,Under-Drafting,1,0.1917649507522583
gsm8k,79,fixed_1,Under-Drafting,1,9.226003385265358e-06
gsm8k,79,fixed_1,Under-Drafting,1,0.01427486352622509
gsm8k,79,fixed_1,Under-Drafting,1,0.0163092203438282
gsm8k,79,fixed_1,Under-Drafting,1,0.030972404405474663
gsm8k,80,fixed_1,Under-Drafting,1,0.0010380188468843699
gsm8k,80,fixed_1,Under-Drafting,1,0.0004537228087428957
gsm8k,80,fixed_1,Under-Drafting,1,0.0034607015550136566
gsm8k,80,fixed_1,Under-Drafting,1,6.852143997093663e-05
gsm8k,80,fixed_1,Under-Drafting,1,0.15326626598834991
gsm8k,80,fixed_1,Under-Drafting,1,0.012917982414364815
gsm8k,80,fixed_1,Under-Drafting,1,0.00014898632070980966
gsm8k,80,fixed_1,Under-Drafting,1,0.00590872298926115
gsm8k,80,fixed_1,Under-Drafting,1,0.02034604921936989
gsm8k,80,fixed_1,Under-Drafting,1,0.12531889975070953
gsm8k,80,fixed_1,Under-Drafting,1,0.0013700651470571756
gsm8k,80,fixed_1,Under-Drafting,1,0.0007518810452893376
gsm8k,80,fixed_1,Under-Drafting,1,0.05175800621509552
gsm8k,80,fixed_1,Under-Drafting,1,0.026232825592160225
gsm8k,80,fixed_1,Under-Drafting,1,0.020129015669226646
gsm8k,80,fixed_1,Under-Drafting,1,0.09244602918624878
gsm8k,80,fixed_1,Under-Drafting,1,0.01658831723034382
gsm8k,80,fixed_1,Under-Drafting,1,0.03200532868504524
gsm8k,81,fixed_1,Under-Drafting,1,0.00034900091122835875
gsm8k,81,fixed_1,Under-Drafting,1,0.006575337145477533
gsm8k,81,fixed_1,Under-Drafting,1,0.006776068825274706
gsm8k,81,fixed_1,Under-Drafting,1,5.22444543094025e-06
gsm8k,81,fixed_1,Under-Drafting,1,0.015412576496601105
gsm8k,81,fixed_1,Under-Drafting,1,0.00013191324251238257
gsm8k,81,fixed_1,Under-Drafting,1,0.00048438875819556415
gsm8k,81,fixed_1,Under-Drafting,1,1.8593827917356975e-06
gsm8k,81,fixed_1,Under-Drafting,1,0.03044053353369236
gsm8k,81,fixed_1,Under-Drafting,1,5.877170224266592e-06
gsm8k,81,fixed_1,Under-Drafting,1,0.0029907701537013054
gsm8k,81,fixed_1,Under-Drafting,1,6.851395301055163e-05
gsm8k,81,fixed_1,Under-Drafting,1,0.005674390587955713
gsm8k,81,fixed_1,Under-Drafting,1,2.3404178136843257e-05
gsm8k,81,fixed_1,Under-Drafting,1,0.0001727229537209496
gsm8k,81,fixed_1,Under-Drafting,1,0.044524919241666794
gsm8k,82,fixed_1,Under-Drafting,1,0.003294624388217926
gsm8k,82,fixed_1,Under-Drafting,1,0.1462581902742386
gsm8k,82,fixed_1,Under-Drafting,1,0.11780073493719101
gsm8k,82,fixed_1,Under-Drafting,1,0.001950955018401146
gsm8k,82,fixed_1,Under-Drafting,1,0.16948188841342926
gsm8k,82,fixed_1,Under-Drafting,1,0.012719733640551567
gsm8k,82,fixed_1,Under-Drafting,1,0.004892914090305567
gsm8k,82,fixed_1,Under-Drafting,1,0.03532014787197113
gsm8k,82,fixed_1,Under-Drafting,1,0.004888170398771763
gsm8k,82,fixed_1,Under-Drafting,1,1.22773417388089e-05
gsm8k,82,fixed_1,Under-Drafting,1,1.7141619537142105e-05
gsm8k,82,fixed_1,Under-Drafting,1,0.0006650043651461601
gsm8k,82,fixed_1,Under-Drafting,1,0.000930786831304431
gsm8k,82,fixed_1,Under-Drafting,1,0.02782275155186653
gsm8k,82,fixed_1,Under-Drafting,1,0.01127399131655693
gsm8k,82,fixed_1,Under-Drafting,1,4.4557946239365265e-05
gsm8k,82,fixed_1,Under-Drafting,1,0.0004268531047273427
gsm8k,82,fixed_1,Under-Drafting,1,0.0001409348624292761
gsm8k,83,fixed_1,Under-Drafting,1,0.012027016840875149
gsm8k,83,fixed_1,Under-Drafting,1,0.0002070886839646846
gsm8k,83,fixed_1,Under-Drafting,1,0.005685125477612019
gsm8k,83,fixed_1,Under-Drafting,1,0.00013800617307424545
gsm8k,83,fixed_1,Under-Drafting,1,0.1451994627714157
gsm8k,83,fixed_1,Under-Drafting,1,0.010950224474072456
gsm8k,83,fixed_1,Under-Drafting,1,0.0005763111403211951
gsm8k,83,fixed_1,Under-Drafting,1,0.00010123035463038832
gsm8k,83,fixed_1,Under-Drafting,1,0.0005289846449159086
gsm8k,83,fixed_1,Under-Drafting,1,0.10671626776456833
gsm8k,83,fixed_1,Under-Drafting,1,2.40501067310106e-05
gsm8k,83,fixed_1,Under-Drafting,1,1.0614614438964054e-05
gsm8k,83,fixed_1,Under-Drafting,1,0.00046989606926217675
gsm8k,83,fixed_1,Under-Drafting,1,0.00019774078100454062
gsm8k,83,fixed_1,Under-Drafting,1,0.005347053520381451
gsm8k,83,fixed_1,Under-Drafting,1,0.016423901543021202
gsm8k,83,fixed_1,Under-Drafting,1,0.00012536245048977435
gsm8k,83,fixed_1,Under-Drafting,1,0.004150717053562403
gsm8k,83,fixed_1,Under-Drafting,1,0.02825934812426567
gsm8k,83,fixed_1,Under-Drafting,1,0.0023018899373710155
gsm8k,84,fixed_1,Under-Drafting,1,0.0006666324334219098
gsm8k,84,fixed_1,Under-Drafting,1,0.03496512398123741
gsm8k,84,fixed_1,Under-Drafting,1,0.0025138892233371735
gsm8k,84,fixed_1,Under-Drafting,1,0.04039610177278519
gsm8k,84,fixed_1,Under-Drafting,1,9.69165048445575e-05
gsm8k,84,fixed_1,Under-Drafting,1,8.45282047521323e-05
gsm8k,84,fixed_1,Under-Drafting,1,0.0010410122340545058
gsm8k,84,fixed_1,Under-Drafting,1,0.0005114455125294626
gsm8k,84,fixed_1,Under-Drafting,1,0.11808256804943085
gsm8k,84,fixed_1,Under-Drafting,1,0.03880392760038376
gsm8k,84,fixed_1,Under-Drafting,1,2.4754592232056893e-05
gsm8k,84,fixed_1,Under-Drafting,1,0.002008881652727723
gsm8k,84,fixed_1,Under-Drafting,1,0.025860723108053207
gsm8k,84,fixed_1,Under-Drafting,1,0.028218533843755722
gsm8k,84,fixed_1,Under-Drafting,1,0.0020643731113523245
gsm8k,84,fixed_1,Under-Drafting,1,0.06467822194099426
gsm8k,84,fixed_1,Under-Drafting,1,3.84027480322402e-05
gsm8k,84,fixed_1,Under-Drafting,1,0.03695013374090195
gsm8k,84,fixed_1,Under-Drafting,1,0.036424294114112854
gsm8k,85,fixed_1,Under-Drafting,1,0.003951627295464277
gsm8k,85,fixed_1,Under-Drafting,1,0.13012510538101196
gsm8k,85,fixed_1,Under-Drafting,1,0.0020803555380553007
gsm8k,85,fixed_1,Under-Drafting,1,0.0022916109301149845
gsm8k,85,fixed_1,Under-Drafting,1,8.779719064477831e-05
gsm8k,85,fixed_1,Under-Drafting,1,7.006303349044174e-05
gsm8k,85,fixed_1,Under-Drafting,1,0.0004762891912832856
gsm8k,85,fixed_1,Under-Drafting,1,0.16767413914203644
gsm8k,85,fixed_1,Under-Drafting,1,1.2174306903034449e-05
gsm8k,85,fixed_1,Under-Drafting,1,0.0064580608159303665
gsm8k,85,fixed_1,Under-Drafting,1,0.01052278745919466
gsm8k,85,fixed_1,Under-Drafting,1,0.01074165664613247
gsm8k,85,fixed_1,Under-Drafting,1,0.0008145613828673959
gsm8k,85,fixed_1,Under-Drafting,1,2.284777110617142e-06
gsm8k,85,fixed_1,Under-Drafting,1,0.009684910997748375
gsm8k,86,fixed_1,Under-Drafting,1,0.0038992264308035374
gsm8k,86,fixed_1,Under-Drafting,1,0.009230157360434532
gsm8k,86,fixed_1,Under-Drafting,1,0.00018182593339588493
gsm8k,86,fixed_1,Under-Drafting,1,0.05735389143228531
gsm8k,86,fixed_1,Under-Drafting,1,0.1688818782567978
gsm8k,86,fixed_1,Under-Drafting,1,0.13688579201698303
gsm8k,86,fixed_1,Under-Drafting,1,0.0012344788992777467
gsm8k,86,fixed_1,Under-Drafting,1,0.1020197719335556
gsm8k,86,fixed_1,Under-Drafting,1,0.1198543831706047
gsm8k,86,fixed_1,Under-Drafting,1,0.16646192967891693
gsm8k,86,fixed_1,Under-Drafting,1,0.015482133254408836
gsm8k,86,fixed_1,Under-Drafting,1,0.026340428739786148
gsm8k,86,fixed_1,Under-Drafting,1,0.00040209738654084504
gsm8k,86,fixed_1,Under-Drafting,1,0.0002181982999900356
gsm8k,86,fixed_1,Under-Drafting,1,0.019231874495744705
gsm8k,86,fixed_1,Under-Drafting,1,0.049830079078674316
gsm8k,86,fixed_1,Under-Drafting,1,0.00048157700803130865
gsm8k,86,fixed_1,Under-Drafting,1,0.0025333110243082047
gsm8k,86,fixed_1,Under-Drafting,1,0.004902169574052095
gsm8k,86,fixed_1,Under-Drafting,1,0.15745189785957336
gsm8k,87,fixed_1,Under-Drafting,1,0.15810759365558624
gsm8k,87,fixed_1,Under-Drafting,1,0.0042271786369383335
gsm8k,87,fixed_1,Under-Drafting,1,0.004403657745569944
gsm8k,87,fixed_1,Under-Drafting,1,0.0015292800962924957
gsm8k,87,fixed_1,Under-Drafting,1,0.009183457121253014
gsm8k,87,fixed_1,Under-Drafting,1,0.0012995963916182518
gsm8k,87,fixed_1,Under-Drafting,1,0.009168640710413456
gsm8k,87,fixed_1,Under-Drafting,1,0.00015236287435982376
gsm8k,87,fixed_1,Under-Drafting,1,0.0013896950986236334
gsm8k,87,fixed_1,Under-Drafting,1,7.055992318782955e-05
gsm8k,87,fixed_1,Under-Drafting,1,5.477086233440787e-06
gsm8k,87,fixed_1,Under-Drafting,1,0.010910583660006523
gsm8k,87,fixed_1,Under-Drafting,1,0.06839971989393234
gsm8k,87,fixed_1,Under-Drafting,1,0.1865006536245346
gsm8k,87,fixed_1,Under-Drafting,1,3.5005690733669326e-05
gsm8k,87,fixed_1,Under-Drafting,1,0.08735869824886322
gsm8k,87,fixed_1,Under-Drafting,1,0.009648080915212631
gsm8k,87,fixed_1,Under-Drafting,1,0.053515564650297165
gsm8k,87,fixed_1,Under-Drafting,1,0.05493563413619995
gsm8k,88,fixed_1,Under-Drafting,1,0.006728020962327719
gsm8k,88,fixed_1,Under-Drafting,1,0.0020446775015443563
gsm8k,88,fixed_1,Under-Drafting,1,0.17020440101623535
gsm8k,88,fixed_1,Under-Drafting,1,0.11800259351730347
gsm8k,88,fixed_1,Under-Drafting,1,0.014240809716284275
gsm8k,88,fixed_1,Under-Drafting,1,0.0014137467369437218
gsm8k,88,fixed_1,Under-Drafting,1,0.0425124317407608
gsm8k,88,fixed_1,Under-Drafting,1,0.012620548717677593
gsm8k,88,fixed_1,Under-Drafting,1,0.00029160481062717736
gsm8k,88,fixed_1,Under-Drafting,1,0.0004582016554195434
gsm8k,88,fixed_1,Under-Drafting,1,0.1701974719762802
gsm8k,88,fixed_1,Under-Drafting,1,0.057255376130342484
gsm8k,88,fixed_1,Under-Drafting,1,0.010186612606048584
gsm8k,88,fixed_1,Under-Drafting,1,0.03165638446807861
gsm8k,88,fixed_1,Under-Drafting,1,0.004944576881825924
gsm8k,88,fixed_1,Under-Drafting,1,0.00020490333554334939
gsm8k,88,fixed_1,Under-Drafting,1,0.08509069681167603
gsm8k,88,fixed_1,Under-Drafting,1,0.0003716695064213127
gsm8k,88,fixed_1,Under-Drafting,1,0.0033146513160318136
gsm8k,89,fixed_1,Under-Drafting,1,0.00978043768554926
gsm8k,89,fixed_1,Under-Drafting,1,0.0007135018822737038
gsm8k,89,fixed_1,Under-Drafting,1,0.0034601250663399696
gsm8k,89,fixed_1,Under-Drafting,1,9.13783151190728e-05
gsm8k,89,fixed_1,Under-Drafting,1,0.0034472434781491756
gsm8k,89,fixed_1,Under-Drafting,1,0.02279343083500862
gsm8k,89,fixed_1,Under-Drafting,1,8.219545270549133e-05
gsm8k,89,fixed_1,Under-Drafting,1,0.003373968880623579
gsm8k,89,fixed_1,Under-Drafting,1,6.00358498559217e-06
gsm8k,89,fixed_1,Under-Drafting,1,0.013348398730158806
gsm8k,89,fixed_1,Under-Drafting,1,0.11139706522226334
gsm8k,89,fixed_1,Under-Drafting,1,0.06702512502670288
gsm8k,89,fixed_1,Under-Drafting,1,0.0033589210361242294
gsm8k,89,fixed_1,Under-Drafting,1,0.00048819591756910086
gsm8k,89,fixed_1,Under-Drafting,1,9.608951222617179e-05
gsm8k,89,fixed_1,Under-Drafting,1,0.01977919600903988
gsm8k,89,fixed_1,Under-Drafting,1,0.00038357116864062846
gsm8k,89,fixed_1,Under-Drafting,1,0.03387543931603432
gsm8k,90,fixed_1,Under-Drafting,1,0.007749201729893684
gsm8k,90,fixed_1,Under-Drafting,1,0.025432312861084938
gsm8k,90,fixed_1,Under-Drafting,1,0.09806590527296066
gsm8k,90,fixed_1,Under-Drafting,1,0.07295681536197662
gsm8k,90,fixed_1,Under-Drafting,1,0.048312678933143616
gsm8k,90,fixed_1,Under-Drafting,1,0.17429900169372559
gsm8k,90,fixed_1,Under-Drafting,1,0.00022726554016117007
gsm8k,90,fixed_1,Under-Drafting,1,0.07115858793258667
gsm8k,90,fixed_1,Under-Drafting,1,0.05292816087603569
gsm8k,90,fixed_1,Under-Drafting,1,0.027831653133034706
gsm8k,90,fixed_1,Under-Drafting,1,0.00028151299920864403
gsm8k,90,fixed_1,Under-Drafting,1,0.003849185071885586
gsm8k,90,fixed_1,Under-Drafting,1,0.05602230131626129
gsm8k,90,fixed_1,Under-Drafting,1,0.01268609706312418
gsm8k,90,fixed_1,Under-Drafting,1,0.007357506547123194
gsm8k,90,fixed_1,Under-Drafting,1,0.00015161401825025678
gsm8k,90,fixed_1,Under-Drafting,1,0.06391898542642593
gsm8k,90,fixed_1,Under-Drafting,1,0.0038050003349781036
gsm8k,91,fixed_1,Under-Drafting,1,0.027992213144898415
gsm8k,91,fixed_1,Under-Drafting,1,2.2663860363536514e-05
gsm8k,91,fixed_1,Under-Drafting,1,0.030862843617796898
gsm8k,91,fixed_1,Under-Drafting,1,0.0004120210651308298
gsm8k,91,fixed_1,Under-Drafting,1,0.00045972628868184984
gsm8k,91,fixed_1,Under-Drafting,1,0.0056207613088190556
gsm8k,91,fixed_1,Under-Drafting,1,0.12246739119291306
gsm8k,91,fixed_1,Under-Drafting,1,7.488684786949307e-05
gsm8k,91,fixed_1,Under-Drafting,1,0.015349551104009151
gsm8k,91,fixed_1,Under-Drafting,1,0.00012490506924223155
gsm8k,91,fixed_1,Under-Drafting,1,3.092574843321927e-05
gsm8k,91,fixed_1,Under-Drafting,1,0.12842950224876404
gsm8k,91,fixed_1,Under-Drafting,1,8.103815343929455e-05
gsm8k,91,fixed_1,Under-Drafting,1,0.000569382100366056
gsm8k,91,fixed_1,Under-Drafting,1,0.0002128767955582589
gsm8k,91,fixed_1,Under-Drafting,1,0.030525844544172287
gsm8k,91,fixed_1,Under-Drafting,1,2.433867393847322e-06
gsm8k,91,fixed_1,Under-Drafting,1,0.031052378937602043
gsm8k,91,fixed_1,Under-Drafting,1,0.005171049851924181
gsm8k,91,fixed_1,Under-Drafting,1,0.0011723670177161694
gsm8k,91,fixed_1,Under-Drafting,1,0.05251731723546982
gsm8k,92,fixed_1,Under-Drafting,1,0.03748752921819687
gsm8k,92,fixed_1,Under-Drafting,1,0.08726061880588531
gsm8k,92,fixed_1,Under-Drafting,1,0.0018714722245931625
gsm8k,92,fixed_1,Under-Drafting,1,0.014003113843500614
gsm8k,92,fixed_1,Under-Drafting,1,0.03700202330946922
gsm8k,92,fixed_1,Under-Drafting,1,0.005481281317770481
gsm8k,92,fixed_1,Under-Drafting,1,0.1812770515680313
gsm8k,92,fixed_1,Under-Drafting,1,0.08523508906364441
gsm8k,92,fixed_1,Under-Drafting,1,0.03200250118970871
gsm8k,92,fixed_1,Under-Drafting,1,0.001164120971225202
gsm8k,92,fixed_1,Under-Drafting,1,0.003921386320143938
gsm8k,92,fixed_1,Under-Drafting,1,0.046563874930143356
gsm8k,92,fixed_1,Under-Drafting,1,0.008318689651787281
gsm8k,92,fixed_1,Under-Drafting,1,0.001076310989446938
gsm8k,92,fixed_1,Under-Drafting,1,0.012453273870050907
gsm8k,92,fixed_1,Under-Drafting,1,0.00042729172855615616
gsm8k,92,fixed_1,Under-Drafting,1,0.0005206257337704301
gsm8k,92,fixed_1,Under-Drafting,1,0.004811649210751057
gsm8k,92,fixed_1,Under-Drafting,1,0.0011061271652579308
gsm8k,92,fixed_1,Under-Drafting,1,0.00028923756326548755
gsm8k,92,fixed_1,Under-Drafting,1,0.011391469277441502
gsm8k,93,fixed_1,Under-Drafting,1,0.011607483960688114
gsm8k,93,fixed_1,Under-Drafting,1,0.03276572749018669
gsm8k,93,fixed_1,Under-Drafting,1,0.018275462090969086
gsm8k,93,fixed_1,Under-Drafting,1,0.1883234977722168
gsm8k,93,fixed_1,Under-Drafting,1,0.0019576495978981256
gsm8k,93,fixed_1,Under-Drafting,1,0.19579334557056427
gsm8k,93,fixed_1,Under-Drafting,1,0.006927988491952419
gsm8k,93,fixed_1,Under-Drafting,1,0.0005662969197146595
gsm8k,93,fixed_1,Under-Drafting,1,0.14183905720710754
gsm8k,93,fixed_1,Under-Drafting,1,0.08277329057455063
gsm8k,93,fixed_1,Under-Drafting,1,0.02013608254492283
gsm8k,93,fixed_1,Under-Drafting,1,0.004579657688736916
gsm8k,93,fixed_1,Under-Drafting,1,0.03366989269852638
gsm8k,93,fixed_1,Under-Drafting,1,0.02392096444964409
gsm8k,94,fixed_1,Under-Drafting,1,0.008758285082876682
gsm8k,94,fixed_1,Under-Drafting,1,0.002611050847917795
gsm8k,94,fixed_1,Under-Drafting,1,0.003135024569928646
gsm8k,94,fixed_1,Under-Drafting,1,0.026141498237848282
gsm8k,94,fixed_1,Under-Drafting,1,0.002147205639630556
gsm8k,94,fixed_1,Under-Drafting,1,0.09773572534322739
gsm8k,94,fixed_1,Under-Drafting,1,0.08958558738231659
gsm8k,94,fixed_1,Under-Drafting,1,0.032535821199417114
gsm8k,95,fixed_1,Under-Drafting,1,0.12219326198101044
gsm8k,95,fixed_1,Under-Drafting,1,0.011930267326533794
gsm8k,95,fixed_1,Under-Drafting,1,0.0021581866312772036
gsm8k,95,fixed_1,Under-Drafting,1,0.0004507011326495558
gsm8k,95,fixed_1,Under-Drafting,1,0.1964094340801239
gsm8k,95,fixed_1,Under-Drafting,1,0.009054812602698803
gsm8k,95,fixed_1,Under-Drafting,1,0.0010944425594061613
gsm8k,95,fixed_1,Under-Drafting,1,0.019128749147057533
gsm8k,95,fixed_1,Under-Drafting,1,1.4475439229499898e-06
gsm8k,95,fixed_1,Under-Drafting,1,0.04867802932858467
gsm8k,95,fixed_1,Under-Drafting,1,0.022259654477238655
gsm8k,95,fixed_1,Under-Drafting,1,0.1468268632888794
gsm8k,95,fixed_1,Under-Drafting,1,0.03127654641866684
gsm8k,95,fixed_1,Under-Drafting,1,0.007480903062969446
gsm8k,95,fixed_1,Under-Drafting,1,0.0005396385095082223
gsm8k,95,fixed_1,Under-Drafting,1,0.001174810458905995
gsm8k,95,fixed_1,Under-Drafting,1,7.239847036544234e-05
gsm8k,95,fixed_1,Under-Drafting,1,0.0009406807366758585
gsm8k,95,fixed_1,Under-Drafting,1,0.004474160261452198
gsm8k,95,fixed_1,Under-Drafting,1,0.0004834114806726575
gsm8k,96,fixed_1,Under-Drafting,1,0.02791016176342964
gsm8k,96,fixed_1,Under-Drafting,1,0.0007596143404953182
gsm8k,96,fixed_1,Under-Drafting,1,0.04456569254398346
gsm8k,96,fixed_1,Under-Drafting,1,0.009957588277757168
gsm8k,96,fixed_1,Under-Drafting,1,0.14247386157512665
gsm8k,96,fixed_1,Under-Drafting,1,0.00039715133607387543
gsm8k,96,fixed_1,Under-Drafting,1,0.034677788615226746
gsm8k,96,fixed_1,Under-Drafting,1,0.002815169282257557
gsm8k,96,fixed_1,Under-Drafting,1,0.0003888538631144911
gsm8k,96,fixed_1,Under-Drafting,1,0.00011635808186838403
gsm8k,96,fixed_1,Under-Drafting,1,3.8148318708408624e-05
gsm8k,96,fixed_1,Under-Drafting,1,0.14919839799404144
gsm8k,96,fixed_1,Under-Drafting,1,2.5981593353208154e-05
gsm8k,96,fixed_1,Under-Drafting,1,0.001965477829799056
gsm8k,96,fixed_1,Under-Drafting,1,0.005725271068513393
gsm8k,96,fixed_1,Under-Drafting,1,0.00017137356917373836
gsm8k,96,fixed_1,Under-Drafting,1,0.006384745705872774
gsm8k,96,fixed_1,Under-Drafting,1,0.06668588519096375
gsm8k,96,fixed_1,Under-Drafting,1,0.09488251805305481
gsm8k,96,fixed_1,Under-Drafting,1,0.0013356884010136127
gsm8k,96,fixed_1,Under-Drafting,1,0.17937277257442474
gsm8k,96,fixed_1,Under-Drafting,1,0.00047442366485483944
gsm8k,96,fixed_1,Under-Drafting,1,0.0007606808794662356
gsm8k,97,fixed_1,Under-Drafting,1,0.07894473522901535
gsm8k,97,fixed_1,Under-Drafting,1,0.0005313974688760936
gsm8k,97,fixed_1,Under-Drafting,1,0.18720930814743042
gsm8k,97,fixed_1,Under-Drafting,1,0.018730904906988144
gsm8k,97,fixed_1,Under-Drafting,1,0.010757965967059135
gsm8k,97,fixed_1,Under-Drafting,1,0.0025690242182463408
gsm8k,97,fixed_1,Under-Drafting,1,0.0010106554254889488
gsm8k,97,fixed_1,Under-Drafting,1,0.1313382089138031
gsm8k,97,fixed_1,Under-Drafting,1,0.006179830525070429
gsm8k,97,fixed_1,Under-Drafting,1,0.00029027872369624674
gsm8k,97,fixed_1,Under-Drafting,1,0.002000959822908044
gsm8k,97,fixed_1,Under-Drafting,1,0.16709886491298676
gsm8k,97,fixed_1,Under-Drafting,1,0.06113840267062187
gsm8k,97,fixed_1,Under-Drafting,1,0.1831180453300476
gsm8k,98,fixed_1,Under-Drafting,1,0.13107255101203918
gsm8k,98,fixed_1,Under-Drafting,1,0.049482543021440506
gsm8k,98,fixed_1,Under-Drafting,1,0.0018602355848997831
gsm8k,98,fixed_1,Under-Drafting,1,0.0014057925436645746
gsm8k,98,fixed_1,Under-Drafting,1,0.025431694462895393
gsm8k,98,fixed_1,Under-Drafting,1,0.006171566434204578
gsm8k,98,fixed_1,Under-Drafting,1,0.009285764768719673
gsm8k,98,fixed_1,Under-Drafting,1,0.0007688009645789862
gsm8k,98,fixed_1,Under-Drafting,1,0.005963027942925692
gsm8k,98,fixed_1,Under-Drafting,1,0.0008260781760327518
gsm8k,98,fixed_1,Under-Drafting,1,0.04060221463441849
gsm8k,98,fixed_1,Under-Drafting,1,0.004301698412746191
gsm8k,98,fixed_1,Under-Drafting,1,0.0010193580528721213
gsm8k,98,fixed_1,Under-Drafting,1,0.10595522820949554
gsm8k,98,fixed_1,Under-Drafting,1,0.18541204929351807
gsm8k,98,fixed_1,Under-Drafting,1,0.12805499136447906
gsm8k,98,fixed_1,Under-Drafting,1,0.041755400598049164
gsm8k,98,fixed_1,Under-Drafting,1,0.0018649845151230693
gsm8k,99,fixed_1,Under-Drafting,1,0.0011932612396776676
gsm8k,99,fixed_1,Under-Drafting,1,0.0004778977017849684
gsm8k,99,fixed_1,Under-Drafting,1,0.10458928346633911
gsm8k,99,fixed_1,Under-Drafting,1,0.0021180366165935993
gsm8k,99,fixed_1,Under-Drafting,1,0.0015909005887806416
gsm8k,99,fixed_1,Under-Drafting,1,2.9556529625551775e-05
gsm8k,99,fixed_1,Under-Drafting,1,0.00034139747731387615
gsm8k,99,fixed_1,Under-Drafting,1,0.03099924884736538
gsm8k,99,fixed_1,Under-Drafting,1,0.023295613005757332
gsm8k,99,fixed_1,Under-Drafting,1,0.002274517435580492
gsm8k,99,fixed_1,Under-Drafting,1,0.0003203133528586477
gsm8k,99,fixed_1,Under-Drafting,1,0.0007502243388444185
gsm8k,99,fixed_1,Under-Drafting,1,0.16645076870918274
gsm8k,99,fixed_1,Under-Drafting,1,0.06172247231006622
gsm8k,99,fixed_1,Under-Drafting,1,0.0005186625057831407
gsm8k,99,fixed_1,Under-Drafting,1,0.02652861922979355
gsm8k,99,fixed_1,Under-Drafting,1,0.15826036036014557
gsm8k,99,fixed_1,Under-Drafting,1,0.19165289402008057
gsm8k,100,fixed_1,Under-Drafting,1,2.7372567274142057e-05
gsm8k,100,fixed_1,Under-Drafting,1,0.0980885773897171
gsm8k,100,fixed_1,Under-Drafting,1,0.15324407815933228
gsm8k,100,fixed_1,Under-Drafting,1,0.015661630779504776
gsm8k,100,fixed_1,Under-Drafting,1,0.004818054381757975
gsm8k,100,fixed_1,Under-Drafting,1,0.048437055200338364
gsm8k,100,fixed_1,Under-Drafting,1,0.0019399425946176052
gsm8k,100,fixed_1,Under-Drafting,1,0.00012169744150014594
gsm8k,100,fixed_1,Under-Drafting,1,0.09114577621221542
gsm8k,100,fixed_1,Under-Drafting,1,0.08382607251405716
gsm8k,100,fixed_1,Under-Drafting,1,0.01028995867818594
gsm8k,100,fixed_1,Under-Drafting,1,0.08358059078454971
gsm8k,100,fixed_1,Under-Drafting,1,0.0005144214956089854
gsm8k,100,fixed_1,Under-Drafting,1,0.04203279688954353
gsm8k,100,fixed_1,Under-Drafting,1,0.14900724589824677
gsm8k,101,fixed_1,Under-Drafting,1,0.014573127031326294
gsm8k,101,fixed_1,Under-Drafting,1,0.0035065393894910812
gsm8k,101,fixed_1,Under-Drafting,1,0.03814339265227318
gsm8k,101,fixed_1,Under-Drafting,1,0.0037309969775378704
gsm8k,101,fixed_1,Under-Drafting,1,0.18082349002361298
gsm8k,101,fixed_1,Under-Drafting,1,0.006165733095258474
gsm8k,101,fixed_1,Under-Drafting,1,6.93517504259944e-05
gsm8k,101,fixed_1,Under-Drafting,1,0.09158168733119965
gsm8k,101,fixed_1,Under-Drafting,1,0.09757345914840698
gsm8k,101,fixed_1,Under-Drafting,1,0.005982390604913235
gsm8k,101,fixed_1,Under-Drafting,1,0.011704286560416222
gsm8k,101,fixed_1,Under-Drafting,1,0.0005858113872818649
gsm8k,101,fixed_1,Under-Drafting,1,0.08778144419193268
gsm8k,101,fixed_1,Under-Drafting,1,0.005603781435638666
gsm8k,101,fixed_1,Under-Drafting,1,0.005409113131463528
gsm8k,101,fixed_1,Under-Drafting,1,0.0013276053359732032
gsm8k,101,fixed_1,Under-Drafting,1,8.426236308878288e-05
gsm8k,101,fixed_1,Under-Drafting,1,0.03171445056796074
gsm8k,101,fixed_1,Under-Drafting,1,0.0031532414723187685
gsm8k,102,fixed_1,Under-Drafting,1,0.011773589998483658
gsm8k,102,fixed_1,Under-Drafting,1,0.0017042742110788822
gsm8k,102,fixed_1,Under-Drafting,1,0.008249972015619278
gsm8k,102,fixed_1,Under-Drafting,1,0.011030709370970726
gsm8k,102,fixed_1,Under-Drafting,1,0.003732134122401476
gsm8k,102,fixed_1,Under-Drafting,1,0.0013610190944746137
gsm8k,102,fixed_1,Under-Drafting,1,0.10768654197454453
gsm8k,102,fixed_1,Under-Drafting,1,0.0013553089229390025
gsm8k,102,fixed_1,Under-Drafting,1,0.11351773142814636
gsm8k,102,fixed_1,Under-Drafting,1,0.015927856788039207
gsm8k,102,fixed_1,Under-Drafting,1,0.022440152242779732
gsm8k,102,fixed_1,Under-Drafting,1,0.025846071541309357
gsm8k,102,fixed_1,Under-Drafting,1,0.014028633944690228
gsm8k,102,fixed_1,Under-Drafting,1,0.0004636431112885475
gsm8k,102,fixed_1,Under-Drafting,1,0.0016647606389597058
gsm8k,102,fixed_1,Under-Drafting,1,0.0025202748365700245
gsm8k,102,fixed_1,Under-Drafting,1,0.0778052806854248
gsm8k,103,fixed_1,Under-Drafting,1,0.013632670976221561
gsm8k,103,fixed_1,Under-Drafting,1,0.0011742745991796255
gsm8k,103,fixed_1,Under-Drafting,1,0.08019142597913742
gsm8k,103,fixed_1,Under-Drafting,1,0.04821530357003212
gsm8k,103,fixed_1,Under-Drafting,1,0.14007209241390228
gsm8k,103,fixed_1,Under-Drafting,1,0.0032103362027555704
gsm8k,103,fixed_1,Under-Drafting,1,0.0026505235582590103
gsm8k,103,fixed_1,Under-Drafting,1,0.03462817147374153
gsm8k,103,fixed_1,Under-Drafting,1,0.012374551966786385
gsm8k,103,fixed_1,Under-Drafting,1,0.0005084596923552454
gsm8k,103,fixed_1,Under-Drafting,1,0.026890765875577927
gsm8k,103,fixed_1,Under-Drafting,1,0.060223501175642014
gsm8k,103,fixed_1,Under-Drafting,1,0.0842222049832344
gsm8k,103,fixed_1,Under-Drafting,1,0.06780844181776047
gsm8k,103,fixed_1,Under-Drafting,1,6.53568931738846e-05
gsm8k,103,fixed_1,Under-Drafting,1,0.00041640622657723725
gsm8k,103,fixed_1,Under-Drafting,1,5.9136131312698126e-05
gsm8k,104,fixed_1,Under-Drafting,1,0.03378019109368324
gsm8k,104,fixed_1,Under-Drafting,1,0.01779540255665779
gsm8k,104,fixed_1,Under-Drafting,1,0.00962376594543457
gsm8k,104,fixed_1,Under-Drafting,1,0.1800485998392105
gsm8k,104,fixed_1,Under-Drafting,1,0.012936204671859741
gsm8k,104,fixed_1,Under-Drafting,1,0.0009122518822550774
gsm8k,104,fixed_1,Under-Drafting,1,2.2187796275829896e-05
gsm8k,104,fixed_1,Under-Drafting,1,0.015491527505218983
gsm8k,104,fixed_1,Under-Drafting,1,5.0429400289431214e-05
gsm8k,104,fixed_1,Under-Drafting,1,0.0024074483662843704
gsm8k,104,fixed_1,Under-Drafting,1,0.13483048975467682
gsm8k,104,fixed_1,Under-Drafting,1,6.271751317399321e-06
gsm8k,104,fixed_1,Under-Drafting,1,0.18806566298007965
gsm8k,104,fixed_1,Under-Drafting,1,0.0005973506486043334
gsm8k,104,fixed_1,Under-Drafting,1,0.08530101180076599
gsm8k,104,fixed_1,Under-Drafting,1,0.00016267345927190036
gsm8k,105,fixed_1,Under-Drafting,1,0.19335775077342987
gsm8k,105,fixed_1,Under-Drafting,1,0.0019727202598005533
gsm8k,105,fixed_1,Under-Drafting,1,0.15236251056194305
gsm8k,105,fixed_1,Under-Drafting,1,0.0026945271529257298
gsm8k,105,fixed_1,Under-Drafting,1,0.07569273561239243
gsm8k,105,fixed_1,Under-Drafting,1,0.010894265957176685
gsm8k,105,fixed_1,Under-Drafting,1,0.006679628510028124
gsm8k,105,fixed_1,Under-Drafting,1,0.0055865757167339325
gsm8k,105,fixed_1,Under-Drafting,1,0.18092627823352814
gsm8k,105,fixed_1,Under-Drafting,1,0.002105731749907136
gsm8k,105,fixed_1,Under-Drafting,1,0.008257870562374592
gsm8k,105,fixed_1,Under-Drafting,1,0.0014692717231810093
gsm8k,105,fixed_1,Under-Drafting,1,0.02992928773164749
gsm8k,105,fixed_1,Under-Drafting,1,0.0020873923785984516
gsm8k,105,fixed_1,Under-Drafting,1,0.009892575442790985
gsm8k,105,fixed_1,Under-Drafting,1,0.022023634985089302
gsm8k,105,fixed_1,Under-Drafting,1,0.1523047536611557
gsm8k,105,fixed_1,Under-Drafting,1,0.0009844255400821567
gsm8k,105,fixed_1,Under-Drafting,1,0.0026596307288855314
gsm8k,105,fixed_1,Under-Drafting,1,0.037820979952812195
gsm8k,105,fixed_1,Under-Drafting,1,0.0038750534877181053
gsm8k,106,fixed_1,Under-Drafting,1,0.0016560141230002046
gsm8k,106,fixed_1,Under-Drafting,1,0.017461538314819336
gsm8k,106,fixed_1,Under-Drafting,1,0.19035574793815613
gsm8k,106,fixed_1,Under-Drafting,1,0.004185445606708527
gsm8k,106,fixed_1,Under-Drafting,1,0.011915811337530613
gsm8k,106,fixed_1,Under-Drafting,1,0.13081447780132294
gsm8k,106,fixed_1,Under-Drafting,1,0.08615964651107788
gsm8k,106,fixed_1,Under-Drafting,1,0.012951004318892956
gsm8k,106,fixed_1,Under-Drafting,1,0.13544242084026337
gsm8k,106,fixed_1,Under-Drafting,1,0.0731416791677475
gsm8k,106,fixed_1,Under-Drafting,1,0.00038837178726680577
gsm8k,106,fixed_1,Under-Drafting,1,0.12882623076438904
gsm8k,106,fixed_1,Under-Drafting,1,0.024582484737038612
gsm8k,106,fixed_1,Under-Drafting,1,0.010328959673643112
gsm8k,106,fixed_1,Under-Drafting,1,0.0005195146659389138
gsm8k,106,fixed_1,Under-Drafting,1,0.07878026366233826
gsm8k,107,fixed_1,Under-Drafting,1,0.0014188329223543406
gsm8k,107,fixed_1,Under-Drafting,1,0.0005718605825677514
gsm8k,107,fixed_1,Under-Drafting,1,0.005054823588579893
gsm8k,107,fixed_1,Under-Drafting,1,0.003368654754012823
gsm8k,107,fixed_1,Under-Drafting,1,0.006524455267935991
gsm8k,107,fixed_1,Under-Drafting,1,0.0825708657503128
gsm8k,107,fixed_1,Under-Drafting,1,0.09609945118427277
gsm8k,107,fixed_1,Under-Drafting,1,0.0010260037379339337
gsm8k,108,fixed_1,Under-Drafting,1,0.01210846472531557
gsm8k,108,fixed_1,Under-Drafting,1,0.006244918797165155
gsm8k,108,fixed_1,Under-Drafting,1,0.0009043939062394202
gsm8k,108,fixed_1,Under-Drafting,1,0.0012432022485882044
gsm8k,108,fixed_1,Under-Drafting,1,0.007096471264958382
gsm8k,108,fixed_1,Under-Drafting,1,0.08713576197624207
gsm8k,108,fixed_1,Under-Drafting,1,0.035606976598501205
gsm8k,108,fixed_1,Under-Drafting,1,0.03263995423913002
gsm8k,108,fixed_1,Under-Drafting,1,0.038633793592453
gsm8k,108,fixed_1,Under-Drafting,1,0.05025850608944893
gsm8k,108,fixed_1,Under-Drafting,1,0.0011875682976096869
gsm8k,108,fixed_1,Under-Drafting,1,0.0004113060422241688
gsm8k,108,fixed_1,Under-Drafting,1,0.006303628906607628
gsm8k,108,fixed_1,Under-Drafting,1,0.028748009353876114
gsm8k,108,fixed_1,Under-Drafting,1,0.017890745773911476
gsm8k,108,fixed_1,Under-Drafting,1,0.06426740437746048
gsm8k,109,fixed_1,Under-Drafting,1,0.017808716744184494
gsm8k,109,fixed_1,Under-Drafting,1,0.0029208294581621885
gsm8k,109,fixed_1,Under-Drafting,1,0.09584058821201324
gsm8k,109,fixed_1,Under-Drafting,1,0.0006121807964518666
gsm8k,109,fixed_1,Under-Drafting,1,0.0022499023471027613
gsm8k,109,fixed_1,Under-Drafting,1,0.005633912514895201
gsm8k,109,fixed_1,Under-Drafting,1,0.02493816614151001
gsm8k,109,fixed_1,Under-Drafting,1,0.0007321281009353697
gsm8k,109,fixed_1,Under-Drafting,1,0.0009284994448535144
gsm8k,109,fixed_1,Under-Drafting,1,0.0003618104674387723
gsm8k,109,fixed_1,Under-Drafting,1,0.015879889950156212
gsm8k,109,fixed_1,Under-Drafting,1,0.005177088547497988
gsm8k,109,fixed_1,Under-Drafting,1,0.010404814034700394
gsm8k,109,fixed_1,Under-Drafting,1,0.01341919507831335
gsm8k,109,fixed_1,Under-Drafting,1,0.0008633129764348269
gsm8k,110,fixed_1,Under-Drafting,1,0.002393625443801284
gsm8k,110,fixed_1,Under-Drafting,1,0.03695778176188469
gsm8k,110,fixed_1,Under-Drafting,1,0.01315555814653635
gsm8k,110,fixed_1,Under-Drafting,1,0.0009964636992663145
gsm8k,110,fixed_1,Under-Drafting,1,0.09314551949501038
gsm8k,110,fixed_1,Under-Drafting,1,0.002498661633580923
gsm8k,110,fixed_1,Under-Drafting,1,0.005089155398309231
gsm8k,110,fixed_1,Under-Drafting,1,0.0012333765625953674
gsm8k,110,fixed_1,Under-Drafting,1,0.044815048575401306
gsm8k,110,fixed_1,Under-Drafting,1,0.005778379738330841
gsm8k,110,fixed_1,Under-Drafting,1,0.002492167055606842
gsm8k,111,fixed_1,Under-Drafting,1,0.006647292524576187
gsm8k,111,fixed_1,Under-Drafting,1,0.04544979706406593
gsm8k,111,fixed_1,Under-Drafting,1,0.002367767272517085
gsm8k,111,fixed_1,Under-Drafting,1,0.021309368312358856
gsm8k,111,fixed_1,Under-Drafting,1,0.015844309702515602
gsm8k,111,fixed_1,Under-Drafting,1,0.004353472031652927
gsm8k,111,fixed_1,Under-Drafting,1,0.0070029660128057
gsm8k,111,fixed_1,Under-Drafting,1,2.8515383746707812e-05
gsm8k,111,fixed_1,Under-Drafting,1,0.027622319757938385
gsm8k,111,fixed_1,Under-Drafting,1,8.200531738111749e-05
gsm8k,111,fixed_1,Under-Drafting,1,0.0016295459354296327
gsm8k,111,fixed_1,Under-Drafting,1,0.00010121818195329979
gsm8k,112,fixed_1,Under-Drafting,1,0.0012872647494077682
gsm8k,112,fixed_1,Under-Drafting,1,0.026662515476346016
gsm8k,112,fixed_1,Under-Drafting,1,0.0046139974147081375
gsm8k,112,fixed_1,Under-Drafting,1,0.022226281464099884
gsm8k,112,fixed_1,Under-Drafting,1,0.041256748139858246
gsm8k,112,fixed_1,Under-Drafting,1,0.19476023316383362
gsm8k,112,fixed_1,Under-Drafting,1,9.715000487631187e-06
gsm8k,112,fixed_1,Under-Drafting,1,0.05575503036379814
gsm8k,112,fixed_1,Under-Drafting,1,0.0009020236320793629
gsm8k,112,fixed_1,Under-Drafting,1,5.527281973627396e-05
gsm8k,112,fixed_1,Under-Drafting,1,9.320678145741113e-06
gsm8k,112,fixed_1,Under-Drafting,1,0.003424048889428377
gsm8k,112,fixed_1,Under-Drafting,1,0.001045762561261654
gsm8k,112,fixed_1,Under-Drafting,1,0.0754949152469635
gsm8k,112,fixed_1,Under-Drafting,1,6.626085905736545e-06
gsm8k,112,fixed_1,Under-Drafting,1,0.023477161303162575
gsm8k,112,fixed_1,Under-Drafting,1,3.860887773043942e-06
gsm8k,112,fixed_1,Under-Drafting,1,0.052945807576179504
gsm8k,113,fixed_1,Under-Drafting,1,0.027000904083251953
gsm8k,113,fixed_1,Under-Drafting,1,0.1791226863861084
gsm8k,113,fixed_1,Under-Drafting,1,0.00015414197696372867
gsm8k,113,fixed_1,Under-Drafting,1,0.001462364918552339
gsm8k,113,fixed_1,Under-Drafting,1,0.00026947850710712373
gsm8k,113,fixed_1,Under-Drafting,1,8.171310582838487e-06
gsm8k,113,fixed_1,Under-Drafting,1,0.005122526548802853
gsm8k,113,fixed_1,Under-Drafting,1,0.0003207773552276194
gsm8k,113,fixed_1,Under-Drafting,1,0.10309486091136932
gsm8k,113,fixed_1,Under-Drafting,1,0.07673021405935287
gsm8k,113,fixed_1,Under-Drafting,1,0.10967196524143219
gsm8k,113,fixed_1,Under-Drafting,1,0.033601708710193634
gsm8k,113,fixed_1,Under-Drafting,1,0.056477516889572144
gsm8k,113,fixed_1,Under-Drafting,1,0.05789407342672348
gsm8k,113,fixed_1,Under-Drafting,1,0.060820430517196655
gsm8k,113,fixed_1,Under-Drafting,1,0.0002589586074464023
gsm8k,113,fixed_1,Under-Drafting,1,0.13035061955451965
gsm8k,113,fixed_1,Under-Drafting,1,8.537405733477499e-07
gsm8k,114,fixed_1,Under-Drafting,1,0.0023721137549728155
gsm8k,114,fixed_1,Under-Drafting,1,0.038874153047800064
gsm8k,114,fixed_1,Under-Drafting,1,0.1804584413766861
gsm8k,114,fixed_1,Under-Drafting,1,0.00677543506026268
gsm8k,114,fixed_1,Under-Drafting,1,0.03128235042095184
gsm8k,114,fixed_1,Under-Drafting,1,0.0006417452823370695
gsm8k,114,fixed_1,Under-Drafting,1,0.10719875246286392
gsm8k,114,fixed_1,Under-Drafting,1,0.19148270785808563
gsm8k,114,fixed_1,Under-Drafting,1,0.015090081840753555
gsm8k,114,fixed_1,Under-Drafting,1,0.007476429454982281
gsm8k,114,fixed_1,Under-Drafting,1,0.056895721703767776
gsm8k,114,fixed_1,Under-Drafting,1,0.009877169504761696
gsm8k,114,fixed_1,Under-Drafting,1,0.007210797164589167
gsm8k,114,fixed_1,Under-Drafting,1,0.003541288897395134
gsm8k,114,fixed_1,Under-Drafting,1,0.008739115670323372
gsm8k,114,fixed_1,Under-Drafting,1,0.0011360609205439687
gsm8k,115,fixed_1,Under-Drafting,1,0.12406042963266373
gsm8k,115,fixed_1,Under-Drafting,1,0.1510055512189865
gsm8k,115,fixed_1,Under-Drafting,1,0.0970388650894165
gsm8k,115,fixed_1,Under-Drafting,1,0.0011254289420321584
gsm8k,115,fixed_1,Under-Drafting,1,0.008584586903452873
gsm8k,115,fixed_1,Under-Drafting,1,0.007438009139150381
gsm8k,115,fixed_1,Under-Drafting,1,1.3692175343749113e-05
gsm8k,115,fixed_1,Under-Drafting,1,0.0011464745039120317
gsm8k,115,fixed_1,Under-Drafting,1,0.05758900195360184
gsm8k,115,fixed_1,Under-Drafting,1,0.00031071744160726666
gsm8k,115,fixed_1,Under-Drafting,1,0.0012852418003603816
gsm8k,115,fixed_1,Under-Drafting,1,0.024680571630597115
gsm8k,115,fixed_1,Under-Drafting,1,0.0006237396155484021
gsm8k,115,fixed_1,Under-Drafting,1,0.016434382647275925
gsm8k,116,fixed_1,Under-Drafting,1,0.007461579982191324
gsm8k,116,fixed_1,Under-Drafting,1,0.029383888468146324
gsm8k,116,fixed_1,Under-Drafting,1,0.16661398112773895
gsm8k,116,fixed_1,Under-Drafting,1,0.08340941369533539
gsm8k,116,fixed_1,Under-Drafting,1,0.1772683709859848
gsm8k,116,fixed_1,Under-Drafting,1,0.011054186150431633
gsm8k,116,fixed_1,Under-Drafting,1,0.1499730497598648
gsm8k,116,fixed_1,Under-Drafting,1,0.044816531240940094
gsm8k,116,fixed_1,Under-Drafting,1,0.00045263260835781693
gsm8k,116,fixed_1,Under-Drafting,1,0.010958538390696049
gsm8k,116,fixed_1,Under-Drafting,1,0.01151973009109497
gsm8k,116,fixed_1,Under-Drafting,1,0.11135050654411316
gsm8k,116,fixed_1,Under-Drafting,1,0.0018282561795786023
gsm8k,117,fixed_1,Under-Drafting,1,0.1920507401227951
gsm8k,117,fixed_1,Under-Drafting,1,0.10730099678039551
gsm8k,117,fixed_1,Under-Drafting,1,0.005065988749265671
gsm8k,117,fixed_1,Under-Drafting,1,0.0030881220009177923
gsm8k,117,fixed_1,Under-Drafting,1,0.08509300649166107
gsm8k,117,fixed_1,Under-Drafting,1,0.00010933272278634831
gsm8k,117,fixed_1,Under-Drafting,1,0.0008569101919420063
gsm8k,117,fixed_1,Under-Drafting,1,0.0021321428939700127
gsm8k,117,fixed_1,Under-Drafting,1,0.0006820115959271789
gsm8k,117,fixed_1,Under-Drafting,1,0.003075901884585619
gsm8k,117,fixed_1,Under-Drafting,1,0.014981642365455627
gsm8k,117,fixed_1,Under-Drafting,1,0.0011046305298805237
gsm8k,117,fixed_1,Under-Drafting,1,0.005996024701744318
gsm8k,117,fixed_1,Under-Drafting,1,7.959723006933928e-06
gsm8k,117,fixed_1,Under-Drafting,1,0.009858550503849983
gsm8k,117,fixed_1,Under-Drafting,1,0.09442956745624542
gsm8k,117,fixed_1,Under-Drafting,1,0.047746118158102036
gsm8k,117,fixed_1,Under-Drafting,1,0.18367968499660492
gsm8k,117,fixed_1,Under-Drafting,1,3.104202914983034e-05
gsm8k,117,fixed_1,Under-Drafting,1,0.00022489427647087723
gsm8k,117,fixed_1,Under-Drafting,1,2.7402472824178403e-06
gsm8k,118,fixed_1,Under-Drafting,1,0.07153578847646713
gsm8k,118,fixed_1,Under-Drafting,1,8.470679858874064e-06
gsm8k,118,fixed_1,Under-Drafting,1,0.015452935360372066
gsm8k,118,fixed_1,Under-Drafting,1,0.0010868753306567669
gsm8k,118,fixed_1,Under-Drafting,1,0.15889130532741547
gsm8k,118,fixed_1,Under-Drafting,1,0.03494012728333473
gsm8k,118,fixed_1,Under-Drafting,1,0.033825699239969254
gsm8k,118,fixed_1,Under-Drafting,1,0.19666986167430878
gsm8k,118,fixed_1,Under-Drafting,1,0.09848235547542572
gsm8k,118,fixed_1,Under-Drafting,1,0.0010195786599069834
gsm8k,118,fixed_1,Under-Drafting,1,0.04652439430356026
gsm8k,118,fixed_1,Under-Drafting,1,0.016217762604355812
gsm8k,118,fixed_1,Under-Drafting,1,0.011258707381784916
gsm8k,118,fixed_1,Under-Drafting,1,0.018847770988941193
gsm8k,118,fixed_1,Under-Drafting,1,0.0009668736020103097
gsm8k,118,fixed_1,Under-Drafting,1,0.1392717957496643
gsm8k,118,fixed_1,Under-Drafting,1,0.07975783944129944
gsm8k,118,fixed_1,Under-Drafting,1,0.0035001568030565977
gsm8k,118,fixed_1,Under-Drafting,1,0.022445155307650566
gsm8k,118,fixed_1,Under-Drafting,1,0.0059891860000789165
gsm8k,119,fixed_1,Under-Drafting,1,0.00506132235750556
gsm8k,119,fixed_1,Under-Drafting,1,0.003599748946726322
gsm8k,119,fixed_1,Under-Drafting,1,0.01907389797270298
gsm8k,119,fixed_1,Under-Drafting,1,0.00034410771331749856
gsm8k,119,fixed_1,Under-Drafting,1,0.08259139209985733
gsm8k,119,fixed_1,Under-Drafting,1,0.00027665006928145885
gsm8k,119,fixed_1,Under-Drafting,1,6.195141759235412e-05
gsm8k,119,fixed_1,Under-Drafting,1,0.043681055307388306
gsm8k,119,fixed_1,Under-Drafting,1,0.0005565407918766141
gsm8k,119,fixed_1,Under-Drafting,1,0.00028506945818662643
gsm8k,119,fixed_1,Under-Drafting,1,0.0978364571928978
gsm8k,119,fixed_1,Under-Drafting,1,0.00021517455752473325
gsm8k,119,fixed_1,Under-Drafting,1,0.00010264052252750844
gsm8k,119,fixed_1,Under-Drafting,1,0.12729507684707642
gsm8k,119,fixed_1,Under-Drafting,1,0.000129971289425157
gsm8k,119,fixed_1,Under-Drafting,1,0.026745140552520752
gsm8k,119,fixed_1,Under-Drafting,1,0.0006875158869661391
gsm8k,119,fixed_1,Under-Drafting,1,2.69891297648428e-05
gsm8k,119,fixed_1,Under-Drafting,1,0.1168607845902443
gsm8k,120,fixed_1,Under-Drafting,1,0.010975556448101997
gsm8k,120,fixed_1,Under-Drafting,1,0.0022096631582826376
gsm8k,120,fixed_1,Under-Drafting,1,0.007017182651907206
gsm8k,120,fixed_1,Under-Drafting,1,0.003790922462940216
gsm8k,120,fixed_1,Under-Drafting,1,0.17605926096439362
gsm8k,120,fixed_1,Under-Drafting,1,0.001726503949612379
gsm8k,120,fixed_1,Under-Drafting,1,0.12818029522895813
gsm8k,120,fixed_1,Under-Drafting,1,0.002617974067106843
gsm8k,120,fixed_1,Under-Drafting,1,0.0001888005353976041
gsm8k,120,fixed_1,Under-Drafting,1,0.13672471046447754
gsm8k,120,fixed_1,Under-Drafting,1,1.8729204384726472e-05
gsm8k,120,fixed_1,Under-Drafting,1,0.17058543860912323
gsm8k,120,fixed_1,Under-Drafting,1,0.06603727489709854
gsm8k,120,fixed_1,Under-Drafting,1,0.14697258174419403
gsm8k,120,fixed_1,Under-Drafting,1,0.05094015225768089
gsm8k,120,fixed_1,Under-Drafting,1,3.030883272003848e-05
gsm8k,120,fixed_1,Under-Drafting,1,0.025309136137366295
gsm8k,120,fixed_1,Under-Drafting,1,0.006499489303678274
gsm8k,120,fixed_1,Under-Drafting,1,0.1593088060617447
gsm8k,120,fixed_1,Under-Drafting,1,0.02373438887298107
gsm8k,120,fixed_1,Under-Drafting,1,0.0009788975585252047
gsm8k,120,fixed_1,Under-Drafting,1,0.19848985970020294
gsm8k,120,fixed_1,Under-Drafting,1,0.006545816082507372
gsm8k,121,fixed_1,Under-Drafting,1,0.032288968563079834
gsm8k,121,fixed_1,Under-Drafting,1,0.1429210752248764
gsm8k,121,fixed_1,Under-Drafting,1,0.023525848984718323
gsm8k,121,fixed_1,Under-Drafting,1,0.0016619802918285131
gsm8k,121,fixed_1,Under-Drafting,1,0.02289780043065548
gsm8k,121,fixed_1,Under-Drafting,1,0.0003302349941805005
gsm8k,121,fixed_1,Under-Drafting,1,0.005232990253716707
gsm8k,121,fixed_1,Under-Drafting,1,0.0017121578566730022
gsm8k,121,fixed_1,Under-Drafting,1,0.0799889862537384
gsm8k,121,fixed_1,Under-Drafting,1,0.09917629510164261
gsm8k,121,fixed_1,Under-Drafting,1,0.0454915352165699
gsm8k,121,fixed_1,Under-Drafting,1,0.07277625799179077
gsm8k,121,fixed_1,Under-Drafting,1,0.009071304462850094
gsm8k,121,fixed_1,Under-Drafting,1,0.022119104862213135
gsm8k,121,fixed_1,Under-Drafting,1,0.0014274658169597387
gsm8k,121,fixed_1,Under-Drafting,1,0.00196561380289495
gsm8k,121,fixed_1,Under-Drafting,1,0.00241112126968801
gsm8k,121,fixed_1,Under-Drafting,1,0.00042072817450389266
gsm8k,121,fixed_1,Under-Drafting,1,0.052627645432949066
gsm8k,121,fixed_1,Under-Drafting,1,0.15269291400909424
gsm8k,121,fixed_1,Under-Drafting,1,0.07204477488994598
gsm8k,122,fixed_1,Under-Drafting,1,0.0044066752307116985
gsm8k,122,fixed_1,Under-Drafting,1,0.07406830787658691
gsm8k,122,fixed_1,Under-Drafting,1,0.15122303366661072
gsm8k,122,fixed_1,Under-Drafting,1,0.0089906370267272
gsm8k,122,fixed_1,Under-Drafting,1,0.0003227433771826327
gsm8k,122,fixed_1,Under-Drafting,1,0.007557302713394165
gsm8k,122,fixed_1,Under-Drafting,1,0.001052295439876616
gsm8k,122,fixed_1,Under-Drafting,1,0.05584609881043434
gsm8k,122,fixed_1,Under-Drafting,1,0.008159433491528034
gsm8k,122,fixed_1,Under-Drafting,1,0.04874127358198166
gsm8k,122,fixed_1,Under-Drafting,1,0.0018422891153022647
gsm8k,122,fixed_1,Under-Drafting,1,0.006920272950083017
gsm8k,122,fixed_1,Under-Drafting,1,0.05169164389371872
gsm8k,122,fixed_1,Under-Drafting,1,0.05300584062933922
gsm8k,122,fixed_1,Under-Drafting,1,0.009260629303753376
gsm8k,122,fixed_1,Under-Drafting,1,0.01861998811364174
gsm8k,122,fixed_1,Under-Drafting,1,0.009240400046110153
gsm8k,122,fixed_1,Under-Drafting,1,0.0004036474565509707
gsm8k,122,fixed_1,Under-Drafting,1,0.013396917842328548
gsm8k,123,fixed_1,Under-Drafting,1,0.005992209538817406
gsm8k,123,fixed_1,Under-Drafting,1,0.16512343287467957
gsm8k,123,fixed_1,Under-Drafting,1,0.0077770850621163845
gsm8k,123,fixed_1,Under-Drafting,1,0.0021254809107631445
gsm8k,123,fixed_1,Under-Drafting,1,0.1608944535255432
gsm8k,123,fixed_1,Under-Drafting,1,0.015596117824316025
gsm8k,123,fixed_1,Under-Drafting,1,0.07441847771406174
gsm8k,123,fixed_1,Under-Drafting,1,0.15322788059711456
gsm8k,123,fixed_1,Under-Drafting,1,0.01123898010700941
gsm8k,123,fixed_1,Under-Drafting,1,0.11335093528032303
gsm8k,123,fixed_1,Under-Drafting,1,0.004660518374294043
gsm8k,123,fixed_1,Under-Drafting,1,0.003109441138803959
gsm8k,123,fixed_1,Under-Drafting,1,0.006143981125205755
gsm8k,123,fixed_1,Under-Drafting,1,0.0005092826904729009
gsm8k,124,fixed_1,Under-Drafting,1,0.014555409550666809
gsm8k,124,fixed_1,Under-Drafting,1,0.032302387058734894
gsm8k,124,fixed_1,Under-Drafting,1,0.04752611368894577
gsm8k,124,fixed_1,Under-Drafting,1,0.1635645627975464
gsm8k,124,fixed_1,Under-Drafting,1,0.0030220975168049335
gsm8k,124,fixed_1,Under-Drafting,1,0.0012432317016646266
gsm8k,124,fixed_1,Under-Drafting,1,7.486395043088123e-05
gsm8k,124,fixed_1,Under-Drafting,1,0.03740427643060684
gsm8k,124,fixed_1,Under-Drafting,1,5.975086605758406e-05
gsm8k,124,fixed_1,Under-Drafting,1,0.0675436481833458
gsm8k,124,fixed_1,Under-Drafting,1,0.08217885345220566
gsm8k,124,fixed_1,Under-Drafting,1,0.06253041326999664
gsm8k,124,fixed_1,Under-Drafting,1,0.054344289004802704
gsm8k,124,fixed_1,Under-Drafting,1,0.10608980804681778
gsm8k,124,fixed_1,Under-Drafting,1,0.12787427008152008
gsm8k,124,fixed_1,Under-Drafting,1,0.0104350121691823
gsm8k,124,fixed_1,Under-Drafting,1,0.0046844929456710815
gsm8k,125,fixed_1,Under-Drafting,1,0.0480128638446331
gsm8k,125,fixed_1,Under-Drafting,1,0.014743627049028873
gsm8k,125,fixed_1,Under-Drafting,1,0.002832308877259493
gsm8k,125,fixed_1,Under-Drafting,1,0.003094838932156563
gsm8k,125,fixed_1,Under-Drafting,1,0.02842852845788002
gsm8k,125,fixed_1,Under-Drafting,1,0.014405944384634495
gsm8k,125,fixed_1,Under-Drafting,1,0.017750322818756104
gsm8k,125,fixed_1,Under-Drafting,1,0.010369560681283474
gsm8k,125,fixed_1,Under-Drafting,1,0.011503484100103378
gsm8k,125,fixed_1,Under-Drafting,1,0.01997123658657074
gsm8k,126,fixed_1,Under-Drafting,1,0.011988176964223385
gsm8k,126,fixed_1,Under-Drafting,1,6.608245166717097e-05
gsm8k,126,fixed_1,Under-Drafting,1,0.0013576862402260303
gsm8k,126,fixed_1,Under-Drafting,1,0.18938609957695007
gsm8k,126,fixed_1,Under-Drafting,1,0.0020111631602048874
gsm8k,126,fixed_1,Under-Drafting,1,0.0019002010812982917
gsm8k,126,fixed_1,Under-Drafting,1,0.007795471698045731
gsm8k,126,fixed_1,Under-Drafting,1,0.0017805725801736116
gsm8k,126,fixed_1,Under-Drafting,1,6.544262578245252e-05
gsm8k,126,fixed_1,Under-Drafting,1,0.008495007641613483
gsm8k,126,fixed_1,Under-Drafting,1,2.834273072949145e-05
gsm8k,126,fixed_1,Under-Drafting,1,0.004264759831130505
gsm8k,126,fixed_1,Under-Drafting,1,0.005898735020309687
gsm8k,126,fixed_1,Under-Drafting,1,0.006076419726014137
gsm8k,126,fixed_1,Under-Drafting,1,0.00014556375390384346
gsm8k,126,fixed_1,Under-Drafting,1,0.11502831429243088
gsm8k,126,fixed_1,Under-Drafting,1,0.02648700773715973
gsm8k,126,fixed_1,Under-Drafting,1,0.0016137249767780304
gsm8k,126,fixed_1,Under-Drafting,1,0.1689353734254837
gsm8k,126,fixed_1,Under-Drafting,1,0.0007408874807879329
gsm8k,126,fixed_1,Under-Drafting,1,0.012380407191812992
gsm8k,126,fixed_1,Under-Drafting,1,0.00026160961715504527
gsm8k,127,fixed_1,Under-Drafting,1,2.163430690416135e-05
gsm8k,127,fixed_1,Under-Drafting,1,0.002142264973372221
gsm8k,127,fixed_1,Under-Drafting,1,0.12826693058013916
gsm8k,127,fixed_1,Under-Drafting,1,0.15214502811431885
gsm8k,127,fixed_1,Under-Drafting,1,0.008518251590430737
gsm8k,127,fixed_1,Under-Drafting,1,0.05789647996425629
gsm8k,127,fixed_1,Under-Drafting,1,0.0016772026428952813
gsm8k,127,fixed_1,Under-Drafting,1,0.00028175965417176485
gsm8k,127,fixed_1,Under-Drafting,1,1.2313955267018173e-05
gsm8k,127,fixed_1,Under-Drafting,1,5.226013308856636e-05
gsm8k,127,fixed_1,Under-Drafting,1,0.05343129485845566
gsm8k,127,fixed_1,Under-Drafting,1,1.579560193931684e-05
gsm8k,127,fixed_1,Under-Drafting,1,0.08891046047210693
gsm8k,127,fixed_1,Under-Drafting,1,0.11916904896497726
gsm8k,127,fixed_1,Under-Drafting,1,0.0016035205917432904
gsm8k,127,fixed_1,Under-Drafting,1,0.04207605868577957
gsm8k,127,fixed_1,Under-Drafting,1,0.002722064731642604
gsm8k,127,fixed_1,Under-Drafting,1,0.1332455575466156
gsm8k,127,fixed_1,Under-Drafting,1,0.0001947714335983619
gsm8k,127,fixed_1,Under-Drafting,1,0.000222002126974985
gsm8k,127,fixed_1,Under-Drafting,1,0.00039031810592859983
gsm8k,128,fixed_1,Under-Drafting,1,0.0008522497955709696
gsm8k,128,fixed_1,Under-Drafting,1,0.14044642448425293
gsm8k,128,fixed_1,Under-Drafting,1,0.0006690049776807427
gsm8k,128,fixed_1,Under-Drafting,1,0.0026727872900664806
gsm8k,128,fixed_1,Under-Drafting,1,0.01735471747815609
gsm8k,128,fixed_1,Under-Drafting,1,0.11955759674310684
gsm8k,128,fixed_1,Under-Drafting,1,0.006803741678595543
gsm8k,128,fixed_1,Under-Drafting,1,0.020764857530593872
gsm8k,128,fixed_1,Under-Drafting,1,0.012289769016206264
gsm8k,128,fixed_1,Under-Drafting,1,0.0036322481464594603
gsm8k,128,fixed_1,Under-Drafting,1,0.05541490390896797
gsm8k,128,fixed_1,Under-Drafting,1,0.059774648398160934
gsm8k,128,fixed_1,Under-Drafting,1,0.010044602677226067
gsm8k,129,fixed_1,Under-Drafting,1,0.18577681481838226
gsm8k,129,fixed_1,Under-Drafting,1,0.04502347111701965
gsm8k,129,fixed_1,Under-Drafting,1,0.02321230247616768
gsm8k,129,fixed_1,Under-Drafting,1,0.15570279955863953
gsm8k,129,fixed_1,Under-Drafting,1,0.016659168526530266
gsm8k,129,fixed_1,Under-Drafting,1,0.0029133157804608345
gsm8k,129,fixed_1,Under-Drafting,1,0.0104819405823946
gsm8k,129,fixed_1,Under-Drafting,1,0.10811980813741684
gsm8k,129,fixed_1,Under-Drafting,1,8.468058513244614e-05
gsm8k,129,fixed_1,Under-Drafting,1,0.10111267864704132
gsm8k,129,fixed_1,Under-Drafting,1,1.9069237168878317e-05
gsm8k,129,fixed_1,Under-Drafting,1,0.007632723078131676
gsm8k,129,fixed_1,Under-Drafting,1,1.084805899154162e-05
gsm8k,129,fixed_1,Under-Drafting,1,0.00041002329089678824
gsm8k,130,fixed_1,Under-Drafting,1,0.00031440629390999675
gsm8k,130,fixed_1,Under-Drafting,1,0.019125301390886307
gsm8k,130,fixed_1,Under-Drafting,1,0.0023608526680618525
gsm8k,130,fixed_1,Under-Drafting,1,0.07687996327877045
gsm8k,130,fixed_1,Under-Drafting,1,7.229727634694427e-05
gsm8k,130,fixed_1,Under-Drafting,1,0.013050899840891361
gsm8k,130,fixed_1,Under-Drafting,1,0.006485864520072937
gsm8k,130,fixed_1,Under-Drafting,1,0.018495094031095505
gsm8k,130,fixed_1,Under-Drafting,1,0.0001125193084590137
gsm8k,130,fixed_1,Under-Drafting,1,0.008506044745445251
gsm8k,130,fixed_1,Under-Drafting,1,0.08085114508867264
gsm8k,130,fixed_1,Under-Drafting,1,0.15405772626399994
gsm8k,130,fixed_1,Under-Drafting,1,0.0037435048725456
gsm8k,131,fixed_1,Under-Drafting,1,0.012464983388781548
gsm8k,131,fixed_1,Under-Drafting,1,0.1339297890663147
gsm8k,131,fixed_1,Under-Drafting,1,0.005384391639381647
gsm8k,131,fixed_1,Under-Drafting,1,0.13636668026447296
gsm8k,131,fixed_1,Under-Drafting,1,0.04812384396791458
gsm8k,131,fixed_1,Under-Drafting,1,0.006348822265863419
gsm8k,131,fixed_1,Under-Drafting,1,0.10403844714164734
gsm8k,131,fixed_1,Under-Drafting,1,0.022021397948265076
gsm8k,131,fixed_1,Under-Drafting,1,0.0006752305780537426
gsm8k,131,fixed_1,Under-Drafting,1,0.014636137522757053
gsm8k,131,fixed_1,Under-Drafting,1,0.001055064145475626
gsm8k,131,fixed_1,Under-Drafting,1,0.0012054018443450332
gsm8k,131,fixed_1,Under-Drafting,1,0.0028723098803311586
gsm8k,131,fixed_1,Under-Drafting,1,0.0002698131138458848
gsm8k,131,fixed_1,Under-Drafting,1,0.01484750211238861
gsm8k,131,fixed_1,Under-Drafting,1,0.054999224841594696
gsm8k,131,fixed_1,Under-Drafting,1,0.004143320955336094
gsm8k,132,fixed_1,Under-Drafting,1,0.023665273562073708
gsm8k,132,fixed_1,Under-Drafting,1,0.054783180356025696
gsm8k,132,fixed_1,Under-Drafting,1,0.022780828177928925
gsm8k,132,fixed_1,Under-Drafting,1,0.005772322881966829
gsm8k,132,fixed_1,Under-Drafting,1,0.12880225479602814
gsm8k,132,fixed_1,Under-Drafting,1,0.0887749046087265
gsm8k,132,fixed_1,Under-Drafting,1,0.19278794527053833
gsm8k,132,fixed_1,Under-Drafting,1,0.019538898020982742
gsm8k,132,fixed_1,Under-Drafting,1,0.13659492135047913
gsm8k,132,fixed_1,Under-Drafting,1,0.00235385587438941
gsm8k,132,fixed_1,Under-Drafting,1,0.008994905278086662
gsm8k,132,fixed_1,Under-Drafting,1,0.0018817211966961622
gsm8k,132,fixed_1,Under-Drafting,1,0.0004413254791870713
gsm8k,132,fixed_1,Under-Drafting,1,5.247680974207469e-07
gsm8k,133,fixed_1,Under-Drafting,1,0.0004429079417604953
gsm8k,133,fixed_1,Under-Drafting,1,0.009850600734353065
gsm8k,133,fixed_1,Under-Drafting,1,0.030617326498031616
gsm8k,133,fixed_1,Under-Drafting,1,0.004041024949401617
gsm8k,133,fixed_1,Under-Drafting,1,0.010506532154977322
gsm8k,133,fixed_1,Under-Drafting,1,0.00022931427520234138
gsm8k,133,fixed_1,Under-Drafting,1,4.416195588419214e-05
gsm8k,133,fixed_1,Under-Drafting,1,0.051377203315496445
gsm8k,133,fixed_1,Under-Drafting,1,0.0351778082549572
gsm8k,133,fixed_1,Under-Drafting,1,0.06686931848526001
gsm8k,133,fixed_1,Under-Drafting,1,3.7718094972660765e-05
gsm8k,133,fixed_1,Under-Drafting,1,0.0003763220738619566
gsm8k,133,fixed_1,Under-Drafting,1,0.07015170156955719
gsm8k,133,fixed_1,Under-Drafting,1,7.170307981141377e-06
gsm8k,133,fixed_1,Under-Drafting,1,0.1532626748085022
gsm8k,133,fixed_1,Under-Drafting,1,0.09341393411159515
gsm8k,133,fixed_1,Under-Drafting,1,0.004510268568992615
gsm8k,133,fixed_1,Under-Drafting,1,0.07385732233524323
gsm8k,134,fixed_1,Under-Drafting,1,0.0286853164434433
gsm8k,134,fixed_1,Under-Drafting,1,0.02659832499921322
gsm8k,134,fixed_1,Under-Drafting,1,0.0020820079371333122
gsm8k,134,fixed_1,Under-Drafting,1,0.006198483984917402
gsm8k,134,fixed_1,Under-Drafting,1,0.05815897881984711
gsm8k,134,fixed_1,Under-Drafting,1,0.11260411888360977
gsm8k,134,fixed_1,Under-Drafting,1,0.08822615444660187
gsm8k,134,fixed_1,Under-Drafting,1,0.13258180022239685
gsm8k,134,fixed_1,Under-Drafting,1,0.1490214318037033
gsm8k,134,fixed_1,Under-Drafting,1,0.016673102974891663
gsm8k,134,fixed_1,Under-Drafting,1,0.17485496401786804
gsm8k,134,fixed_1,Under-Drafting,1,0.031084150075912476
gsm8k,134,fixed_1,Under-Drafting,1,0.04268553480505943
gsm8k,134,fixed_1,Under-Drafting,1,0.0020806838292628527
gsm8k,134,fixed_1,Under-Drafting,1,0.042610857635736465
gsm8k,134,fixed_1,Under-Drafting,1,0.009817170910537243
gsm8k,134,fixed_1,Under-Drafting,1,0.0075311013497412205
gsm8k,134,fixed_1,Under-Drafting,1,9.901033627102152e-05
gsm8k,134,fixed_1,Under-Drafting,1,0.017688998952507973
gsm8k,134,fixed_1,Under-Drafting,1,0.013675499707460403
gsm8k,134,fixed_1,Under-Drafting,1,0.13609641790390015
gsm8k,134,fixed_1,Under-Drafting,1,0.0005861185491085052
gsm8k,134,fixed_1,Under-Drafting,1,0.004373316653072834
gsm8k,134,fixed_1,Under-Drafting,1,9.654013410909101e-05
gsm8k,134,fixed_1,Under-Drafting,1,0.003946350887417793
gsm8k,134,fixed_1,Under-Drafting,1,9.216034231940284e-05
gsm8k,135,fixed_1,Under-Drafting,1,0.03995781019330025
gsm8k,135,fixed_1,Under-Drafting,1,0.0392824187874794
gsm8k,135,fixed_1,Under-Drafting,1,0.17541177570819855
gsm8k,135,fixed_1,Under-Drafting,1,0.014677046798169613
gsm8k,135,fixed_1,Under-Drafting,1,0.00096794223645702
gsm8k,135,fixed_1,Under-Drafting,1,0.0064653013832867146
gsm8k,135,fixed_1,Under-Drafting,1,0.0266721248626709
gsm8k,135,fixed_1,Under-Drafting,1,0.10449572652578354
gsm8k,135,fixed_1,Under-Drafting,1,0.06727559864521027
gsm8k,135,fixed_1,Under-Drafting,1,0.01554805226624012
gsm8k,135,fixed_1,Under-Drafting,1,0.00011083273420808837
gsm8k,135,fixed_1,Under-Drafting,1,0.00014458993973676115
gsm8k,135,fixed_1,Under-Drafting,1,0.0006023073219694197
gsm8k,135,fixed_1,Under-Drafting,1,0.0023496353533118963
gsm8k,135,fixed_1,Under-Drafting,1,0.003546111984178424
gsm8k,135,fixed_1,Under-Drafting,1,0.05742543563246727
gsm8k,135,fixed_1,Under-Drafting,1,0.08156542479991913
gsm8k,135,fixed_1,Under-Drafting,1,0.13797102868556976
gsm8k,136,fixed_1,Under-Drafting,1,0.022075610235333443
gsm8k,136,fixed_1,Under-Drafting,1,0.09119249880313873
gsm8k,136,fixed_1,Under-Drafting,1,0.1818714588880539
gsm8k,136,fixed_1,Under-Drafting,1,0.015423818491399288
gsm8k,136,fixed_1,Under-Drafting,1,0.0019574167672544718
gsm8k,136,fixed_1,Under-Drafting,1,0.03762331232428551
gsm8k,136,fixed_1,Under-Drafting,1,1.3792233403364662e-05
gsm8k,136,fixed_1,Under-Drafting,1,0.00021432629728224128
gsm8k,136,fixed_1,Under-Drafting,1,0.04795713722705841
gsm8k,136,fixed_1,Under-Drafting,1,0.030768971890211105
gsm8k,136,fixed_1,Under-Drafting,1,5.403241448220797e-05
gsm8k,136,fixed_1,Under-Drafting,1,0.1703648418188095
gsm8k,136,fixed_1,Under-Drafting,1,0.10959573090076447
gsm8k,136,fixed_1,Under-Drafting,1,0.016047406941652298
gsm8k,136,fixed_1,Under-Drafting,1,0.0004860370245296508
gsm8k,136,fixed_1,Under-Drafting,1,0.19603726267814636
gsm8k,136,fixed_1,Under-Drafting,1,2.9171494588808855e-06
gsm8k,136,fixed_1,Under-Drafting,1,0.00028456939617171884
gsm8k,136,fixed_1,Under-Drafting,1,0.006035897880792618
gsm8k,136,fixed_1,Under-Drafting,1,0.00706029636785388
gsm8k,137,fixed_1,Under-Drafting,1,0.13645844161510468
gsm8k,137,fixed_1,Under-Drafting,1,0.1335614174604416
gsm8k,137,fixed_1,Under-Drafting,1,0.06844797730445862
gsm8k,137,fixed_1,Under-Drafting,1,0.0001783067564247176
gsm8k,137,fixed_1,Under-Drafting,1,0.0004669504414778203
gsm8k,137,fixed_1,Under-Drafting,1,0.15937238931655884
gsm8k,137,fixed_1,Under-Drafting,1,0.029766805469989777
gsm8k,137,fixed_1,Under-Drafting,1,0.0869952142238617
gsm8k,137,fixed_1,Under-Drafting,1,0.023291468620300293
gsm8k,137,fixed_1,Under-Drafting,1,0.005661978852003813
gsm8k,137,fixed_1,Under-Drafting,1,0.019178174436092377
gsm8k,137,fixed_1,Under-Drafting,1,0.00031000797753222287
gsm8k,137,fixed_1,Under-Drafting,1,0.00032016835757531226
gsm8k,137,fixed_1,Under-Drafting,1,0.0012159720063209534
gsm8k,137,fixed_1,Under-Drafting,1,1.7151803604065208e-06
gsm8k,137,fixed_1,Under-Drafting,1,0.04305361583828926
gsm8k,137,fixed_1,Under-Drafting,1,0.0011474603088572621
gsm8k,137,fixed_1,Under-Drafting,1,0.000503810471855104
gsm8k,137,fixed_1,Under-Drafting,1,0.009282520972192287
gsm8k,137,fixed_1,Under-Drafting,1,0.0009262628154829144
gsm8k,137,fixed_1,Under-Drafting,1,1.8100676243193448e-05
gsm8k,137,fixed_1,Under-Drafting,1,6.007480260450393e-05
gsm8k,137,fixed_1,Under-Drafting,1,0.1763915866613388
gsm8k,137,fixed_1,Under-Drafting,1,0.0009302134276367724
gsm8k,137,fixed_1,Under-Drafting,1,0.00022624144912697375
gsm8k,137,fixed_1,Under-Drafting,1,9.210052667185664e-05
gsm8k,137,fixed_1,Under-Drafting,1,0.0011234615230932832
gsm8k,137,fixed_1,Under-Drafting,1,8.314963633893058e-05
gsm8k,138,fixed_1,Under-Drafting,1,0.05486409366130829
gsm8k,138,fixed_1,Under-Drafting,1,0.002040195744484663
gsm8k,138,fixed_1,Under-Drafting,1,0.1171644777059555
gsm8k,138,fixed_1,Under-Drafting,1,0.047180019319057465
gsm8k,138,fixed_1,Under-Drafting,1,0.06045517325401306
gsm8k,138,fixed_1,Under-Drafting,1,0.0004951306618750095
gsm8k,138,fixed_1,Under-Drafting,1,0.09705773741006851
gsm8k,138,fixed_1,Under-Drafting,1,0.015931356698274612
gsm8k,138,fixed_1,Under-Drafting,1,0.04341573640704155
gsm8k,138,fixed_1,Under-Drafting,1,0.00021096860291436315
gsm8k,139,fixed_1,Under-Drafting,1,2.7332403988111764e-05
gsm8k,139,fixed_1,Under-Drafting,1,0.02885199524462223
gsm8k,139,fixed_1,Under-Drafting,1,0.027495037764310837
gsm8k,139,fixed_1,Under-Drafting,1,0.02306894026696682
gsm8k,139,fixed_1,Under-Drafting,1,0.002864219481125474
gsm8k,139,fixed_1,Under-Drafting,1,0.0006322265253402293
gsm8k,139,fixed_1,Under-Drafting,1,9.433964441996068e-05
gsm8k,139,fixed_1,Under-Drafting,1,0.1989763230085373
gsm8k,139,fixed_1,Under-Drafting,1,0.001125214621424675
gsm8k,139,fixed_1,Under-Drafting,1,0.00043052079854533076
gsm8k,139,fixed_1,Under-Drafting,1,0.003571166191250086
gsm8k,139,fixed_1,Under-Drafting,1,0.0009483789326623082
gsm8k,139,fixed_1,Under-Drafting,1,0.000908774440176785
gsm8k,139,fixed_1,Under-Drafting,1,0.0011773945298045874
gsm8k,139,fixed_1,Under-Drafting,1,8.110947965178639e-05
gsm8k,139,fixed_1,Under-Drafting,1,0.00011214568075956777
gsm8k,139,fixed_1,Under-Drafting,1,0.009222475811839104
gsm8k,139,fixed_1,Under-Drafting,1,0.13696295022964478
gsm8k,140,fixed_1,Under-Drafting,1,0.0002569651114754379
gsm8k,140,fixed_1,Under-Drafting,1,0.008671135641634464
gsm8k,140,fixed_1,Under-Drafting,1,0.06044020131230354
gsm8k,140,fixed_1,Under-Drafting,1,0.14644193649291992
gsm8k,140,fixed_1,Under-Drafting,1,0.006992797367274761
gsm8k,140,fixed_1,Under-Drafting,1,0.008502488024532795
gsm8k,140,fixed_1,Under-Drafting,1,0.01201106607913971
gsm8k,140,fixed_1,Under-Drafting,1,0.0846203938126564
gsm8k,140,fixed_1,Under-Drafting,1,0.008247559890151024
gsm8k,140,fixed_1,Under-Drafting,1,0.030062437057495117
gsm8k,140,fixed_1,Under-Drafting,1,0.10871916264295578
gsm8k,140,fixed_1,Under-Drafting,1,0.06310128420591354
gsm8k,140,fixed_1,Under-Drafting,1,7.343367178691551e-05
gsm8k,140,fixed_1,Under-Drafting,1,0.0011716793524101377
gsm8k,141,fixed_1,Under-Drafting,1,0.043310798704624176
gsm8k,141,fixed_1,Under-Drafting,1,4.690924470196478e-05
gsm8k,141,fixed_1,Under-Drafting,1,0.0001406296796631068
gsm8k,141,fixed_1,Under-Drafting,1,0.03880021721124649
gsm8k,141,fixed_1,Under-Drafting,1,0.09806310385465622
gsm8k,141,fixed_1,Under-Drafting,1,0.0065017640590667725
gsm8k,141,fixed_1,Under-Drafting,1,0.01093607023358345
gsm8k,141,fixed_1,Under-Drafting,1,2.553032936702948e-05
gsm8k,141,fixed_1,Under-Drafting,1,0.00029083460685797036
gsm8k,141,fixed_1,Under-Drafting,1,0.004797717090696096
gsm8k,141,fixed_1,Under-Drafting,1,0.10444595664739609
gsm8k,141,fixed_1,Under-Drafting,1,0.03500938415527344
gsm8k,141,fixed_1,Under-Drafting,1,0.19490107893943787
gsm8k,141,fixed_1,Under-Drafting,1,0.01613667793571949
gsm8k,141,fixed_1,Under-Drafting,1,0.04752565547823906
gsm8k,141,fixed_1,Under-Drafting,1,0.07160284370183945
gsm8k,141,fixed_1,Under-Drafting,1,0.0008981811697594821
gsm8k,141,fixed_1,Under-Drafting,1,0.008305933326482773
gsm8k,141,fixed_1,Under-Drafting,1,0.0717744454741478
gsm8k,142,fixed_1,Under-Drafting,1,0.043143048882484436
gsm8k,142,fixed_1,Under-Drafting,1,0.13477420806884766
gsm8k,142,fixed_1,Under-Drafting,1,0.0006549513200297952
gsm8k,142,fixed_1,Under-Drafting,1,0.01555451937019825
gsm8k,142,fixed_1,Under-Drafting,1,0.10481471568346024
gsm8k,142,fixed_1,Under-Drafting,1,0.03697718307375908
gsm8k,142,fixed_1,Under-Drafting,1,0.0006705044652335346
gsm8k,142,fixed_1,Under-Drafting,1,0.0018438514089211822
gsm8k,142,fixed_1,Under-Drafting,1,1.6310703358612955e-05
gsm8k,142,fixed_1,Under-Drafting,1,0.042509134858846664
gsm8k,142,fixed_1,Under-Drafting,1,0.19724483788013458
gsm8k,142,fixed_1,Under-Drafting,1,0.0718633309006691
gsm8k,142,fixed_1,Under-Drafting,1,0.06609123945236206
gsm8k,142,fixed_1,Under-Drafting,1,0.004666633438318968
gsm8k,143,fixed_1,Under-Drafting,1,0.11933255195617676
gsm8k,143,fixed_1,Under-Drafting,1,0.036334577947854996
gsm8k,143,fixed_1,Under-Drafting,1,0.015530640259385109
gsm8k,143,fixed_1,Under-Drafting,1,0.007967965677380562
gsm8k,143,fixed_1,Under-Drafting,1,0.0022123907692730427
gsm8k,143,fixed_1,Under-Drafting,1,0.01613881066441536
gsm8k,143,fixed_1,Under-Drafting,1,0.03587527945637703
gsm8k,143,fixed_1,Under-Drafting,1,0.017694855108857155
gsm8k,143,fixed_1,Under-Drafting,1,0.0009023535531014204
gsm8k,143,fixed_1,Under-Drafting,1,0.009125631302595139
gsm8k,143,fixed_1,Under-Drafting,1,0.005171691067516804
gsm8k,143,fixed_1,Under-Drafting,1,0.05335790291428566
gsm8k,143,fixed_1,Under-Drafting,1,0.0046595558524131775
gsm8k,143,fixed_1,Under-Drafting,1,9.097253496292979e-05
gsm8k,143,fixed_1,Under-Drafting,1,0.0015077872667461634
gsm8k,143,fixed_1,Under-Drafting,1,0.10414659976959229
gsm8k,143,fixed_1,Under-Drafting,1,0.06851869076490402
gsm8k,143,fixed_1,Under-Drafting,1,0.003287315834313631
gsm8k,144,fixed_1,Under-Drafting,1,0.06319427490234375
gsm8k,144,fixed_1,Under-Drafting,1,0.024433566257357597
gsm8k,144,fixed_1,Under-Drafting,1,0.045251887291669846
gsm8k,144,fixed_1,Under-Drafting,1,0.028449703007936478
gsm8k,144,fixed_1,Under-Drafting,1,0.13508233428001404
gsm8k,144,fixed_1,Under-Drafting,1,0.08079403638839722
gsm8k,145,fixed_1,Under-Drafting,1,0.0036276881583034992
gsm8k,145,fixed_1,Under-Drafting,1,0.0011954668443650007
gsm8k,145,fixed_1,Under-Drafting,1,0.03437191992998123
gsm8k,145,fixed_1,Under-Drafting,1,0.01347390841692686
gsm8k,145,fixed_1,Under-Drafting,1,0.05314965546131134
gsm8k,145,fixed_1,Under-Drafting,1,0.0016395498532801867
gsm8k,145,fixed_1,Under-Drafting,1,0.0017781369388103485
gsm8k,145,fixed_1,Under-Drafting,1,2.5908610041369684e-05
gsm8k,145,fixed_1,Under-Drafting,1,0.001300441101193428
gsm8k,145,fixed_1,Under-Drafting,1,3.701251989696175e-05
gsm8k,145,fixed_1,Under-Drafting,1,0.0594617985188961
gsm8k,145,fixed_1,Under-Drafting,1,0.0007440629415214062
gsm8k,145,fixed_1,Under-Drafting,1,4.9834085075417534e-05
gsm8k,145,fixed_1,Under-Drafting,1,0.001287573017179966
gsm8k,145,fixed_1,Under-Drafting,1,0.13759014010429382
gsm8k,146,fixed_1,Under-Drafting,1,0.07818618416786194
gsm8k,146,fixed_1,Under-Drafting,1,0.002945077372714877
gsm8k,146,fixed_1,Under-Drafting,1,0.05504612252116203
gsm8k,146,fixed_1,Under-Drafting,1,0.01733744703233242
gsm8k,146,fixed_1,Under-Drafting,1,0.005281542427837849
gsm8k,146,fixed_1,Under-Drafting,1,0.00011863624968100339
gsm8k,146,fixed_1,Under-Drafting,1,3.920970993931405e-05
gsm8k,146,fixed_1,Under-Drafting,1,0.13110733032226562
gsm8k,146,fixed_1,Under-Drafting,1,0.018645834177732468
gsm8k,146,fixed_1,Under-Drafting,1,0.00021039714920334518
gsm8k,146,fixed_1,Under-Drafting,1,0.013158300891518593
gsm8k,146,fixed_1,Under-Drafting,1,0.04278511926531792
gsm8k,146,fixed_1,Under-Drafting,1,0.005993077531456947
gsm8k,146,fixed_1,Under-Drafting,1,0.009724603965878487
gsm8k,146,fixed_1,Under-Drafting,1,8.725787483854219e-05
gsm8k,146,fixed_1,Under-Drafting,1,0.0007365134661085904
gsm8k,146,fixed_1,Under-Drafting,1,0.0016837426228448749
gsm8k,146,fixed_1,Under-Drafting,1,0.004221851471811533
gsm8k,146,fixed_1,Under-Drafting,1,0.016260987147688866
gsm8k,146,fixed_1,Under-Drafting,1,0.004933895077556372
gsm8k,146,fixed_1,Under-Drafting,1,0.000968803302384913
gsm8k,146,fixed_1,Under-Drafting,1,0.014061653055250645
gsm8k,147,fixed_1,Under-Drafting,1,0.02520042099058628
gsm8k,147,fixed_1,Under-Drafting,1,0.04337071627378464
gsm8k,147,fixed_1,Under-Drafting,1,0.07472927868366241
gsm8k,147,fixed_1,Under-Drafting,1,0.09352081269025803
gsm8k,147,fixed_1,Under-Drafting,1,0.015384378843009472
gsm8k,147,fixed_1,Under-Drafting,1,0.0023070531897246838
gsm8k,147,fixed_1,Under-Drafting,1,0.1863507777452469
gsm8k,147,fixed_1,Under-Drafting,1,0.002159487921744585
gsm8k,147,fixed_1,Under-Drafting,1,0.01385339256376028
gsm8k,147,fixed_1,Under-Drafting,1,0.037767194211483
gsm8k,147,fixed_1,Under-Drafting,1,5.185515692573972e-05
gsm8k,147,fixed_1,Under-Drafting,1,0.007916576229035854
gsm8k,147,fixed_1,Under-Drafting,1,0.006434750743210316
gsm8k,147,fixed_1,Under-Drafting,1,0.0006632836884818971
gsm8k,147,fixed_1,Under-Drafting,1,0.001989981858059764
gsm8k,147,fixed_1,Under-Drafting,1,0.0034105137456208467
gsm8k,147,fixed_1,Under-Drafting,1,0.003673830535262823
gsm8k,148,fixed_1,Under-Drafting,1,0.003412321675568819
gsm8k,148,fixed_1,Under-Drafting,1,0.13704824447631836
gsm8k,148,fixed_1,Under-Drafting,1,0.08128252625465393
gsm8k,148,fixed_1,Under-Drafting,1,0.10411549359560013
gsm8k,148,fixed_1,Under-Drafting,1,0.06971441209316254
gsm8k,148,fixed_1,Under-Drafting,1,0.0006457257550209761
gsm8k,148,fixed_1,Under-Drafting,1,0.0015162763884291053
gsm8k,148,fixed_1,Under-Drafting,1,0.02825913019478321
gsm8k,148,fixed_1,Under-Drafting,1,0.0002550416102167219
gsm8k,148,fixed_1,Under-Drafting,1,0.06473257392644882
gsm8k,148,fixed_1,Under-Drafting,1,0.07753036171197891
gsm8k,148,fixed_1,Under-Drafting,1,0.0180479995906353
gsm8k,148,fixed_1,Under-Drafting,1,0.0003043021715711802
gsm8k,148,fixed_1,Under-Drafting,1,0.03577790409326553
gsm8k,148,fixed_1,Under-Drafting,1,0.001347209676168859
gsm8k,148,fixed_1,Under-Drafting,1,3.720387758221477e-05
gsm8k,148,fixed_1,Under-Drafting,1,0.10291188210248947
gsm8k,148,fixed_1,Under-Drafting,1,0.006511667277663946
gsm8k,149,fixed_1,Under-Drafting,1,0.04506890848278999
gsm8k,149,fixed_1,Under-Drafting,1,0.02310575172305107
gsm8k,149,fixed_1,Under-Drafting,1,0.002374453702941537
gsm8k,149,fixed_1,Under-Drafting,1,0.020932840183377266
gsm8k,149,fixed_1,Under-Drafting,1,0.00016729490016587079
gsm8k,149,fixed_1,Under-Drafting,1,2.8029789973516017e-05
gsm8k,149,fixed_1,Under-Drafting,1,0.001323472592048347
gsm8k,149,fixed_1,Under-Drafting,1,0.014408913441002369
gsm8k,149,fixed_1,Under-Drafting,1,0.13387557864189148
gsm8k,149,fixed_1,Under-Drafting,1,0.008512143976986408
gsm8k,149,fixed_1,Under-Drafting,1,7.338623618124984e-06
gsm8k,149,fixed_1,Under-Drafting,1,0.019171712920069695
gsm8k,149,fixed_1,Under-Drafting,1,0.1334860920906067
gsm8k,149,fixed_1,Under-Drafting,1,0.08110532909631729
gsm8k,149,fixed_1,Under-Drafting,1,0.08668806403875351
gsm8k,149,fixed_1,Under-Drafting,1,0.016139263287186623
gsm8k,150,fixed_1,Under-Drafting,1,0.0025822054594755173
gsm8k,150,fixed_1,Under-Drafting,1,0.11326906830072403
gsm8k,150,fixed_1,Under-Drafting,1,0.0569111593067646
gsm8k,150,fixed_1,Under-Drafting,1,0.02986305020749569
gsm8k,150,fixed_1,Under-Drafting,1,0.03895137831568718
gsm8k,150,fixed_1,Under-Drafting,1,0.007199121173471212
gsm8k,150,fixed_1,Under-Drafting,1,1.2148366295150481e-06
gsm8k,150,fixed_1,Under-Drafting,1,0.0030577813740819693
gsm8k,150,fixed_1,Under-Drafting,1,2.7597132429946214e-05
gsm8k,150,fixed_1,Under-Drafting,1,0.00029739257297478616
gsm8k,151,fixed_1,Under-Drafting,1,0.17423534393310547
gsm8k,151,fixed_1,Under-Drafting,1,0.0023924377746880054
gsm8k,151,fixed_1,Under-Drafting,1,0.18260715901851654
gsm8k,151,fixed_1,Under-Drafting,1,2.8290325644775294e-05
gsm8k,151,fixed_1,Under-Drafting,1,0.0809357613325119
gsm8k,151,fixed_1,Under-Drafting,1,0.03279169276356697
gsm8k,151,fixed_1,Under-Drafting,1,0.002130939858034253
gsm8k,151,fixed_1,Under-Drafting,1,0.03879612311720848
gsm8k,151,fixed_1,Under-Drafting,1,0.00807318277657032
gsm8k,151,fixed_1,Under-Drafting,1,0.0012312033213675022
gsm8k,151,fixed_1,Under-Drafting,1,0.15775887668132782
gsm8k,152,fixed_1,Under-Drafting,1,0.04895094037055969
gsm8k,152,fixed_1,Under-Drafting,1,0.055400896817445755
gsm8k,152,fixed_1,Under-Drafting,1,0.010043923743069172
gsm8k,152,fixed_1,Under-Drafting,1,0.011026272550225258
gsm8k,152,fixed_1,Under-Drafting,1,0.002128931460902095
gsm8k,152,fixed_1,Under-Drafting,1,0.1740356981754303
gsm8k,152,fixed_1,Under-Drafting,1,0.0036697741597890854
gsm8k,152,fixed_1,Under-Drafting,1,0.148182213306427
gsm8k,152,fixed_1,Under-Drafting,1,8.756487659411505e-05
gsm8k,152,fixed_1,Under-Drafting,1,0.008352216333150864
gsm8k,152,fixed_1,Under-Drafting,1,0.011309762485325336
gsm8k,152,fixed_1,Under-Drafting,1,5.606962076853961e-05
gsm8k,152,fixed_1,Under-Drafting,1,0.0001280011929338798
gsm8k,152,fixed_1,Under-Drafting,1,0.005360633600503206
gsm8k,152,fixed_1,Under-Drafting,1,0.01055860985070467
gsm8k,152,fixed_1,Under-Drafting,1,0.007123372983187437
gsm8k,152,fixed_1,Under-Drafting,1,0.01895872876048088
gsm8k,152,fixed_1,Under-Drafting,1,0.13051658868789673
gsm8k,152,fixed_1,Under-Drafting,1,1.8978786101797596e-05
gsm8k,152,fixed_1,Under-Drafting,1,0.0007316028350032866
gsm8k,152,fixed_1,Under-Drafting,1,0.00021203828509896994
gsm8k,152,fixed_1,Under-Drafting,1,0.0796898826956749
gsm8k,153,fixed_1,Under-Drafting,1,0.08910137414932251
gsm8k,153,fixed_1,Under-Drafting,1,0.16856443881988525
gsm8k,153,fixed_1,Under-Drafting,1,0.0009435861720703542
gsm8k,153,fixed_1,Under-Drafting,1,0.11384277790784836
gsm8k,153,fixed_1,Under-Drafting,1,0.014003327116370201
gsm8k,153,fixed_1,Under-Drafting,1,0.007161081302911043
gsm8k,153,fixed_1,Under-Drafting,1,0.13442067801952362
gsm8k,153,fixed_1,Under-Drafting,1,0.18054988980293274
gsm8k,153,fixed_1,Under-Drafting,1,0.11158603429794312
gsm8k,153,fixed_1,Under-Drafting,1,0.013805675320327282
gsm8k,153,fixed_1,Under-Drafting,1,0.03824872151017189
gsm8k,153,fixed_1,Under-Drafting,1,0.0017140763811767101
gsm8k,153,fixed_1,Under-Drafting,1,0.0034187862183898687
gsm8k,153,fixed_1,Under-Drafting,1,0.0023619364947080612
gsm8k,153,fixed_1,Under-Drafting,1,0.0001473674492444843
gsm8k,153,fixed_1,Under-Drafting,1,0.0025489884428679943
gsm8k,154,fixed_1,Under-Drafting,1,0.0162811242043972
gsm8k,154,fixed_1,Under-Drafting,1,0.12310539931058884
gsm8k,154,fixed_1,Under-Drafting,1,0.013802997767925262
gsm8k,154,fixed_1,Under-Drafting,1,0.015420086681842804
gsm8k,154,fixed_1,Under-Drafting,1,0.10185681283473969
gsm8k,154,fixed_1,Under-Drafting,1,0.026340708136558533
gsm8k,154,fixed_1,Under-Drafting,1,0.006589616183191538
gsm8k,154,fixed_1,Under-Drafting,1,0.10409128665924072
gsm8k,154,fixed_1,Under-Drafting,1,0.02675904519855976
gsm8k,154,fixed_1,Under-Drafting,1,0.01684020645916462
gsm8k,154,fixed_1,Under-Drafting,1,0.004336348734796047
gsm8k,154,fixed_1,Under-Drafting,1,0.0020446779672056437
gsm8k,154,fixed_1,Under-Drafting,1,0.0024785108398646116
gsm8k,154,fixed_1,Under-Drafting,1,0.001391760422848165
gsm8k,154,fixed_1,Under-Drafting,1,0.0180097296833992
gsm8k,154,fixed_1,Under-Drafting,1,0.012611251324415207
gsm8k,154,fixed_1,Under-Drafting,1,0.010056127794086933
gsm8k,154,fixed_1,Under-Drafting,1,0.006473825313150883
gsm8k,155,fixed_1,Under-Drafting,1,0.019507549703121185
gsm8k,155,fixed_1,Under-Drafting,1,0.10283330082893372
gsm8k,155,fixed_1,Under-Drafting,1,0.08262519538402557
gsm8k,155,fixed_1,Under-Drafting,1,0.00016279704868793488
gsm8k,155,fixed_1,Under-Drafting,1,0.017162848263978958
gsm8k,155,fixed_1,Under-Drafting,1,0.14703598618507385
gsm8k,155,fixed_1,Under-Drafting,1,0.056683629751205444
gsm8k,155,fixed_1,Under-Drafting,1,0.034246787428855896
gsm8k,155,fixed_1,Under-Drafting,1,0.00040701916441321373
gsm8k,155,fixed_1,Under-Drafting,1,0.09674812853336334
gsm8k,155,fixed_1,Under-Drafting,1,7.639039540663362e-05
gsm8k,155,fixed_1,Under-Drafting,1,0.01132865622639656
gsm8k,155,fixed_1,Under-Drafting,1,0.0001990825985558331
gsm8k,156,fixed_1,Under-Drafting,1,0.0070295995101332664
gsm8k,156,fixed_1,Under-Drafting,1,0.06758229434490204
gsm8k,156,fixed_1,Under-Drafting,1,0.02255769819021225
gsm8k,156,fixed_1,Under-Drafting,1,0.014128535985946655
gsm8k,156,fixed_1,Under-Drafting,1,0.04243648052215576
gsm8k,156,fixed_1,Under-Drafting,1,0.001730880350805819
gsm8k,156,fixed_1,Under-Drafting,1,0.14952810108661652
gsm8k,156,fixed_1,Under-Drafting,1,0.00020990290795452893
gsm8k,156,fixed_1,Under-Drafting,1,0.002758145099505782
gsm8k,156,fixed_1,Under-Drafting,1,0.0035900236107409
gsm8k,156,fixed_1,Under-Drafting,1,0.010585583746433258
gsm8k,156,fixed_1,Under-Drafting,1,0.09100839495658875
gsm8k,156,fixed_1,Under-Drafting,1,0.048811476677656174
gsm8k,156,fixed_1,Under-Drafting,1,7.587407890241593e-05
gsm8k,157,fixed_1,Under-Drafting,1,0.0217222198843956
gsm8k,157,fixed_1,Under-Drafting,1,0.0030408434104174376
gsm8k,157,fixed_1,Under-Drafting,1,0.0004037528997287154
gsm8k,157,fixed_1,Under-Drafting,1,0.17435109615325928
gsm8k,157,fixed_1,Under-Drafting,1,0.16354155540466309
gsm8k,157,fixed_1,Under-Drafting,1,0.012402717024087906
gsm8k,157,fixed_1,Under-Drafting,1,0.0010249619372189045
gsm8k,157,fixed_1,Under-Drafting,1,0.0036133895628154278
gsm8k,157,fixed_1,Under-Drafting,1,0.05612751469016075
gsm8k,157,fixed_1,Under-Drafting,1,0.0046472810208797455
gsm8k,157,fixed_1,Under-Drafting,1,0.0012317427899688482
gsm8k,157,fixed_1,Under-Drafting,1,0.006264244206249714
gsm8k,157,fixed_1,Under-Drafting,1,0.0070226858370006084
