workload,prompt_idx,policy,avg_latency,net_speedup,wasted_tokens_per_accepted
humaneval,0,baseline,2.4521467685699463,1.0,0.0
humaneval,1,baseline,1.5428330898284912,1.0,0.0
humaneval,2,baseline,1.5868327617645264,1.0,0.0
humaneval,3,baseline,1.4594738483428955,1.0,0.0
humaneval,4,baseline,2.2118730545043945,1.0,0.0
humaneval,5,baseline,2.176206111907959,1.0,0.0
humaneval,6,baseline,1.6510629653930664,1.0,0.0
humaneval,7,baseline,1.560422658920288,1.0,0.0
humaneval,8,baseline,1.5027244091033936,1.0,0.0
humaneval,9,baseline,1.7739968299865723,1.0,0.0
humaneval,10,baseline,1.8007168769836426,1.0,0.0
humaneval,11,baseline,1.5478146076202393,1.0,0.0
humaneval,12,baseline,0.9213411808013916,1.0,0.0
humaneval,13,baseline,1.6613738536834717,1.0,0.0
humaneval,14,baseline,1.8641386032104492,1.0,0.0
humaneval,15,baseline,1.8131189346313477,1.0,0.0
humaneval,16,baseline,1.9489648342132568,1.0,0.0
humaneval,17,baseline,1.7423112392425537,1.0,0.0
humaneval,18,baseline,1.8567590713500977,1.0,0.0
humaneval,19,baseline,1.6260111331939697,1.0,0.0
humaneval,20,baseline,1.5866680145263672,1.0,0.0
humaneval,21,baseline,1.5372533798217773,1.0,0.0
humaneval,22,baseline,1.5222680568695068,1.0,0.0
humaneval,23,baseline,1.567322015762329,1.0,0.0
humaneval,24,baseline,1.6564202308654785,1.0,0.0
humaneval,25,baseline,1.5873937606811523,1.0,0.0
humaneval,26,baseline,1.4795558452606201,1.0,0.0
humaneval,27,baseline,1.6646080017089844,1.0,0.0
humaneval,28,baseline,1.8879444599151611,1.0,0.0
humaneval,29,baseline,1.6971275806427002,1.0,0.0
humaneval,30,baseline,1.5865190029144287,1.0,0.0
humaneval,31,baseline,1.511953353881836,1.0,0.0
humaneval,32,baseline,1.5293588638305664,1.0,0.0
humaneval,33,baseline,1.7609388828277588,1.0,0.0
humaneval,34,baseline,1.7959914207458496,1.0,0.0
humaneval,35,baseline,1.6202290058135986,1.0,0.0
humaneval,36,baseline,1.5650355815887451,1.0,0.0
humaneval,37,baseline,1.6612050533294678,1.0,0.0
humaneval,38,baseline,1.7456510066986084,1.0,0.0
humaneval,39,baseline,1.7149970531463623,1.0,0.0
humaneval,40,baseline,1.7088730335235596,1.0,0.0
humaneval,41,baseline,1.6746578216552734,1.0,0.0
humaneval,42,baseline,1.674880027770996,1.0,0.0
humaneval,43,baseline,1.7048122882843018,1.0,0.0
humaneval,44,baseline,1.7274694442749023,1.0,0.0
humaneval,45,baseline,1.6426262855529785,1.0,0.0
humaneval,46,baseline,1.663475513458252,1.0,0.0
humaneval,47,baseline,1.7377893924713135,1.0,0.0
humaneval,48,baseline,1.6891624927520752,1.0,0.0
humaneval,49,baseline,1.7075324058532715,1.0,0.0
humaneval,50,baseline,1.6563348770141602,1.0,0.0
humaneval,51,baseline,1.628842830657959,1.0,0.0
humaneval,52,baseline,1.7062244415283203,1.0,0.0
humaneval,53,baseline,1.7441997528076172,1.0,0.0
humaneval,54,baseline,1.6565148830413818,1.0,0.0
humaneval,55,baseline,1.602757215499878,1.0,0.0
humaneval,56,baseline,1.6616811752319336,1.0,0.0
humaneval,57,baseline,1.723670244216919,1.0,0.0
humaneval,58,baseline,1.7601144313812256,1.0,0.0
humaneval,59,baseline,1.5706512928009033,1.0,0.0
humaneval,60,baseline,1.5917778015136719,1.0,0.0
humaneval,61,baseline,1.732924222946167,1.0,0.0
humaneval,62,baseline,1.7764334678649902,1.0,0.0
humaneval,63,baseline,1.733177900314331,1.0,0.0
humaneval,64,baseline,1.6141233444213867,1.0,0.0
humaneval,65,baseline,1.6896588802337646,1.0,0.0
humaneval,66,baseline,1.8269991874694824,1.0,0.0
humaneval,67,baseline,1.6879050731658936,1.0,0.0
humaneval,68,baseline,1.708423137664795,1.0,0.0
humaneval,69,baseline,1.5743129253387451,1.0,0.0
humaneval,70,baseline,1.0844416618347168,1.0,0.0
humaneval,71,baseline,1.7519383430480957,1.0,0.0
humaneval,72,baseline,1.787841558456421,1.0,0.0
humaneval,73,baseline,1.7112946510314941,1.0,0.0
humaneval,74,baseline,0.5897650718688965,1.0,0.0
humaneval,75,baseline,1.5835235118865967,1.0,0.0
humaneval,76,baseline,1.606154441833496,1.0,0.0
humaneval,77,baseline,1.623091459274292,1.0,0.0
humaneval,78,baseline,1.3079988956451416,1.0,0.0
humaneval,79,baseline,1.6959092617034912,1.0,0.0
humaneval,80,baseline,1.6146917343139648,1.0,0.0
humaneval,81,baseline,1.6030142307281494,1.0,0.0
humaneval,82,baseline,1.6952219009399414,1.0,0.0
humaneval,83,baseline,1.7376055717468262,1.0,0.0
humaneval,84,baseline,0.4262683391571045,1.0,0.0
humaneval,85,baseline,1.6008801460266113,1.0,0.0
humaneval,86,baseline,1.5747246742248535,1.0,0.0
humaneval,87,baseline,1.6258482933044434,1.0,0.0
humaneval,88,baseline,1.7635738849639893,1.0,0.0
humaneval,89,baseline,1.771498680114746,1.0,0.0
humaneval,90,baseline,0.8422465324401855,1.0,0.0
humaneval,91,baseline,1.588289737701416,1.0,0.0
humaneval,92,baseline,0.6403450965881348,1.0,0.0
humaneval,93,baseline,1.6413922309875488,1.0,0.0
humaneval,94,baseline,1.8269433975219727,1.0,0.0
humaneval,95,baseline,1.8070869445800781,1.0,0.0
humaneval,96,baseline,1.6572537422180176,1.0,0.0
humaneval,97,baseline,1.6340246200561523,1.0,0.0
humaneval,98,baseline,1.733224868774414,1.0,0.0
humaneval,99,baseline,0.45656418800354004,1.0,0.0
humaneval,100,baseline,1.7573935985565186,1.0,0.0
humaneval,101,baseline,0.8853759765625,1.0,0.0
humaneval,102,baseline,1.591172218322754,1.0,0.0
humaneval,103,baseline,0.748525857925415,1.0,0.0
humaneval,104,baseline,1.7199528217315674,1.0,0.0
humaneval,105,baseline,1.7950937747955322,1.0,0.0
humaneval,106,baseline,1.743870735168457,1.0,0.0
humaneval,107,baseline,1.640930414199829,1.0,0.0
humaneval,108,baseline,1.6015887260437012,1.0,0.0
humaneval,109,baseline,1.7063119411468506,1.0,0.0
humaneval,110,baseline,1.767085075378418,1.0,0.0
humaneval,111,baseline,1.7642600536346436,1.0,0.0
humaneval,112,baseline,1.6045076847076416,1.0,0.0
humaneval,113,baseline,1.6119563579559326,1.0,0.0
humaneval,114,baseline,1.6945011615753174,1.0,0.0
humaneval,115,baseline,1.7770884037017822,1.0,0.0
humaneval,116,baseline,1.766930103302002,1.0,0.0
humaneval,117,baseline,1.6144728660583496,1.0,0.0
humaneval,118,baseline,1.6142988204956055,1.0,0.0
humaneval,119,baseline,1.7061290740966797,1.0,0.0
humaneval,120,baseline,1.7738091945648193,1.0,0.0
humaneval,121,baseline,1.7206859588623047,1.0,0.0
humaneval,122,baseline,1.6457226276397705,1.0,0.0
humaneval,123,baseline,1.671236276626587,1.0,0.0
humaneval,124,baseline,1.8159334659576416,1.0,0.0
humaneval,125,baseline,1.1226611137390137,1.0,0.0
humaneval,126,baseline,1.7156481742858887,1.0,0.0
humaneval,127,baseline,1.6114673614501953,1.0,0.0
humaneval,128,baseline,1.628136157989502,1.0,0.0
humaneval,129,baseline,1.8609421253204346,1.0,0.0
humaneval,130,baseline,1.7843773365020752,1.0,0.0
humaneval,131,baseline,1.680835247039795,1.0,0.0
humaneval,132,baseline,1.6370456218719482,1.0,0.0
humaneval,133,baseline,1.6611833572387695,1.0,0.0
humaneval,134,baseline,1.3895678520202637,1.0,0.0
humaneval,135,baseline,1.7720015048980713,1.0,0.0
humaneval,136,baseline,1.6622300148010254,1.0,0.0
humaneval,137,baseline,1.6069409847259521,1.0,0.0
humaneval,138,baseline,1.662921667098999,1.0,0.0
humaneval,139,baseline,1.5502839088439941,1.0,0.0
humaneval,140,baseline,1.9126715660095215,1.0,0.0
humaneval,141,baseline,1.6831326484680176,1.0,0.0
humaneval,142,baseline,1.6151831150054932,1.0,0.0
humaneval,143,baseline,1.8099186420440674,1.0,0.0
humaneval,144,baseline,0.8318295478820801,1.0,0.0
humaneval,145,baseline,1.7549054622650146,1.0,0.0
humaneval,146,baseline,1.7227439880371094,1.0,0.0
humaneval,147,baseline,1.6003761291503906,1.0,0.0
humaneval,148,baseline,1.5978076457977295,1.0,0.0
humaneval,149,baseline,1.7340528964996338,1.0,0.0
humaneval,150,baseline,1.7953286170959473,1.0,0.0
humaneval,151,baseline,1.6790108680725098,1.0,0.0
humaneval,152,baseline,0.6384260654449463,1.0,0.0
humaneval,153,baseline,1.6659228801727295,1.0,0.0
humaneval,154,baseline,1.676893949508667,1.0,0.0
humaneval,155,baseline,1.7620489597320557,1.0,0.0
humaneval,156,baseline,1.7721951007843018,1.0,0.0
humaneval,157,baseline,1.664778470993042,1.0,0.0
humaneval,158,baseline,1.6046020984649658,1.0,0.0
humaneval,159,baseline,1.8393352031707764,1.0,0.0
humaneval,160,baseline,1.729346513748169,1.0,0.0
humaneval,161,baseline,1.6805915832519531,1.0,0.0
humaneval,162,baseline,1.6147966384887695,1.0,0.0
humaneval,163,baseline,1.6866846084594727,1.0,0.0
humaneval,0,fixed_1,1.2003140449523926,2.0429209996182327,0.0
humaneval,1,fixed_1,1.721158504486084,0.8963922182688,0.06451612903225806
humaneval,2,fixed_1,1.7337663173675537,0.9152518109671651,0.03125
humaneval,3,fixed_1,1.7317428588867188,0.842777460206271,0.0967741935483871
humaneval,4,fixed_1,1.6693663597106934,1.3249776129954598,0.13333333333333333
humaneval,5,fixed_1,1.6580305099487305,1.3125247689050374,0.0967741935483871
humaneval,6,fixed_1,1.736511468887329,0.9507930094184671,0.06451612903225806
humaneval,7,fixed_1,1.5862438678741455,0.9837217911590967,0.0
humaneval,8,fixed_1,1.3042688369750977,1.1521584864272005,0.0
humaneval,9,fixed_1,1.551231861114502,1.1436052046481446,0.0
humaneval,10,fixed_1,1.9240365028381348,0.9359057763859552,0.16666666666666666
humaneval,11,fixed_1,1.6801505088806152,0.9212356865882548,0.06451612903225806
humaneval,12,fixed_1,1.146672010421753,0.8034914713428094,0.09523809523809523
humaneval,13,fixed_1,1.517806053161621,1.0945890288306572,0.03125
humaneval,14,fixed_1,1.467921257019043,1.2699173026460684,0.0
humaneval,15,fixed_1,1.6593043804168701,1.0926982150049134,0.0967741935483871
humaneval,16,fixed_1,1.6464595794677734,1.183730750829164,0.03125
humaneval,17,fixed_1,1.7771034240722656,0.980421969617286,0.0
humaneval,18,fixed_1,1.5809998512268066,1.1744207755043812,0.06451612903225806
humaneval,19,fixed_1,1.6839897632598877,0.9655706754691417,0.2068965517241379
humaneval,20,fixed_1,1.864513874053955,0.8509821442500312,0.06451612903225806
humaneval,21,fixed_1,1.805145025253296,0.8515954997056658,0.03125
humaneval,22,fixed_1,1.690030813217163,0.9007339067219129,0.13333333333333333
humaneval,23,fixed_1,1.5832116603851318,0.9899636637220462,0.13333333333333333
humaneval,24,fixed_1,1.5391888618469238,1.0761643823733786,0.0967741935483871
humaneval,25,fixed_1,1.6742374897003174,0.9481293845386835,0.0
humaneval,26,fixed_1,1.694157361984253,0.8733284631409419,0.06451612903225806
humaneval,27,fixed_1,1.6845054626464844,0.9881879510760152,0.0967741935483871
humaneval,28,fixed_1,1.5456249713897705,1.2214764220699599,0.0
humaneval,29,fixed_1,1.4808714389801025,1.146033028911366,0.0
humaneval,30,fixed_1,1.74639892578125,0.9084516598661447,0.03125
humaneval,31,fixed_1,1.7898588180541992,0.8447333044544366,0.0967741935483871
humaneval,32,fixed_1,2.262464761734009,0.675970247005495,0.06451612903225806
humaneval,33,fixed_1,1.783562421798706,0.9873155328378518,0.0967741935483871
humaneval,34,fixed_1,1.5111017227172852,1.1885311185512195,0.0
humaneval,35,fixed_1,1.6657590866088867,0.9726670674281134,0.03125
humaneval,36,fixed_1,1.7206900119781494,0.9095395281510004,0.03125
humaneval,37,fixed_1,2.006395101547241,0.8279550981999615,0.16666666666666666
humaneval,38,fixed_1,1.7580487728118896,0.9929479964918995,0.0
humaneval,39,fixed_1,1.7886614799499512,0.9588158924260782,0.13333333333333333
humaneval,40,fixed_1,1.8742451667785645,0.9117660078914622,0.0967741935483871
humaneval,41,fixed_1,1.893312692642212,0.8845120133421834,0.2068965517241379
humaneval,42,fixed_1,1.701631784439087,0.984278762942296,0.0967741935483871
humaneval,43,fixed_1,1.7588236331939697,0.9692912103918089,0.03125
humaneval,44,fixed_1,1.7841479778289795,0.9682321566044955,0.2068965517241379
humaneval,45,fixed_1,1.6228866577148438,1.0121632818560045,0.06451612903225806
humaneval,46,fixed_1,1.7503743171691895,0.9503541597596818,0.0
humaneval,47,fixed_1,1.5763370990753174,1.1024224409174308,0.06451612903225806
humaneval,48,fixed_1,1.595999002456665,1.058373150704986,0.06451612903225806
humaneval,49,fixed_1,1.7746350765228271,0.9621879046812064,0.06451612903225806
humaneval,50,fixed_1,1.7437341213226318,0.9498781131597179,0.0967741935483871
humaneval,51,fixed_1,1.7383956909179688,0.9369804810076584,0.16666666666666666
humaneval,52,fixed_1,1.6651110649108887,1.0246910716551103,0.2857142857142857
humaneval,53,fixed_1,1.7065436840057373,1.0220656928708034,0.03125
humaneval,54,fixed_1,1.8286821842193604,0.9058517096826891,0.06451612903225806
humaneval,55,fixed_1,1.5586130619049072,1.0283227150303864,0.03125
humaneval,56,fixed_1,1.6206116676330566,1.0253419794631369,0.13333333333333333
humaneval,57,fixed_1,1.6996610164642334,1.0141258918808596,0.16666666666666666
humaneval,58,fixed_1,1.7382819652557373,1.0125597955693433,0.0
humaneval,59,fixed_1,1.8221147060394287,0.8619936426586944,0.16666666666666666
humaneval,60,fixed_1,1.6431660652160645,0.9687260680522662,0.0
humaneval,61,fixed_1,1.57179856300354,1.1025103748884546,0.06451612903225806
humaneval,62,fixed_1,1.7471129894256592,1.0167822451191149,0.03125
humaneval,63,fixed_1,1.7952728271484375,0.9654119831286389,0.0
humaneval,64,fixed_1,1.7952260971069336,0.8991198083754465,0.03125
humaneval,65,fixed_1,1.5569586753845215,1.085230396250864,0.06451612903225806
humaneval,66,fixed_1,1.8736343383789062,0.9751097906597008,0.0967741935483871
humaneval,67,fixed_1,2.117971897125244,0.7969440366309455,0.16666666666666666
humaneval,68,fixed_1,6.080595254898071,0.2809631402926576,0.4074074074074074
humaneval,69,fixed_1,1.8646831512451172,0.8442790531396815,0.03125
humaneval,70,fixed_1,1.8809058666229248,0.5765528626808842,0.16666666666666666
humaneval,71,fixed_1,1.831674337387085,0.9564682472689255,0.13333333333333333
humaneval,72,fixed_1,2.072683095932007,0.8625735221970807,0.13333333333333333
humaneval,73,fixed_1,1.7236769199371338,0.9928163632276916,0.0
humaneval,74,fixed_1,0.7272281646728516,0.810976665259116,0.18181818181818182
humaneval,75,fixed_1,1.7302746772766113,0.9151862029091268,0.06451612903225806
humaneval,76,fixed_1,1.8717353343963623,0.8581098044780372,0.0967741935483871
humaneval,77,fixed_1,1.5456104278564453,1.0501297286958025,0.10714285714285714
humaneval,78,fixed_1,3.635679006576538,0.35976743086480334,0.06451612903225806
humaneval,79,fixed_1,1.8806710243225098,0.9017575321629806,0.13333333333333333
humaneval,80,fixed_1,1.6309564113616943,0.9900275219285903,0.0
humaneval,81,fixed_1,2.31362247467041,0.6928590330868517,0.03125
humaneval,82,fixed_1,1.8696610927581787,0.9067001006257773,0.2413793103448276
humaneval,83,fixed_1,1.8421013355255127,0.9432736072856296,0.16666666666666666
humaneval,84,fixed_1,0.4503929615020752,0.9464365023278466,0.14285714285714285
humaneval,85,fixed_1,1.6181752681732178,0.9893119599052264,0.06451612903225806
humaneval,86,fixed_1,2.0045924186706543,0.7855585302817479,0.4074074074074074
humaneval,87,fixed_1,2.248556137084961,0.723063243336322,0.06451612903225806
humaneval,88,fixed_1,2.0116968154907227,0.8766598780610946,0.0967741935483871
humaneval,89,fixed_1,1.7366726398468018,1.0200533131396694,0.0967741935483871
humaneval,90,fixed_1,1.7041380405426025,0.494236096139261,0.0
humaneval,91,fixed_1,1.6836273670196533,0.9433736756803832,0.06451612903225806
humaneval,92,fixed_1,1.7940640449523926,0.3569243240729051,0.06451612903225806
humaneval,93,fixed_1,1.789416790008545,0.9172777634324705,0.03125
humaneval,94,fixed_1,4.595594882965088,0.3975423082426327,0.13333333333333333
humaneval,95,fixed_1,1.8676488399505615,0.9675731893089247,0.03125
humaneval,96,fixed_1,1.7726824283599854,0.9348847349670196,0.0
humaneval,97,fixed_1,1.6511576175689697,0.9896236450533156,0.03125
humaneval,98,fixed_1,1.5914068222045898,1.0891148916738729,0.13333333333333333
humaneval,99,fixed_1,0.5356030464172363,0.8524301552382793,0.6666666666666666
humaneval,100,fixed_1,1.974501371383667,0.8900442532106188,0.2068965517241379
humaneval,101,fixed_1,0.9176185131072998,0.9648628094526799,0.13333333333333333
humaneval,102,fixed_1,1.6514668464660645,0.9634902582075241,0.0
humaneval,103,fixed_1,1.727454662322998,0.433311434592925,0.06451612903225806
humaneval,104,fixed_1,1.8026785850524902,0.9541095323332339,0.0967741935483871
humaneval,105,fixed_1,2.6075148582458496,0.6884308900940045,0.16666666666666666
humaneval,106,fixed_1,1.8457694053649902,0.9447933908210038,0.13333333333333333
humaneval,107,fixed_1,1.9676406383514404,0.83395838763254,0.0967741935483871
humaneval,108,fixed_1,1.7794671058654785,0.900038399566109,0.03125
humaneval,109,fixed_1,3.405235528945923,0.5010848520293198,0.03125
humaneval,110,fixed_1,1.880687952041626,0.9395950420483719,0.2068965517241379
humaneval,111,fixed_1,1.9305448532104492,0.9138663889112557,0.16666666666666666
humaneval,112,fixed_1,1.8856747150421143,0.8508931428673301,0.0967741935483871
humaneval,113,fixed_1,2.1023061275482178,0.7667562477382168,0.2413793103448276
humaneval,114,fixed_1,1.7442412376403809,0.9714832587421496,0.0967741935483871
humaneval,115,fixed_1,4.127285003662109,0.4305707994783459,0.06451612903225806
humaneval,116,fixed_1,2.1066479682922363,0.8387400884706768,0.37037037037037035
humaneval,117,fixed_1,1.9564754962921143,0.8251945240909363,0.16666666666666666
humaneval,118,fixed_1,1.7073407173156738,0.9455047865511277,0.0
humaneval,119,fixed_1,1.8609275817871094,0.916816479477524,0.13333333333333333
humaneval,120,fixed_1,2.1100027561187744,0.8406667666290809,0.06451612903225806
humaneval,121,fixed_1,1.7563600540161133,0.9796886207516302,0.06451612903225806
humaneval,122,fixed_1,1.7797939777374268,0.924670297925103,0.13333333333333333
humaneval,123,fixed_1,2.2111799716949463,0.7558119637568561,0.2857142857142857
humaneval,124,fixed_1,2.673069477081299,0.6793439083897076,0.06451612903225806
humaneval,125,fixed_1,1.3289310932159424,0.8447850452668947,0.4117647058823529
humaneval,126,fixed_1,2.281961441040039,0.7518304838244574,0.13333333333333333
humaneval,127,fixed_1,2.1876091957092285,0.7366340224803057,0.03125
humaneval,128,fixed_1,2.0978057384490967,0.7761138832584087,0.5599999999999999
humaneval,129,fixed_1,9.212909460067749,0.20199288111822492,0.13333333333333333
humaneval,130,fixed_1,15.768848657608032,0.11315837796700284,0.0967741935483871
humaneval,131,fixed_1,3.429281234741211,0.4901421411611458,0.2413793103448276
humaneval,132,fixed_1,3.6854453086853027,0.44419208121580467,0.0
humaneval,133,fixed_1,8.039109945297241,0.20663772090970553,0.0967741935483871
humaneval,134,fixed_1,2.8014307022094727,0.4960207835675961,0.041666666666666664
humaneval,135,fixed_1,3.8734028339385986,0.45747927103575853,0.32142857142857145
humaneval,136,fixed_1,4.108452320098877,0.40458788012927965,0.2068965517241379
humaneval,137,fixed_1,4.394927263259888,0.3656353992839512,0.13333333333333333
humaneval,138,fixed_1,3.4545528888702393,0.481371025598289,0.2857142857142857
humaneval,139,fixed_1,3.5954954624176025,0.43117393000451376,0.2068965517241379
humaneval,140,fixed_1,3.6293928623199463,0.5269949103241807,0.2068965517241379
humaneval,141,fixed_1,13.53248119354248,0.12437723905880513,0.03125
humaneval,142,fixed_1,8.578985452651978,0.1882720426465113,0.03125
humaneval,143,fixed_1,5.729276657104492,0.3159070071785953,0.13333333333333333
humaneval,144,fixed_1,1.710768461227417,0.486231519188325,0.15384615384615385
humaneval,145,fixed_1,3.5350911617279053,0.49642438680626283,0.06451612903225806
humaneval,146,fixed_1,3.6491355895996094,0.47209645839061093,0.03125
humaneval,147,fixed_1,8.793727159500122,0.1819906508495044,0.2413793103448276
humaneval,148,fixed_1,15.388537883758545,0.10383102396518752,0.13333333333333333
humaneval,149,fixed_1,10.304067611694336,0.16828819082394367,0.03125
humaneval,150,fixed_1,3.2374157905578613,0.5545560821480339,0.0
humaneval,151,fixed_1,4.123439073562622,0.40718701989256173,0.16666666666666666
humaneval,152,fixed_1,15.074833154678345,0.04235045647897047,0.0967741935483871
humaneval,153,fixed_1,16.303232669830322,0.10218359229182661,0.16666666666666666
humaneval,154,fixed_1,3.982591390609741,0.42105598718022935,0.2413793103448276
humaneval,155,fixed_1,3.155813455581665,0.5583501637638093,0.13333333333333333
humaneval,156,fixed_1,3.412806510925293,0.5192779300880487,0.03125
humaneval,157,fixed_1,3.4074103832244873,0.48857586370844924,0.06451612903225806
humaneval,158,fixed_1,3.578697681427002,0.448375985150311,0.06451612903225806
humaneval,159,fixed_1,15.655458927154541,0.11748842443580061,0.0967741935483871
humaneval,160,fixed_1,10.922928094863892,0.15832261264828165,0.038461538461538464
humaneval,161,fixed_1,3.563866376876831,0.4715641400463301,0.13333333333333333
humaneval,162,fixed_1,3.431448221206665,0.47058749961872604,0.0967741935483871
humaneval,163,fixed_1,3.406123638153076,0.49519183319312926,0.03125
humaneval,0,fixed_2,1.9096856117248535,1.2840578331399453,0.1111111111111111
humaneval,1,fixed_2,2.957141637802124,0.5217312116896746,0.09523809523809523
humaneval,2,fixed_2,2.742328643798828,0.5786442720323834,0.06976744186046512
humaneval,3,fixed_2,2.9939427375793457,0.4874755385344829,0.06976744186046512
humaneval,4,fixed_2,3.042072296142578,0.7270941776463049,0.2
humaneval,5,fixed_2,2.8052594661712646,0.7757592971883404,0.09523809523809523
humaneval,6,fixed_2,2.8844926357269287,0.572392851672848,0.06976744186046512
humaneval,7,fixed_2,2.6329030990600586,0.5926623959223398,0.0
humaneval,8,fixed_2,2.2469594478607178,0.668781277087179,0.0
humaneval,9,fixed_2,2.790992498397827,0.6356150476953762,0.06976744186046512
humaneval,10,fixed_2,3.9095120429992676,0.46059888220786327,0.21951219512195122
humaneval,11,fixed_2,2.644623279571533,0.5852684651066852,0.06976744186046512
humaneval,12,fixed_2,1.801551342010498,0.511415444742858,0.034482758620689655
humaneval,13,fixed_2,2.4422802925109863,0.6802551937948778,0.047619047619047616
humaneval,14,fixed_2,2.490895986557007,0.7483807486426276,0.09523809523809523
humaneval,15,fixed_2,2.5328874588012695,0.7158308310663893,0.06976744186046512
humaneval,16,fixed_2,2.4245591163635254,0.8038429836829103,0.047619047619047616
humaneval,17,fixed_2,6.138102769851685,0.28385175429127807,0.023255813953488372
humaneval,18,fixed_2,2.728508234024048,0.6805033784383049,0.023255813953488372
humaneval,19,fixed_2,2.901235342025757,0.5604547516847167,0.12195121951219512
humaneval,20,fixed_2,6.000493288040161,0.26442292964293834,0.17073170731707318
humaneval,21,fixed_2,3.0817675590515137,0.49882197484579377,0.09523809523809523
humaneval,22,fixed_2,2.252204179763794,0.6759014438154355,0.15151515151515152
humaneval,23,fixed_2,2.5639843940734863,0.6112837579608951,0.17073170731707318
humaneval,24,fixed_2,2.467231273651123,0.671368042613302,0.047619047619047616
humaneval,25,fixed_2,3.099768877029419,0.5121006835201175,0.06976744186046512
humaneval,26,fixed_2,2.6224217414855957,0.5641944702694751,0.047619047619047616
humaneval,27,fixed_2,2.4448013305664062,0.6808765934871819,0.06976744186046512
humaneval,28,fixed_2,2.378148317337036,0.7938716211061271,0.023255813953488372
humaneval,29,fixed_2,2.5908753871917725,0.6550402188513598,0.0
humaneval,30,fixed_2,2.8706536293029785,0.552668210027014,0.023255813953488372
humaneval,31,fixed_2,2.739109516143799,0.5519871859707199,0.023255813953488372
humaneval,32,fixed_2,13.960468053817749,0.10954925421804428,0.09523809523809523
humaneval,33,fixed_2,4.576463460922241,0.3847815890729077,0.06976744186046512
humaneval,34,fixed_2,2.5075531005859375,0.7162326573767,0.047619047619047616
humaneval,35,fixed_2,2.594365358352661,0.6245184397784251,0.023255813953488372
humaneval,36,fixed_2,2.597529411315918,0.602509282386101,0.047619047619047616
humaneval,37,fixed_2,3.290555953979492,0.5048402387202867,0.21951219512195122
humaneval,38,fixed_2,4.596670389175415,0.37976423343500954,0.0
humaneval,39,fixed_2,3.103012800216675,0.5526877146709188,0.21951219512195122
humaneval,40,fixed_2,5.230045318603516,0.32674153461826005,0.12195121951219512
humaneval,41,fixed_2,4.892555475234985,0.3422869357602616,0.25
humaneval,42,fixed_2,3.177032947540283,0.5271837136809421,0.21951219512195122
humaneval,43,fixed_2,5.14086127281189,0.3316199752948834,0.09523809523809523
humaneval,44,fixed_2,3.0563435554504395,0.5652078743550512,0.21951219512195122
humaneval,45,fixed_2,2.285271167755127,0.718788347190573,0.023255813953488372
humaneval,46,fixed_2,6.627258777618408,0.2510050639754924,0.0
humaneval,47,fixed_2,2.712256669998169,0.6407171606190526,0.06976744186046512
humaneval,48,fixed_2,2.5291500091552734,0.6678775425093306,0.12195121951219512
humaneval,49,fixed_2,2.8025193214416504,0.609284793431824,0.047619047619047616
humaneval,50,fixed_2,2.7475526332855225,0.6028400901035754,0.09523809523809523
humaneval,51,fixed_2,3.270582437515259,0.4980283670499468,0.25
humaneval,52,fixed_2,3.3362598419189453,0.5114183314171766,0.5135135135135135
humaneval,53,fixed_2,2.327305793762207,0.749450182903567,0.047619047619047616
humaneval,54,fixed_2,3.510871171951294,0.47182445664069,0.0
humaneval,55,fixed_2,2.357940196990967,0.6797276782274636,0.023255813953488372
humaneval,56,fixed_2,2.9649853706359863,0.5604348647681539,0.25
humaneval,57,fixed_2,2.8584916591644287,0.6029999208466357,0.14285714285714285
humaneval,58,fixed_2,3.0491180419921875,0.5772536212573877,0.09523809523809523
humaneval,59,fixed_2,2.82453989982605,0.5560733246847149,0.3333333333333333
humaneval,60,fixed_2,2.869786500930786,0.5546676733608562,0.09523809523809523
humaneval,61,fixed_2,2.7992520332336426,0.6190668801423808,0.09523809523809523
humaneval,62,fixed_2,2.8741745948791504,0.6180673474151571,0.06976744186046512
humaneval,63,fixed_2,4.451770544052124,0.389323277820322,0.023255813953488372
humaneval,64,fixed_2,3.047437906265259,0.5296657041322791,0.09523809523809523
humaneval,65,fixed_2,2.6999261379241943,0.625816705316553,0.09523809523809523
humaneval,66,fixed_2,2.9957289695739746,0.6098679840617564,0.12195121951219512
humaneval,67,fixed_2,13.590463161468506,0.12419775934873352,0.2
humaneval,68,fixed_2,20.63483214378357,0.08279316864612697,0.5675675675675675
humaneval,69,fixed_2,5.723271369934082,0.27507221370089907,0.09523809523809523
humaneval,70,fixed_2,3.3102731704711914,0.3275988433547782,0.21951219512195122
humaneval,71,fixed_2,3.169609308242798,0.5527300599768096,0.17073170731707318
humaneval,72,fixed_2,13.89365029335022,0.12868047782317638,0.14285714285714285
humaneval,73,fixed_2,4.585439205169678,0.3732019059596648,0.047619047619047616
humaneval,74,fixed_2,2.5505483150482178,0.23123069984178954,0.0
humaneval,75,fixed_2,2.94138240814209,0.5383602987164194,0.21951219512195122
humaneval,76,fixed_2,3.7896482944488525,0.42382678207532376,0.17073170731707318
humaneval,77,fixed_2,2.879420280456543,0.5636868887430857,0.2777777777777778
humaneval,78,fixed_2,17.541194677352905,0.07456726407203458,0.14285714285714285
humaneval,79,fixed_2,4.273705005645752,0.3968241278850835,0.14285714285714285
humaneval,80,fixed_2,2.941544532775879,0.54892649637713,0.023255813953488372
humaneval,81,fixed_2,14.123164415359497,0.11350248312515632,0.09523809523809523
humaneval,82,fixed_2,3.1537396907806396,0.5375275283168112,0.47368421052631576
humaneval,83,fixed_2,2.714362382888794,0.640152391847384,0.3
humaneval,84,fixed_2,4.086931228637695,0.10430034549399388,0.12195121951219512
humaneval,85,fixed_2,2.348538398742676,0.6816495514332087,0.047619047619047616
humaneval,86,fixed_2,3.892071008682251,0.4045981357256923,0.5675675675675675
humaneval,87,fixed_2,13.860383033752441,0.11730182992383545,0.09523809523809523
humaneval,88,fixed_2,11.361283540725708,0.15522664130705605,0.12195121951219512
humaneval,89,fixed_2,3.372516632080078,0.5252750018380585,0.4594594594594595
humaneval,90,fixed_2,2.9917774200439453,0.2815204522894668,0.06976744186046512
humaneval,91,fixed_2,2.9110512733459473,0.5456069263513329,0.12195121951219512
humaneval,92,fixed_2,3.0964412689208984,0.2068003365719555,0.06976744186046512
humaneval,93,fixed_2,2.872835159301758,0.5713492560382368,0.12195121951219512
humaneval,94,fixed_2,20.270160675048828,0.09012969491508838,0.28205128205128205
humaneval,95,fixed_2,6.6290600299835205,0.2726007814692501,0.0
humaneval,96,fixed_2,4.681501865386963,0.35400044470152797,0.09523809523809523
humaneval,97,fixed_2,2.9043679237365723,0.5626093742124523,0.12195121951219512
humaneval,98,fixed_2,2.7958579063415527,0.619925950043141,0.21951219512195122
humaneval,99,fixed_2,3.605600357055664,0.12662639859964145,0.3103448275862069
humaneval,100,fixed_2,3.336972236633301,0.5266431585087348,0.28205128205128205
humaneval,101,fixed_2,1.5012097358703613,0.5897750030572395,0.2
humaneval,102,fixed_2,2.6975886821746826,0.5898498273057765,0.047619047619047616
humaneval,103,fixed_2,4.182196378707886,0.17897912726821225,0.12195121951219512
humaneval,104,fixed_2,3.0819060802459717,0.5580808684456391,0.14285714285714285
humaneval,105,fixed_2,13.37836766242981,0.13417883407679523,0.0
humaneval,106,fixed_2,3.1409811973571777,0.5551993551046247,0.14285714285714285
humaneval,107,fixed_2,11.834524154663086,0.13865622248557102,0.047619047619047616
humaneval,108,fixed_2,3.1379809379577637,0.5103882903399772,0.12195121951219512
humaneval,109,fixed_2,14.640382051467896,0.11654832060723237,0.12195121951219512
humaneval,110,fixed_2,11.903913497924805,0.14844572549073645,0.25
humaneval,111,fixed_2,5.046379566192627,0.34960906735078107,0.25
humaneval,112,fixed_2,6.167851686477661,0.2601404453718219,0.3333333333333333
humaneval,113,fixed_2,9.206918001174927,0.17508099428606025,0.3
humaneval,114,fixed_2,2.780858278274536,0.6093446670093233,0.06976744186046512
humaneval,115,fixed_2,18.82530951499939,0.0943988943334959,0.09523809523809523
humaneval,116,fixed_2,7.5792670249938965,0.23312677828545364,0.28205128205128205
humaneval,117,fixed_2,7.899674892425537,0.20437206442588646,0.14285714285714285
humaneval,118,fixed_2,4.000581741333008,0.4035160196371129,0.023255813953488372
humaneval,119,fixed_2,6.339267253875732,0.2691366376853063,0.14285714285714285
humaneval,120,fixed_2,13.731067657470703,0.12918217569190532,0.14285714285714285
humaneval,121,fixed_2,2.7956390380859375,0.6154893158311273,0.047619047619047616
humaneval,122,fixed_2,3.145212411880493,0.5232468946845495,0.12195121951219512
humaneval,123,fixed_2,15.40838360786438,0.10846279007316474,0.3684210526315789
humaneval,124,fixed_2,14.02840805053711,0.1294468666306092,0.12195121951219512
humaneval,125,fixed_2,3.768794298171997,0.2978833613401361,0.4594594594594595
humaneval,126,fixed_2,15.92236328125,0.10775084979415192,0.3333333333333333
humaneval,127,fixed_2,13.968444585800171,0.11536483905218455,0.09523809523809523
humaneval,128,fixed_2,4.011423826217651,0.405874878477915,0.8787878787878788
humaneval,129,fixed_2,11.973504304885864,0.15542167755859623,0.12195121951219512
humaneval,130,fixed_2,13.32058334350586,0.13395639593907177,0.0
humaneval,131,fixed_2,3.15907883644104,0.5320649892148285,0.47368421052631576
humaneval,132,fixed_2,2.987898826599121,0.5478919189962206,0.0
humaneval,133,fixed_2,5.189818859100342,0.32008503617152,0.09523809523809523
humaneval,134,fixed_2,2.3103058338165283,0.6014648933837283,0.0625
humaneval,135,fixed_2,3.513258457183838,0.5043755039640535,0.4594594594594595
humaneval,136,fixed_2,3.7615275382995605,0.4419029231811645,0.14285714285714285
humaneval,137,fixed_2,3.8736586570739746,0.4148380451105051,0.21951219512195122
humaneval,138,fixed_2,3.1371304988861084,0.5300773007974796,0.5135135135135135
humaneval,139,fixed_2,3.1452763080596924,0.49289275631251545,0.28205128205128205
humaneval,140,fixed_2,2.9793875217437744,0.6419680394210935,0.2
humaneval,141,fixed_2,12.456643342971802,0.13511927749120814,0.09523809523809523
humaneval,142,fixed_2,6.721590757369995,0.24029774696332112,0.12195121951219512
humaneval,143,fixed_2,4.301229953765869,0.4207909508440542,0.14285714285714285
humaneval,144,fixed_2,1.4782977104187012,0.5626942002409511,0.29411764705882354
humaneval,145,fixed_2,3.0070741176605225,0.5835923537629049,0.09523809523809523
humaneval,146,fixed_2,2.9616682529449463,0.5816802696669663,0.047619047619047616
humaneval,147,fixed_2,7.499555826187134,0.21339612188259974,0.25
humaneval,148,fixed_2,12.500879287719727,0.12781562072736277,0.12195121951219512
humaneval,149,fixed_2,8.65956974029541,0.2002470040088249,0.0
humaneval,150,fixed_2,2.651634454727173,0.6770649000639377,0.047619047619047616
humaneval,151,fixed_2,3.768559694290161,0.4455311854596389,0.14285714285714285
humaneval,152,fixed_2,4.3262858390808105,0.14756909025238846,0.125
humaneval,153,fixed_2,15.22745132446289,0.10940260748011228,0.21951219512195122
humaneval,154,fixed_2,3.3548829555511475,0.49983679661133906,0.21951219512195122
humaneval,155,fixed_2,2.546100616455078,0.6920578661912218,0.12195121951219512
humaneval,156,fixed_2,2.8847930431365967,0.6143231331622382,0.09523809523809523
humaneval,157,fixed_2,2.9050004482269287,0.5730733955683697,0.12195121951219512
humaneval,158,fixed_2,3.284750461578369,0.4885004560419277,0.21951219512195122
humaneval,159,fixed_2,14.050067901611328,0.13091290490915228,0.12195121951219512
humaneval,160,fixed_2,11.790351629257202,0.1466747191370338,0.12195121951219512
humaneval,161,fixed_2,3.0547783374786377,0.5501517287303683,0.14285714285714285
humaneval,162,fixed_2,2.718352794647217,0.5940349765006625,0.12195121951219512
humaneval,163,fixed_2,2.9009745121002197,0.5814200026315857,0.12195121951219512
humaneval,0,fixed_4,1.642096996307373,1.4933020242313053,0.09090909090909091
humaneval,1,fixed_4,2.9712817668914795,0.5192483281188729,0.28
humaneval,2,fixed_4,2.384434461593628,0.6654964887162269,0.12
humaneval,3,fixed_4,2.7772603034973145,0.5255084827680816,0.1320754716981132
humaneval,4,fixed_4,2.9173293113708496,0.7581842220839436,0.28
humaneval,5,fixed_4,2.7595763206481934,0.7886015311933074,0.2549019607843137
humaneval,6,fixed_4,2.697543144226074,0.6120617454912873,0.22448979591836735
humaneval,7,fixed_4,2.2729949951171875,0.6865051010989306,0.0
humaneval,8,fixed_4,2.325381278991699,0.6462271037784327,0.04
humaneval,9,fixed_4,2.651249885559082,0.6691171736203511,0.17647058823529413
humaneval,10,fixed_4,3.6914327144622803,0.4878097520046353,0.3333333333333333
humaneval,11,fixed_4,2.3888542652130127,0.6479317847722375,0.09803921568627451
humaneval,12,fixed_4,1.749110221862793,0.5267484971988604,0.17647058823529413
humaneval,13,fixed_4,2.2806339263916016,0.7284702005253787,0.12
humaneval,14,fixed_4,2.4310312271118164,0.7668098140496273,0.2
humaneval,15,fixed_4,2.5891518592834473,0.7002752380592816,0.30612244897959184
humaneval,16,fixed_4,2.296705484390259,0.8485915357713695,0.05660377358490566
humaneval,17,fixed_4,4.760580778121948,0.36598711805283063,0.05660377358490566
humaneval,18,fixed_4,2.2794349193573,0.814569898698236,0.0
humaneval,19,fixed_4,3.067228078842163,0.5301239723287114,0.44680851063829785
humaneval,20,fixed_4,4.861456394195557,0.3263770948189116,0.2
humaneval,21,fixed_4,2.771885633468628,0.5545875923813348,0.15384615384615385
humaneval,22,fixed_4,2.784278392791748,0.5467370148080468,0.28
humaneval,23,fixed_4,2.487922191619873,0.62997228009846,0.28
humaneval,24,fixed_4,2.5312790870666504,0.6543807197431579,0.28
humaneval,25,fixed_4,2.5893325805664062,0.6130513216397703,0.09803921568627451
humaneval,26,fixed_4,2.3703815937042236,0.6241846668023188,0.09803921568627451
humaneval,27,fixed_4,2.632190465927124,0.632404084452402,0.23076923076923078
humaneval,28,fixed_4,2.418595314025879,0.7805954344518176,0.15384615384615385
humaneval,29,fixed_4,2.4001235961914062,0.7071000774025792,0.037037037037037035
humaneval,30,fixed_4,2.5318665504455566,0.6266203100772566,0.05660377358490566
humaneval,31,fixed_4,2.7145273685455322,0.556985857428269,0.15384615384615385
humaneval,32,fixed_4,10.622945308685303,0.14396749859760316,0.2549019607843137
humaneval,33,fixed_4,3.863628625869751,0.45577332951645927,0.1320754716981132
humaneval,34,fixed_4,2.14265775680542,0.8382073222106968,0.0196078431372549
humaneval,35,fixed_4,2.371006965637207,0.6833505887141765,0.09803921568627451
humaneval,36,fixed_4,2.536341428756714,0.6170445208379962,0.2
humaneval,37,fixed_4,3.310814142227173,0.5017512255194069,0.46938775510204084
humaneval,38,fixed_4,3.5014500617980957,0.4985508791755168,0.0
humaneval,39,fixed_4,2.9744715690612793,0.5765720106336745,0.44680851063829785
humaneval,40,fixed_4,4.545497179031372,0.3759485412083599,0.28
humaneval,41,fixed_4,4.367712497711182,0.3834175950300865,0.46938775510204084
humaneval,42,fixed_4,3.0724596977233887,0.5451267689571446,0.3333333333333333
humaneval,43,fixed_4,4.121844291687012,0.4136042430624051,0.09803921568627451
humaneval,44,fixed_4,3.0303966999053955,0.5700472958965509,0.44680851063829785
humaneval,45,fixed_4,2.4748589992523193,0.6637252005262655,0.17647058823529413
humaneval,46,fixed_4,4.5878942012786865,0.36257930991404,0.0
humaneval,47,fixed_4,2.3868160247802734,0.7280784838166535,0.09803921568627451
humaneval,48,fixed_4,2.496602773666382,0.6765844012387515,0.17647058823529413
humaneval,49,fixed_4,2.9346683025360107,0.5818485190907938,0.23076923076923078
humaneval,50,fixed_4,2.447327136993408,0.6767934094209415,0.07692307692307693
humaneval,51,fixed_4,3.2308311462402344,0.5041559762581426,0.44680851063829785
humaneval,52,fixed_4,3.569200277328491,0.478041104156086,0.8666666666666667
humaneval,53,fixed_4,2.216273784637451,0.7869965186151141,0.09803921568627451
humaneval,54,fixed_4,2.8384125232696533,0.5836061070972137,0.15384615384615385
humaneval,55,fixed_4,2.329921245574951,0.6879018844709354,0.05660377358490566
humaneval,56,fixed_4,3.2253596782684326,0.515192518350085,0.44680851063829785
humaneval,57,fixed_4,2.744738817214966,0.6279906246110128,0.15384615384615385
humaneval,58,fixed_4,2.770005702972412,0.6354190641169072,0.22448979591836735
humaneval,59,fixed_4,3.4353296756744385,0.4572054041632981,0.7872340425531915
humaneval,60,fixed_4,2.56326961517334,0.620995072890929,0.12
humaneval,61,fixed_4,2.864013195037842,0.6050685192193292,0.28
humaneval,62,fixed_4,2.7291738986968994,0.6509051946866359,0.17647058823529413
humaneval,63,fixed_4,3.7345879077911377,0.4640881251445592,0.05660377358490566
humaneval,64,fixed_4,2.6728110313415527,0.6039047749706483,0.05660377358490566
humaneval,65,fixed_4,2.5031487941741943,0.6750133608382615,0.12
humaneval,66,fixed_4,2.74996280670166,0.664372326424592,0.22448979591836735
humaneval,67,fixed_4,11.196560859680176,0.15075210096380504,0.46938775510204084
humaneval,68,fixed_4,16.34173846244812,0.10454353688199093,1.0
humaneval,69,fixed_4,4.703006029129028,0.3347460997472503,0.12
humaneval,70,fixed_4,3.257335901260376,0.3329228838251249,0.5319148936170213
humaneval,71,fixed_4,3.198101043701172,0.547805813233647,0.3877551020408163
humaneval,72,fixed_4,9.920140504837036,0.18022341090679853,0.2549019607843137
humaneval,73,fixed_4,3.697193145751953,0.46286320015435456,0.09803921568627451
humaneval,74,fixed_4,2.132842540740967,0.2765159924389014,0.3333333333333333
humaneval,75,fixed_4,2.48919939994812,0.6361577589644287,0.22448979591836735
humaneval,76,fixed_4,3.5027027130126953,0.4585471772601658,0.2549019607843137
humaneval,77,fixed_4,3.173583745956421,0.5114380426677986,0.5652173913043478
humaneval,78,fixed_4,11.989436864852905,0.10909594090107326,0.23076923076923078
humaneval,79,fixed_4,3.1087048053741455,0.545535638755955,0.07692307692307693
humaneval,80,fixed_4,2.5491459369659424,0.6334245956258634,0.037037037037037035
humaneval,81,fixed_4,9.831144571304321,0.16305469003142467,0.17647058823529413
humaneval,82,fixed_4,3.6102840900421143,0.4695536026141828,1.0
humaneval,83,fixed_4,2.7681422233581543,0.6277154248378398,0.5319148936170213
humaneval,84,fixed_4,3.339374303817749,0.12764916429696785,0.17647058823529413
humaneval,85,fixed_4,2.5551602840423584,0.6265282675316006,0.23076923076923078
humaneval,86,fixed_4,3.9325060844421387,0.4004379498495404,0.9090909090909091
humaneval,87,fixed_4,9.20551586151123,0.17661674997511054,0.09803921568627451
humaneval,88,fixed_4,7.686203479766846,0.22944668191603557,0.07692307692307693
humaneval,89,fixed_4,3.0412867069244385,0.58248328777467,0.4166666666666667
humaneval,90,fixed_4,2.7562549114227295,0.3055764287075439,0.17647058823529413
humaneval,91,fixed_4,2.8122410774230957,0.5647772342322774,0.28
humaneval,92,fixed_4,2.867236614227295,0.22333179389895047,0.1320754716981132
humaneval,93,fixed_4,2.4735190868377686,0.663585835954054,0.07692307692307693
humaneval,94,fixed_4,14.635050773620605,0.12483341710129238,0.36
humaneval,95,fixed_4,5.184615850448608,0.3485478956794295,0.07692307692307693
humaneval,96,fixed_4,3.842663288116455,0.4312773766421642,0.15384615384615385
humaneval,97,fixed_4,2.5203676223754883,0.6483278889752032,0.09803921568627451
humaneval,98,fixed_4,2.9053425788879395,0.5965647154208679,0.5
humaneval,99,fixed_4,4.7920050621032715,0.09527623240930974,0.44680851063829785
humaneval,100,fixed_4,3.1558640003204346,0.556866074830246,0.36
humaneval,101,fixed_4,1.4297447204589844,0.6192545871253659,0.3333333333333333
humaneval,102,fixed_4,2.4586992263793945,0.647160173660552,0.07692307692307693
humaneval,103,fixed_4,3.7738537788391113,0.19834521997714277,0.17647058823529413
humaneval,104,fixed_4,3.2924561500549316,0.522392020833101,0.46938775510204084
humaneval,105,fixed_4,10.498365879058838,0.17098792283246844,0.30612244897959184
humaneval,106,fixed_4,3.166910409927368,0.550653636964884,0.36
humaneval,107,fixed_4,8.38937759399414,0.19559620434471234,0.09803921568627451
humaneval,108,fixed_4,2.9913346767425537,0.5354094072107534,0.23076923076923078
humaneval,109,fixed_4,9.408071994781494,0.18136680311261588,0.12
humaneval,110,fixed_4,9.482303142547607,0.1863561045047602,0.5
humaneval,111,fixed_4,4.463440656661987,0.3952690736464404,0.5319148936170213
humaneval,112,fixed_4,4.2788405418396,0.37498655746068454,0.44680851063829785
humaneval,113,fixed_4,8.195086240768433,0.19669791270003567,0.5510204081632653
humaneval,114,fixed_4,2.5564770698547363,0.6628266615634467,0.1320754716981132
humaneval,115,fixed_4,12.464890003204346,0.14256751589825073,0.22448979591836735
humaneval,116,fixed_4,7.611624717712402,0.23213573564528484,0.9534883720930233
humaneval,117,fixed_4,6.673562049865723,0.24192070950937425,0.28
humaneval,118,fixed_4,3.963780641555786,0.40726240084314863,0.1320754716981132
humaneval,119,fixed_4,4.510535955429077,0.37825417887271434,0.2
humaneval,120,fixed_4,9.760667085647583,0.1817303242698533,0.3333333333333333
humaneval,121,fixed_4,2.616656541824341,0.6575895351029284,0.15384615384615385
humaneval,122,fixed_4,3.4549379348754883,0.47633927400756054,0.2549019607843137
humaneval,123,fixed_4,11.070125579833984,0.15096814074729312,0.5652173913043478
humaneval,124,fixed_4,9.972634077072144,0.18209165722149706,0.17647058823529413
humaneval,125,fixed_4,4.774982690811157,0.23511312740451001,1.2439024390243902
humaneval,126,fixed_4,11.876059770584106,0.14446274331958056,0.5
humaneval,127,fixed_4,9.642466306686401,0.1671219074245301,0.17647058823529413
humaneval,128,fixed_4,4.684280157089233,0.34757446254051766,1.380952380952381
humaneval,129,fixed_4,8.329924583435059,0.2234044386213431,0.17647058823529413
humaneval,130,fixed_4,9.503650188446045,0.18775705135605808,0.2
humaneval,131,fixed_4,2.966487407684326,0.5666079157072418,0.46938775510204084
humaneval,132,fixed_4,2.4696552753448486,0.662864019207442,0.0
humaneval,133,fixed_4,4.621986150741577,0.3594089863233883,0.2549019607843137
humaneval,134,fixed_4,2.0170035362243652,0.6889268298564314,0.15789473684210525
humaneval,135,fixed_4,4.16977334022522,0.42496350768129787,1.1904761904761905
humaneval,136,fixed_4,3.0989232063293457,0.5363895469903966,0.28
humaneval,137,fixed_4,3.6026084423065186,0.4460493030147709,0.4166666666666667
humaneval,138,fixed_4,3.5018742084503174,0.4748661911059595,0.7872340425531915
humaneval,139,fixed_4,3.4881021976470947,0.44444910756621203,0.6666666666666666
humaneval,140,fixed_4,3.014744281768799,0.6344390725197184,0.3333333333333333
humaneval,141,fixed_4,9.106750249862671,0.18482253298792278,0.17647058823529413
humaneval,142,fixed_4,4.908575057983398,0.3290533598704025,0.17647058823529413
humaneval,143,fixed_4,3.9854977130889893,0.4541261273592042,0.2549019607843137
humaneval,144,fixed_4,1.2992773056030273,0.6402247959653286,0.3333333333333333
humaneval,145,fixed_4,2.560694694519043,0.6853239732254087,0.12
humaneval,146,fixed_4,2.7922401428222656,0.6169755822992504,0.17647058823529413
humaneval,147,fixed_4,6.415943145751953,0.24943739256947942,0.5319148936170213
humaneval,148,fixed_4,9.091949939727783,0.17573872011943442,0.3333333333333333
humaneval,149,fixed_4,7.028599739074707,0.246713849254975,0.1320754716981132
humaneval,150,fixed_4,2.5972070693969727,0.6912535539620228,0.2
humaneval,151,fixed_4,3.467576265335083,0.4842030108630535,0.46938775510204084
humaneval,152,fixed_4,10.819422483444214,0.05900740695003456,0.3333333333333333
humaneval,153,fixed_4,11.041066646575928,0.15088423369759912,0.3333333333333333
humaneval,154,fixed_4,3.1851487159729004,0.5264727329996777,0.36
humaneval,155,fixed_4,2.5807886123657227,0.6827560193381528,0.3333333333333333
humaneval,156,fixed_4,2.429898262023926,0.7293289305488018,0.12
humaneval,157,fixed_4,2.679561138153076,0.621287735252241,0.2
humaneval,158,fixed_4,2.8976621627807617,0.5537574804528276,0.3333333333333333
humaneval,159,fixed_4,11.267679691314697,0.1632399263699841,0.36
humaneval,160,fixed_4,9.925954103469849,0.17422471388857577,0.44680851063829785
humaneval,161,fixed_4,2.665773391723633,0.6304330249786604,0.22448979591836735
humaneval,162,fixed_4,2.6818618774414062,0.60211774963942,0.3333333333333333
humaneval,163,fixed_4,2.496126890182495,0.6757206995739535,0.09803921568627451
humaneval,0,fixed_8,1.4455924034118652,1.696291958080595,0.08108108108108109
humaneval,1,fixed_8,3.4632084369659424,0.44549241488339086,0.7777777777777778
humaneval,2,fixed_8,2.4436542987823486,0.649368759957262,0.14285714285714285
humaneval,3,fixed_8,2.5987637042999268,0.561603136879295,0.16129032258064516
humaneval,4,fixed_8,3.4189906120300293,0.6469374460174644,0.8461538461538461
humaneval,5,fixed_8,2.722365617752075,0.7993805452571453,0.45454545454545453
humaneval,6,fixed_8,2.806706428527832,0.5882563807213277,0.3559322033898305
humaneval,7,fixed_8,2.2365026473999023,0.6977066004077364,0.0
humaneval,8,fixed_8,2.2658307552337646,0.6632112330686226,0.0847457627118644
humaneval,9,fixed_8,2.8163795471191406,0.629885567732227,0.3559322033898305
humaneval,10,fixed_8,4.328256130218506,0.416037503975703,0.7627118644067796
humaneval,11,fixed_8,2.168121814727783,0.7138965149956641,0.10344827586206896
humaneval,12,fixed_8,2.106868267059326,0.43730364883579503,0.5135135135135135
humaneval,13,fixed_8,2.4505763053894043,0.6779523045373909,0.2
humaneval,14,fixed_8,2.6476056575775146,0.7040846879425707,0.45454545454545453
humaneval,15,fixed_8,3.2581589221954346,0.5564857264266347,0.6
humaneval,16,fixed_8,2.17587947845459,0.8957135969670075,0.03225806451612903
humaneval,17,fixed_8,3.450615644454956,0.5049276473438586,0.12280701754385964
humaneval,18,fixed_8,2.216083288192749,0.8378561768155899,0.06666666666666667
humaneval,19,fixed_8,3.138587236404419,0.5180710334681461,0.660377358490566
humaneval,20,fixed_8,4.12441611289978,0.38470124524143084,0.22033898305084745
humaneval,21,fixed_8,2.8959858417510986,0.5308221323665918,0.3114754098360656
humaneval,22,fixed_8,3.0960004329681396,0.4916885800981967,0.6296296296296297
humaneval,23,fixed_8,2.8946540355682373,0.5414540033122317,0.46666666666666673
humaneval,24,fixed_8,2.7174835205078125,0.6095419598187464,0.40350877192982454
humaneval,25,fixed_8,2.645590305328369,0.6000149597933025,0.2
humaneval,26,fixed_8,2.3864214420318604,0.6199893359996331,0.3090909090909091
humaneval,27,fixed_8,2.6497223377227783,0.6282197866586957,0.2903225806451613
humaneval,28,fixed_8,2.3922863006591797,0.7891799820928413,0.16129032258064516
humaneval,29,fixed_8,2.2375898361206055,0.7584623210414089,0.0
humaneval,30,fixed_8,2.2969295978546143,0.6907129432248487,0.015873015873015872
humaneval,31,fixed_8,2.2898476123809814,0.6602855778292199,0.12280701754385964
humaneval,32,fixed_8,7.551443576812744,0.20252536462386792,0.3114754098360656
humaneval,33,fixed_8,3.4239747524261475,0.514296690295394,0.3559322033898305
humaneval,34,fixed_8,2.210552215576172,0.8124627901077339,0.0847457627118644
humaneval,35,fixed_8,2.4680230617523193,0.6564886005008482,0.22033898305084745
humaneval,36,fixed_8,2.850850820541382,0.5489714054176787,0.48148148148148145
humaneval,37,fixed_8,3.745155096054077,0.44356108377987485,0.9259259259259258
humaneval,38,fixed_8,2.919156551361084,0.5979984204289017,0.0
humaneval,39,fixed_8,3.3393032550811768,0.5135793074608528,0.6
humaneval,40,fixed_8,4.533696889877319,0.37692705865252524,0.3333333333333333
humaneval,41,fixed_8,5.22319221496582,0.32061960439765896,0.9649122807017544
humaneval,42,fixed_8,3.4281938076019287,0.4885604845493257,0.6
humaneval,43,fixed_8,3.7475669384002686,0.4549117644345636,0.2857142857142857
humaneval,44,fixed_8,3.6764109134674072,0.46987931570620856,0.7627118644067796
humaneval,45,fixed_8,2.374370813369751,0.691815396442535,0.2857142857142857
humaneval,46,fixed_8,3.860773801803589,0.430865831269666,0.0
humaneval,47,fixed_8,2.5057146549224854,0.6935304421265287,0.2
humaneval,48,fixed_8,2.55428409576416,0.6613056455048442,0.2631578947368421
humaneval,49,fixed_8,2.880375385284424,0.5928159275964165,0.40350877192982454
humaneval,50,fixed_8,2.5757336616516113,0.6430536284376878,0.22033898305084745
humaneval,51,fixed_8,3.551339626312256,0.45865588821460157,0.7454545454545455
humaneval,52,fixed_8,5.092703580856323,0.33503313405910495,2.0638297872340425
humaneval,53,fixed_8,2.174471855163574,0.8021256971736753,0.14285714285714285
humaneval,54,fixed_8,2.8311240673065186,0.585108544754579,0.10344827586206896
humaneval,55,fixed_8,2.0976064205169678,0.7640886296986394,0.12280701754385964
humaneval,56,fixed_8,3.4127602577209473,0.4869024044313062,0.7142857142857143
humaneval,57,fixed_8,3.049652576446533,0.5652021668072584,0.6
humaneval,58,fixed_8,2.844607353210449,0.6187547920786834,0.3793103448275862
humaneval,59,fixed_8,4.1106276512146,0.38209524823704494,1.2641509433962264
humaneval,60,fixed_8,2.8938114643096924,0.5500627187173662,0.3114754098360656
humaneval,61,fixed_8,2.8124170303344727,0.616169012011734,0.45454545454545453
humaneval,62,fixed_8,2.554720878601074,0.6953532508168712,0.2631578947368421
humaneval,63,fixed_8,2.89383602142334,0.5989205633917929,0.015873015873015872
humaneval,64,fixed_8,2.334968328475952,0.6912827573446937,0.12280701754385964
humaneval,65,fixed_8,2.498063325881958,0.6763875289819642,0.16129032258064516
humaneval,66,fixed_8,2.8447678089141846,0.6422313911682047,0.48148148148148145
humaneval,67,fixed_8,8.123907327651978,0.20777010434629642,0.8461538461538461
humaneval,68,fixed_8,15.071781158447266,0.11335243789067868,1.9387755102040816
humaneval,69,fixed_8,3.6604883670806885,0.4300827560324391,0.2857142857142857
humaneval,70,fixed_8,4.082317352294922,0.2656436450794511,0.9310344827586206
humaneval,71,fixed_8,3.297360897064209,0.5313153148046144,0.6296296296296297
humaneval,72,fixed_8,7.966028451919556,0.22443323787346112,0.6
humaneval,73,fixed_8,2.9311935901641846,0.5838217771674507,0.0847457627118644
humaneval,74,fixed_8,2.0920732021331787,0.2819046060470272,0.6
humaneval,75,fixed_8,3.2595055103302,0.4858170992096834,0.7142857142857143
humaneval,76,fixed_8,3.333688259124756,0.4817950321051268,0.45454545454545453
humaneval,77,fixed_8,3.695984125137329,0.4391500083117873,1.0392156862745099
humaneval,78,fixed_8,9.406160116195679,0.1390576897997949,0.44262295081967207
humaneval,79,fixed_8,3.990750789642334,0.4249599514219441,0.6551724137931034
humaneval,80,fixed_8,2.3457980155944824,0.6883336602639092,0.12280701754385964
humaneval,81,fixed_8,6.51419472694397,0.2460801830344083,0.2857142857142857
humaneval,82,fixed_8,4.574894189834595,0.3705488762355905,1.7755102040816326
humaneval,83,fixed_8,3.6424152851104736,0.4770476279434252,0.9310344827586206
humaneval,84,fixed_8,3.412727117538452,0.12490548598698548,0.40350877192982454
humaneval,85,fixed_8,2.6056458950042725,0.6143889885789666,0.40350877192982454
humaneval,86,fixed_8,4.988252639770508,0.3156866317615583,1.4727272727272727
humaneval,87,fixed_8,6.79374623298645,0.2393154288587167,0.2857142857142857
humaneval,88,fixed_8,6.503809690475464,0.2711601305841811,0.40350877192982454
humaneval,89,fixed_8,3.729142665863037,0.4750418095642279,1.0392156862745099
humaneval,90,fixed_8,3.1755945682525635,0.26522483092155213,0.44262295081967207
humaneval,91,fixed_8,3.0547468662261963,0.5199415229005778,0.4915254237288136
humaneval,92,fixed_8,3.7058522701263428,0.17279293666131587,0.543859649122807
humaneval,93,fixed_8,2.771132230758667,0.592318263548967,0.3333333333333333
humaneval,94,fixed_8,10.913406610488892,0.16740358558308407,0.7454545454545455
humaneval,95,fixed_8,3.8527116775512695,0.469042870534407,0.04918032786885246
humaneval,96,fixed_8,3.4530272483825684,0.47994227181215887,0.3793103448275862
humaneval,97,fixed_8,2.589730978012085,0.6309630745161234,0.2
humaneval,98,fixed_8,3.234813928604126,0.5358035754230626,0.7777777777777778
humaneval,99,fixed_8,4.562232255935669,0.10007473587288976,0.6842105263157895
humaneval,100,fixed_8,4.080101013183594,0.4307230612374646,1.0
humaneval,101,fixed_8,1.6890618801116943,0.5241820841424424,0.8461538461538461
humaneval,102,fixed_8,2.270416259765625,0.700828410419775,0.14285714285714285
humaneval,103,fixed_8,3.179542064666748,0.23541939144115995,0.3090909090909091
humaneval,104,fixed_8,3.064802646636963,0.5611952938042807,0.6
humaneval,105,fixed_8,7.954418182373047,0.22567254243351847,0.44262295081967207
humaneval,106,fixed_8,3.4754395484924316,0.5017698368325553,0.6842105263157895
humaneval,107,fixed_8,6.172281265258789,0.26585476968393285,0.3090909090909091
humaneval,108,fixed_8,2.8881993293762207,0.55452845991402,0.40350877192982454
humaneval,109,fixed_8,6.771392107009888,0.25198835249555857,0.2413793103448276
humaneval,110,fixed_8,8.812124967575073,0.2005288261208903,1.196078431372549
humaneval,111,fixed_8,5.31460165977478,0.33196468269447094,1.0
humaneval,112,fixed_8,4.895693302154541,0.3277386032334818,1.0
humaneval,113,fixed_8,8.549357414245605,0.18854707785054878,1.105263157894737
humaneval,114,fixed_8,2.764000415802002,0.6130611095019105,0.2903225806451613
humaneval,115,fixed_8,9.028414011001587,0.1968328436795553,0.3793103448275862
humaneval,116,fixed_8,6.976796865463257,0.2532580691934304,1.4489795918367347
humaneval,117,fixed_8,5.863746881484985,0.2753312683322181,0.5714285714285714
humaneval,118,fixed_8,3.132484197616577,0.5153414091358807,0.16129032258064516
humaneval,119,fixed_8,4.707172632217407,0.3624530492931961,0.6
humaneval,120,fixed_8,8.199149370193481,0.21634063662910943,0.6842105263157895
humaneval,121,fixed_8,2.5343923568725586,0.6789343229339723,0.18032786885245902
humaneval,122,fixed_8,3.5057010650634766,0.469441802679765,0.6551724137931034
humaneval,123,fixed_8,11.060433864593506,0.15110042671802626,1.105263157894737
humaneval,124,fixed_8,7.503060817718506,0.2420256892586167,0.48148148148148145
humaneval,125,fixed_8,5.961353302001953,0.18832319724482685,1.8936170212765957
humaneval,126,fixed_8,10.50944709777832,0.16324818597246413,1.196078431372549
humaneval,127,fixed_8,6.620743751525879,0.24339672730556916,0.2857142857142857
humaneval,128,fixed_8,6.27539849281311,0.2594474533934574,2.4285714285714284
humaneval,129,fixed_8,7.921693801879883,0.23491719976336597,0.4915254237288136
humaneval,130,fixed_8,7.55197811126709,0.23627946350107837,0.2903225806451613
humaneval,131,fixed_8,3.702251672744751,0.45400350803101086,0.9622641509433962
humaneval,132,fixed_8,2.8421924114227295,0.5759798721904562,0.0
humaneval,133,fixed_8,4.2033679485321045,0.3952029366876831,0.46666666666666673
humaneval,134,fixed_8,2.026564598083496,0.6856765648301394,0.3333333333333333
humaneval,135,fixed_8,5.385135650634766,0.3290542002761247,2.3043478260869565
humaneval,136,fixed_8,3.7593867778778076,0.4421545621702065,0.44262295081967207
humaneval,137,fixed_8,4.197599411010742,0.38282380650968695,0.8571428571428571
humaneval,138,fixed_8,4.126769065856934,0.40295971026275235,1.4
humaneval,139,fixed_8,3.9534380435943604,0.39213562771165056,1.196078431372549
humaneval,140,fixed_8,3.716822624206543,0.5145985588746875,1.0392156862745099
humaneval,141,fixed_8,6.207834005355835,0.27113042117683683,0.22033898305084745
humaneval,142,fixed_8,4.504221200942993,0.35859320467372746,0.3333333333333333
humaneval,143,fixed_8,3.768960475921631,0.48021693345072414,0.5172413793103449
humaneval,144,fixed_8,1.4627199172973633,0.5686868265382166,0.7391304347826086
humaneval,145,fixed_8,2.630732774734497,0.6670785718409298,0.22033898305084745
humaneval,146,fixed_8,2.5620274543762207,0.6724143354102142,0.3090909090909091
humaneval,147,fixed_8,5.856625318527222,0.27325909412160254,1.0
humaneval,148,fixed_8,7.25664758682251,0.22018537164450705,0.660377358490566
humaneval,149,fixed_8,5.164899826049805,0.3357379532810541,0.22033898305084745
humaneval,150,fixed_8,2.5712244510650635,0.6982387773857233,0.2413793103448276
humaneval,151,fixed_8,3.9490156173706055,0.425172000000966,0.7777777777777778
humaneval,152,fixed_8,2.235044479370117,0.2856435616104017,0.5238095238095238
humaneval,153,fixed_8,9.182134628295898,0.1814308924461834,0.6842105263157895
humaneval,154,fixed_8,3.757446050643921,0.44628556921563634,0.9622641509433962
humaneval,155,fixed_8,2.9263479709625244,0.6021324111884372,0.660377358490566
humaneval,156,fixed_8,2.4693994522094727,0.717662385159536,0.2857142857142857
humaneval,157,fixed_8,2.801914930343628,0.5941573932042515,0.40350877192982454
humaneval,158,fixed_8,3.150263786315918,0.5093548373425169,0.44262295081967207
humaneval,159,fixed_8,8.114996671676636,0.22665877480769836,0.660377358490566
humaneval,160,fixed_8,5.017270803451538,0.34467872703990726,0.4222222222222222
humaneval,161,fixed_8,3.0246176719665527,0.5556376922704622,0.5172413793103449
humaneval,162,fixed_8,2.719026565551758,0.5938877754808134,0.40350877192982454
humaneval,163,fixed_8,2.8566884994506836,0.5904335067627455,0.3333333333333333
humaneval,0,entropy,1.4893717765808105,1.6464302648458957,0.02857142857142857
humaneval,1,entropy,2.943507432937622,0.5241478491150753,0.11627906976744186
humaneval,2,entropy,2.2410364151000977,0.708079864777052,0.019230769230769232
humaneval,3,entropy,1.8448708057403564,0.7910981320760837,0.0
humaneval,4,entropy,3.2585742473602295,0.6787855321376313,0.12244897959183673
humaneval,5,entropy,2.559389591217041,0.8502832547948003,0.061224489795918366
humaneval,6,entropy,2.8677210807800293,0.5757404290322307,0.057692307692307696
humaneval,7,entropy,2.306485652923584,0.6765369023398761,0.0
humaneval,8,entropy,1.8911325931549072,0.7946161017702379,0.0
humaneval,9,entropy,2.4384922981262207,0.7274974095057597,0.0196078431372549
humaneval,10,entropy,3.9928650856018066,0.450983651683347,0.13043478260869565
humaneval,11,entropy,2.433767557144165,0.6359747064080672,0.06
humaneval,12,entropy,1.343433141708374,0.6858109660967348,0.034482758620689655
humaneval,13,entropy,2.5900614261627197,0.6414418735021524,0.044444444444444446
humaneval,14,entropy,2.3199214935302734,0.803535209449588,0.14
humaneval,15,entropy,2.717090606689453,0.667301609363878,0.10416666666666667
humaneval,16,entropy,2.111259698867798,0.923128895634405,0.0
humaneval,17,entropy,4.208892583847046,0.4139595403145291,0.016666666666666666
humaneval,18,entropy,2.2555012702941895,0.8232134895263956,0.018867924528301886
humaneval,19,entropy,2.9750280380249023,0.5465532130828137,0.07317073170731707
humaneval,20,entropy,5.27778434753418,0.3006314601064877,0.08888888888888889
humaneval,21,entropy,2.5919735431671143,0.5930822032787488,0.038461538461538464
humaneval,22,entropy,1.3168103694915771,1.1560267842189436,0.07692307692307693
humaneval,23,entropy,2.332033157348633,0.672083932779185,0.08
humaneval,24,entropy,2.1920950412750244,0.7556334007771979,0.057692307692307696
humaneval,25,entropy,2.493661403656006,0.6365714921656337,0.03773584905660377
humaneval,26,entropy,2.174194812774658,0.6805074856067955,0.037037037037037035
humaneval,27,entropy,2.3582139015197754,0.7058765961120874,0.08695652173913043
humaneval,28,entropy,2.3490054607391357,0.8037207624545506,0.0392156862745098
humaneval,29,entropy,2.24314546585083,0.7565838268090098,0.0
humaneval,30,entropy,2.417370080947876,0.6562995940995258,0.0
humaneval,31,entropy,2.7296502590179443,0.553900027626908,0.0689655172413793
humaneval,32,entropy,13.8861243724823,0.11013576018815223,0.043478260869565216
humaneval,33,entropy,3.3911683559417725,0.5192720319362388,0.0784313725490196
humaneval,34,entropy,2.3655641078948975,0.7592233136915881,0.017543859649122806
humaneval,35,entropy,2.3491275310516357,0.6897152174144711,0.03389830508474576
humaneval,36,entropy,2.3436477184295654,0.6677776567194349,0.04
humaneval,37,entropy,3.4090864658355713,0.48728745075179675,0.1794871794871795
humaneval,38,entropy,3.5951080322265625,0.48556287907083345,0.0
humaneval,39,entropy,2.8732008934020996,0.5968942363496444,0.13953488372093023
humaneval,40,entropy,3.5428872108459473,0.4823391013668556,0.07547169811320754
humaneval,41,entropy,5.785768508911133,0.28944431825711603,0.1875
humaneval,42,entropy,2.920335531234741,0.5735231482331906,0.10416666666666667
humaneval,43,entropy,3.5035736560821533,0.48659239269160853,0.07407407407407407
humaneval,44,entropy,2.969749689102173,0.5816885681018988,0.13953488372093023
humaneval,45,entropy,2.1888411045074463,0.7504547873166051,0.020833333333333332
humaneval,46,entropy,4.509042263031006,0.36891992055538053,0.0
humaneval,47,entropy,2.5135104656219482,0.691379413867414,0.02040816326530612
humaneval,48,entropy,2.463778018951416,0.6855984913247106,0.08695652173913043
humaneval,49,entropy,2.9602441787719727,0.5768214723967886,0.06521739130434781
humaneval,50,entropy,2.606541395187378,0.6354531257674848,0.043478260869565216
humaneval,51,entropy,2.931384801864624,0.555656435696149,0.10416666666666667
humaneval,52,entropy,3.2634918689727783,0.5228217228760476,0.46511627906976744
humaneval,53,entropy,2.0467798709869385,0.8521677282113294,0.02
humaneval,54,entropy,2.9509756565093994,0.5613448146843788,0.0
humaneval,55,entropy,2.2141950130462646,0.7238554897180545,0.04
humaneval,56,entropy,2.9313318729400635,0.5668690026439425,0.11627906976744186
humaneval,57,entropy,2.6348459720611572,0.6541825452015116,0.043478260869565216
humaneval,58,entropy,2.5156898498535156,0.6996547811661736,0.04
humaneval,59,entropy,2.7994625568389893,0.5610545813387848,0.15384615384615385
humaneval,60,entropy,2.6508259773254395,0.6004837039961793,0.0425531914893617
humaneval,61,entropy,2.531249761581421,0.6846121031784344,0.05660377358490566
humaneval,62,entropy,2.757883310317993,0.6441293078713187,0.08333333333333333
humaneval,63,entropy,2.915086269378662,0.5945545826620597,0.0
humaneval,64,entropy,2.5680923461914062,0.628530102048395,0.019230769230769232
humaneval,65,entropy,2.661090135574341,0.6349498867572507,0.018518518518518517
humaneval,66,entropy,2.8515963554382324,0.6406934782285166,0.07547169811320754
humaneval,67,entropy,7.689860582351685,0.2194974869947128,0.1276595744680851
humaneval,68,entropy,19.991398572921753,0.08545790988224532,0.3333333333333333
humaneval,69,entropy,5.7112877368927,0.27564938029111985,0.043478260869565216
humaneval,70,entropy,3.0817084312438965,0.35189625690740456,0.17073170731707318
humaneval,71,entropy,2.7530696392059326,0.6363581647551084,0.06382978723404255
humaneval,72,entropy,8.592978954315186,0.20805841233424763,0.0784313725490196
humaneval,73,entropy,3.868651866912842,0.44234909469822514,0.017543859649122806
humaneval,74,entropy,2.6177148818969727,0.22529767315281982,0.125
humaneval,75,entropy,2.676314353942871,0.5916806856241218,0.09302325581395349
humaneval,76,entropy,3.154280424118042,0.5091983672575934,0.09302325581395349
humaneval,77,entropy,2.3685624599456787,0.6852643688828525,0.06818181818181818
humaneval,78,entropy,11.197071552276611,0.11681615943404386,0.038461538461538464
humaneval,79,entropy,3.4022603034973145,0.49846546425627714,0.10869565217391304
humaneval,80,entropy,2.7693049907684326,0.5830674987755382,0.037037037037037035
humaneval,81,entropy,10.46786642074585,0.15313667239306752,0.03571428571428571
humaneval,82,entropy,2.875171422958374,0.5896072447727874,0.21739130434782608
humaneval,83,entropy,2.6095261573791504,0.6658701491967307,0.21428571428571427
humaneval,84,entropy,0.6967630386352539,0.6117837995425733,0.0
humaneval,85,entropy,2.434817314147949,0.6574949737396748,0.08333333333333333
humaneval,86,entropy,3.6976821422576904,0.4258680475070189,0.2777777777777778
humaneval,87,entropy,11.195106983184814,0.14522847309511977,0.05555555555555555
humaneval,88,entropy,7.679442405700684,0.229648689552621,0.0851063829787234
humaneval,89,entropy,3.204224109649658,0.5528635387205914,0.15
humaneval,90,entropy,2.639876365661621,0.31904771882341426,0.02040816326530612
humaneval,91,entropy,2.6654577255249023,0.5958787950345894,0.0784313725490196
humaneval,92,entropy,3.617513656616211,0.17701248906606967,0.08695652173913043
humaneval,93,entropy,2.888032913208008,0.5683426333131021,0.1509433962264151
humaneval,94,entropy,13.723685503005981,0.1331233798036108,0.1111111111111111
humaneval,95,entropy,4.860792875289917,0.3717679380593431,0.0
humaneval,96,entropy,3.8088135719299316,0.43511022813812456,0.018867924528301886
humaneval,97,entropy,2.6196279525756836,0.6237620950904645,0.0
humaneval,98,entropy,2.443854808807373,0.7092176108531775,0.1276595744680851
humaneval,99,entropy,0.9807009696960449,0.46554882896164157,0.375
humaneval,100,entropy,3.522911310195923,0.49884696031668846,0.20930232558139536
humaneval,101,entropy,1.5309157371520996,0.5783309656281468,0.1
humaneval,102,entropy,2.7422289848327637,0.5802477572527709,0.045454545454545456
humaneval,103,entropy,1.427948236465454,0.5241967732515379,0.05555555555555555
humaneval,104,entropy,2.898493766784668,0.5933953839892264,0.10416666666666667
humaneval,105,entropy,11.069823026657104,0.16216101833541413,0.08
humaneval,106,entropy,3.2341222763061523,0.53920989566301,0.12
humaneval,107,entropy,8.91775393486023,0.18400714195368162,0.021739130434782608
humaneval,108,entropy,2.4436347484588623,0.6554124862783941,0.0392156862745098
humaneval,109,entropy,10.734257221221924,0.15895947954120426,0.041666666666666664
humaneval,110,entropy,10.502479791641235,0.16825408003020526,0.16216216216216217
humaneval,111,entropy,5.790477514266968,0.30468299881792843,0.10526315789473684
humaneval,112,entropy,4.346447706222534,0.3691537994143055,0.125
humaneval,113,entropy,8.766597032546997,0.18387480934407727,0.25
humaneval,114,entropy,2.4886913299560547,0.680880405367603,0.04
humaneval,115,entropy,10.997884750366211,0.1615845632172685,0.041666666666666664
humaneval,116,entropy,7.546229124069214,0.2341474230707172,0.3235294117647059
humaneval,117,entropy,9.404253721237183,0.17167474569645666,0.17647058823529413
humaneval,118,entropy,3.303131580352783,0.4887176853921133,0.018518518518518517
humaneval,119,entropy,5.097820520401001,0.3346781369153564,0.15555555555555556
humaneval,120,entropy,11.82774806022644,0.14997015370403993,0.041666666666666664
humaneval,121,entropy,2.804250478744507,0.6135992386930693,0.038461538461538464
humaneval,122,entropy,3.0023140907287598,0.5481513852004405,0.0392156862745098
humaneval,123,entropy,12.866725206375122,0.12988823883473732,0.25
humaneval,124,entropy,12.616185903549194,0.14393680307507056,0.07317073170731707
humaneval,125,entropy,2.243173122406006,0.5004790323694938,0.30434782608695654
humaneval,126,entropy,15.575014591217041,0.11015387268101602,0.15
humaneval,127,entropy,9.157336473464966,0.17597555425856773,0.037037037037037035
humaneval,128,entropy,3.9278061389923096,0.4145154064062859,0.47058823529411764
humaneval,129,entropy,11.986145734786987,0.15525775895745075,0.06
humaneval,130,entropy,12.131338596343994,0.1470882477091053,0.09302325581395349
humaneval,131,entropy,2.7891087532043457,0.6026424194139868,0.22727272727272727
humaneval,132,entropy,2.595785140991211,0.6306552865337829,0.0
humaneval,133,entropy,4.481194734573364,0.3707009973082377,0.07692307692307693
humaneval,134,entropy,2.2604222297668457,0.6147381819739016,0.06060606060606061
humaneval,135,entropy,3.439202308654785,0.5152361931250199,0.35135135135135137
humaneval,136,entropy,3.216534376144409,0.5167766982778231,0.0784313725490196
humaneval,137,entropy,3.336256504058838,0.4816599031791988,0.08888888888888889
humaneval,138,entropy,3.163076162338257,0.5257292527125584,0.3170731707317073
humaneval,139,entropy,2.9421260356903076,0.5269264096907571,0.22916666666666666
humaneval,140,entropy,2.8543243408203125,0.670096084966936,0.12
humaneval,141,entropy,11.637599229812622,0.14462885473459614,0.046511627906976744
humaneval,142,entropy,4.43798041343689,0.3639455257880808,0.041666666666666664
humaneval,143,entropy,3.664717435836792,0.4938767241220592,0.12195121951219512
humaneval,144,entropy,1.5224075317382812,0.5463908516875893,0.125
humaneval,145,entropy,2.720395565032959,0.6450920170661847,0.051724137931034475
humaneval,146,entropy,3.0050904750823975,0.5732752482235574,0.03773584905660378
humaneval,147,entropy,6.069544553756714,0.26367318255532796,0.11363636363636363
humaneval,148,entropy,9.717957973480225,0.16441804442435942,0.0851063829787234
humaneval,149,entropy,6.122483253479004,0.2832270542372306,0.02040816326530612
humaneval,150,entropy,2.838768482208252,0.6324322072574857,0.06976744186046512
humaneval,151,entropy,3.570939779281616,0.47018739375388874,0.1111111111111111
humaneval,152,entropy,4.503833532333374,0.14175170126995937,0.13333333333333333
humaneval,153,entropy,15.13324522972107,0.11008365059074875,0.13333333333333333
humaneval,154,entropy,3.4013476371765137,0.493008691960893,0.22727272727272727
humaneval,155,entropy,2.5422627925872803,0.6931026032673848,0.13333333333333333
humaneval,156,entropy,2.762005567550659,0.6416334281164685,0.07142857142857142
humaneval,157,entropy,2.6580698490142822,0.6263110322741925,0.06382978723404255
humaneval,158,entropy,3.157400369644165,0.5082035569172377,0.10810810810810811
humaneval,159,entropy,12.320183753967285,0.14929446182801312,0.08163265306122448
humaneval,160,entropy,10.191945552825928,0.16967776218826755,0.045454545454545456
humaneval,161,entropy,3.004925012588501,0.5592790423093649,0.1
humaneval,162,entropy,2.7541584968566895,0.5863121677026688,0.05660377358490566
humaneval,163,entropy,2.4621798992156982,0.6850371124371328,0.07272727272727272
humaneval,0,epsilon_greedy,2.170701265335083,1.1296564883106648,0.0
humaneval,1,epsilon_greedy,3.246891736984253,0.47517232319593466,0.21428571428571427
humaneval,2,epsilon_greedy,3.0180318355560303,0.5257839705564851,0.15
humaneval,3,epsilon_greedy,2.939396381378174,0.4965216183802344,0.09803921568627451
humaneval,4,epsilon_greedy,3.639007568359375,0.6078231531410648,0.28125
humaneval,5,epsilon_greedy,3.2508177757263184,0.6694334355366127,0.08571428571428572
humaneval,6,epsilon_greedy,3.2453062534332275,0.5087541318007808,0.05555555555555555
humaneval,7,epsilon_greedy,3.1634137630462646,0.49327175507311816,0.0
humaneval,8,epsilon_greedy,2.2695538997650146,0.6621232521769952,0.05263157894736842
humaneval,9,epsilon_greedy,3.050901174545288,0.5814665007138332,0.0
humaneval,10,epsilon_greedy,4.638040542602539,0.3882494903706055,0.2727272727272727
humaneval,11,epsilon_greedy,3.178243637084961,0.4870031326609915,0.09375
humaneval,12,epsilon_greedy,2.2210278511047363,0.4148264869092559,0.12
humaneval,13,epsilon_greedy,3.257255792617798,0.5100532348269324,0.06060606060606061
humaneval,14,epsilon_greedy,8.920340776443481,0.2089761646924073,0.21621621621621623
humaneval,15,epsilon_greedy,12.272781372070312,0.14773496566618052,0.09090909090909091
humaneval,16,epsilon_greedy,11.77892518043518,0.16546202682826203,0.025
humaneval,17,epsilon_greedy,14.597524166107178,0.11935662646737634,0.0
humaneval,18,epsilon_greedy,12.64417576789856,0.1468469835783284,0.08571428571428572
humaneval,19,epsilon_greedy,12.916405200958252,0.12588728116653836,0.15789473684210525
humaneval,20,epsilon_greedy,15.661032915115356,0.10131311409191812,0.09090909090909091
humaneval,21,epsilon_greedy,7.66624116897583,0.2005224393465235,0.02631578947368421
humaneval,22,epsilon_greedy,3.315462350845337,0.4591420127215069,0.1111111111111111
humaneval,23,epsilon_greedy,2.708051919937134,0.5787636508087015,0.3181818181818182
humaneval,24,epsilon_greedy,2.9001755714416504,0.5711448117749945,0.18604651162790697
humaneval,25,epsilon_greedy,4.507952451705933,0.3521318775401988,0.030303030303030304
humaneval,26,epsilon_greedy,8.610389709472656,0.17183378397297136,0.18181818181818182
humaneval,27,epsilon_greedy,5.89939546585083,0.28216586111995956,0.18181818181818182
humaneval,28,epsilon_greedy,12.293703079223633,0.153570038884849,0.02631578947368421
humaneval,29,epsilon_greedy,12.720747709274292,0.13341413723702567,0.0
humaneval,30,epsilon_greedy,12.276423692703247,0.129232995099168,0.029411764705882353
humaneval,31,epsilon_greedy,13.687386274337769,0.11046326329787082,0.075
humaneval,32,epsilon_greedy,22.38108539581299,0.06833264950218527,0.05405405405405406
humaneval,33,epsilon_greedy,13.786072254180908,0.12773318247289167,0.08571428571428572
humaneval,34,epsilon_greedy,12.54120659828186,0.1432072270455938,0.0
humaneval,35,epsilon_greedy,11.890433311462402,0.13626324317816865,0.0
humaneval,36,epsilon_greedy,13.014761209487915,0.12025081032203769,0.18421052631578946
humaneval,37,epsilon_greedy,12.474007368087769,0.13317332628641265,0.12121212121212122
humaneval,38,epsilon_greedy,14.173329591751099,0.1231644967682527,0.0
humaneval,39,epsilon_greedy,13.05211615562439,0.13139609184425927,0.1111111111111111
humaneval,40,epsilon_greedy,16.666691303253174,0.10253223044876367,0.2
humaneval,41,epsilon_greedy,15.568438291549683,0.10756748944846015,0.41935483870967744
humaneval,42,epsilon_greedy,13.14298129081726,0.12743532009295344,0.1875
humaneval,43,epsilon_greedy,13.62882375717163,0.1250887324291072,0.03125
humaneval,44,epsilon_greedy,13.931614875793457,0.1239963535940421,0.38235294117647056
humaneval,45,epsilon_greedy,12.294795751571655,0.13360338136101205,0.16666666666666666
humaneval,46,epsilon_greedy,14.321083545684814,0.11615570205646104,0.0
humaneval,47,epsilon_greedy,11.956660747528076,0.14534069579841383,0.06451612903225806
humaneval,48,epsilon_greedy,12.386113405227661,0.13637550678642665,0.10810810810810811
humaneval,49,epsilon_greedy,13.034223794937134,0.13100376614037623,0.23529411764705882
humaneval,50,epsilon_greedy,12.512705564498901,0.1323722410374236,0.0967741935483871
humaneval,51,epsilon_greedy,13.730337858200073,0.1186309359230499,0.3125
humaneval,52,epsilon_greedy,14.860324144363403,0.11481744442132509,0.6206896551724137
humaneval,53,epsilon_greedy,11.806171178817749,0.14773627507087175,0.02564102564102564
humaneval,54,epsilon_greedy,12.97192931175232,0.12769996222077862,0.05263157894736842
humaneval,55,epsilon_greedy,11.796170234680176,0.13587098046345994,0.0
humaneval,56,epsilon_greedy,12.438814640045166,0.13358838629867226,0.08108108108108109
humaneval,57,epsilon_greedy,13.027103900909424,0.1323141549593835,0.21212121212121213
humaneval,58,epsilon_greedy,12.550526142120361,0.14024228239118758,0.02564102564102564
humaneval,59,epsilon_greedy,12.895662307739258,0.12179686900286509,0.23529411764705882
humaneval,60,epsilon_greedy,12.3975350856781,0.1283947002781648,0.09375
humaneval,61,epsilon_greedy,12.33743667602539,0.14046063768770184,0.09375
humaneval,62,epsilon_greedy,12.864337682723999,0.13808977280273274,0.14705882352941177
humaneval,63,epsilon_greedy,13.629576921463013,0.12716300075206516,0.0
humaneval,64,epsilon_greedy,11.926900625228882,0.13533468544267435,0.02564102564102564
humaneval,65,epsilon_greedy,12.303943395614624,0.13732661358276352,0.02564102564102564
humaneval,66,epsilon_greedy,12.982081890106201,0.14073237273767777,0.21212121212121213
humaneval,67,epsilon_greedy,22.043259859085083,0.07657238919996795,0.35294117647058826
humaneval,68,epsilon_greedy,28.4974045753479,0.05995013100746345,0.5714285714285714
humaneval,69,epsilon_greedy,13.727784156799316,0.11468077494203566,0.05263157894736842
humaneval,70,epsilon_greedy,13.229971885681152,0.08196855376604481,0.13513513513513514
humaneval,71,epsilon_greedy,13.234229564666748,0.13237932245980435,0.25806451612903225
humaneval,72,epsilon_greedy,22.7273108959198,0.07866489646064503,0.13333333333333333
humaneval,73,epsilon_greedy,12.893346548080444,0.13272695685716063,0.024390243902439025
humaneval,74,epsilon_greedy,6.088443279266357,0.09686631620225289,0.08333333333333333
humaneval,75,epsilon_greedy,12.589022397994995,0.12578605882366198,0.1111111111111111
humaneval,76,epsilon_greedy,13.476114749908447,0.1191852749580073,0.11764705882352941
humaneval,77,epsilon_greedy,12.143715381622314,0.1336569088016174,0.25
humaneval,78,epsilon_greedy,21.37404751777649,0.061195657703918625,0.05128205128205128
humaneval,79,epsilon_greedy,13.771478414535522,0.12314649238483304,0.17647058823529413
humaneval,80,epsilon_greedy,11.83101749420166,0.13647953230610296,0.0
humaneval,81,epsilon_greedy,22.6602201461792,0.07074133527332205,0.21621621621621623
humaneval,82,epsilon_greedy,12.981241464614868,0.13059012156586797,0.21875
humaneval,83,epsilon_greedy,13.767778158187866,0.12620813262548475,0.36363636363636365
humaneval,84,epsilon_greedy,2.978848695755005,0.1430983519789227,0.14285714285714285
humaneval,85,epsilon_greedy,12.213679790496826,0.13107271301415796,0.1111111111111111
humaneval,86,epsilon_greedy,15.852174758911133,0.09933808440634549,0.7666666666666667
humaneval,87,epsilon_greedy,23.84723734855652,0.0681776370797457,0.058823529411764705
humaneval,88,epsilon_greedy,19.7371826171875,0.08935286860183564,0.3142857142857143
humaneval,89,epsilon_greedy,14.543217420578003,0.12180926880788805,0.46875
humaneval,90,epsilon_greedy,11.772356510162354,0.07154442967413753,0.023809523809523808
humaneval,91,epsilon_greedy,12.970750570297241,0.12245164449762588,0.05405405405405406
humaneval,92,epsilon_greedy,12.32300853729248,0.05196337360720733,0.06451612903225806
humaneval,93,epsilon_greedy,12.25710940361023,0.1339134845695422,0.05405405405405406
humaneval,94,epsilon_greedy,24.750411987304688,0.07381466613400507,0.12121212121212122
humaneval,95,epsilon_greedy,14.85555362701416,0.12164386396841995,0.027777777777777776
humaneval,96,epsilon_greedy,14.060609340667725,0.11786500158458398,0.0
humaneval,97,epsilon_greedy,12.564054727554321,0.13005551595318673,0.13513513513513514
humaneval,98,epsilon_greedy,13.170207262039185,0.13160194325643843,0.3
humaneval,99,epsilon_greedy,4.091598272323608,0.11158578081622328,1.0
humaneval,100,epsilon_greedy,13.23929238319397,0.13274074985966497,0.2068965517241379
humaneval,101,epsilon_greedy,6.707257986068726,0.1320026720906614,0.3125
humaneval,102,epsilon_greedy,11.77291488647461,0.13515533184995523,0.0
humaneval,103,epsilon_greedy,13.79612946510315,0.05425622163221839,0.05555555555555555
humaneval,104,epsilon_greedy,14.12074089050293,0.12180329878358875,0.37142857142857144
humaneval,105,epsilon_greedy,25.490535974502563,0.0704219705929727,0.3870967741935484
humaneval,106,epsilon_greedy,12.28695011138916,0.14192869014353762,0.08108108108108109
humaneval,107,epsilon_greedy,20.307141065597534,0.08080558503529285,0.058823529411764705
humaneval,108,epsilon_greedy,12.01573395729065,0.13329096097970142,0.02702702702702703
humaneval,109,epsilon_greedy,21.670905828475952,0.07873745355419,0.02702702702702703
humaneval,110,epsilon_greedy,14.892635583877563,0.11865495972327592,0.24137931034482757
humaneval,111,epsilon_greedy,5.714550971984863,0.308731178054722,0.1388888888888889
humaneval,112,epsilon_greedy,7.893585205078125,0.20326729148060946,0.0967741935483871
humaneval,113,epsilon_greedy,10.572124481201172,0.15247232103842834,0.2413793103448276
humaneval,114,epsilon_greedy,3.415576934814453,0.49610979167341435,0.09375
humaneval,115,epsilon_greedy,17.896759271621704,0.09929665906160184,0.05714285714285714
humaneval,116,epsilon_greedy,8.11836838722229,0.21764596271376635,0.625
humaneval,117,epsilon_greedy,8.381757259368896,0.19261746864044965,0.24242424242424243
humaneval,118,epsilon_greedy,4.525155305862427,0.35673887665341564,0.0
humaneval,119,epsilon_greedy,7.455934762954712,0.22882832647271686,0.30303030303030304
humaneval,120,epsilon_greedy,17.003742456436157,0.1043187521282062,0.2972972972972973
humaneval,121,epsilon_greedy,3.119234561920166,0.5516372445562637,0.05555555555555555
humaneval,122,epsilon_greedy,3.7365212440490723,0.44044246510328605,0.14285714285714285
humaneval,123,epsilon_greedy,18.9727201461792,0.08808627670414182,0.4137931034482758
humaneval,124,epsilon_greedy,17.26952028274536,0.105152513574567,0.05714285714285714
humaneval,125,epsilon_greedy,2.6025943756103516,0.43136230688108324,0.5789473684210527
humaneval,126,epsilon_greedy,20.71491265296936,0.08282188793298921,0.25806451612903225
humaneval,127,epsilon_greedy,17.292595863342285,0.09318828556366514,0.027777777777777776
humaneval,128,epsilon_greedy,4.275253534317017,0.3808279777843868,0.7692307692307693
humaneval,129,epsilon_greedy,15.501038789749146,0.12005273650118711,0.1111111111111111
humaneval,130,epsilon_greedy,18.507604598999023,0.09641319744850085,0.08108108108108109
humaneval,131,epsilon_greedy,3.0996668338775635,0.5422631970214473,0.1951219512195122
humaneval,132,epsilon_greedy,3.3989453315734863,0.48163340747646116,0.0
humaneval,133,epsilon_greedy,6.093135356903076,0.2726319472546709,0.20588235294117646
humaneval,134,epsilon_greedy,2.6995508670806885,0.5147403847673933,0.15384615384615385
humaneval,135,epsilon_greedy,3.9646310806274414,0.4469524323603988,0.6206896551724138
humaneval,136,epsilon_greedy,4.17269229888916,0.39835911582637873,0.5161290322580645
humaneval,137,epsilon_greedy,4.20431113243103,0.38221267030653405,0.09375
humaneval,138,epsilon_greedy,3.705936908721924,0.44871828853462464,0.4117647058823529
humaneval,139,epsilon_greedy,3.7132585048675537,0.4174995914805803,0.4666666666666667
humaneval,140,epsilon_greedy,3.616119861602783,0.5289292499175519,0.4444444444444444
humaneval,141,epsilon_greedy,12.782349109649658,0.1316763166167466,0.10526315789473684
humaneval,142,epsilon_greedy,7.109538555145264,0.22718536547446733,0.1
humaneval,143,epsilon_greedy,5.944514989852905,0.3044686816558693,0.5625
humaneval,144,epsilon_greedy,1.7097101211547852,0.4865325048905013,0.15384615384615385
humaneval,145,epsilon_greedy,3.449498176574707,0.5087422495777649,0.05555555555555555
humaneval,146,epsilon_greedy,3.486283540725708,0.4941491327118222,0.02857142857142857
humaneval,147,epsilon_greedy,8.364390850067139,0.19133205966069183,0.3333333333333333
humaneval,148,epsilon_greedy,13.264941930770874,0.12045342181945572,0.2857142857142857
humaneval,149,epsilon_greedy,8.578791379928589,0.2021325405530573,0.02702702702702703
humaneval,150,epsilon_greedy,3.0350582599639893,0.5915301991986305,0.02702702702702703
humaneval,151,epsilon_greedy,4.463520288467407,0.37616292960752157,0.1875
humaneval,152,epsilon_greedy,16.070586681365967,0.039726369553465576,0.2857142857142857
humaneval,153,epsilon_greedy,18.38615322113037,0.0906074729246877,0.3076923076923077
humaneval,154,epsilon_greedy,3.981879472732544,0.4211312675312865,0.2647058823529412
humaneval,155,epsilon_greedy,3.1724495887756348,0.5554222093760977,0.13333333333333333
humaneval,156,epsilon_greedy,3.2713420391082764,0.5417333557903894,0.058823529411764705
humaneval,157,epsilon_greedy,3.340106725692749,0.4984207415251863,0.030303030303030304
humaneval,158,epsilon_greedy,3.454967975616455,0.46443327688982805,0.2702702702702703
humaneval,159,epsilon_greedy,18.967393398284912,0.09697353582264469,0.5483870967741935
humaneval,160,epsilon_greedy,10.93700909614563,0.15811877804486943,0.03571428571428571
humaneval,161,epsilon_greedy,3.3444106578826904,0.5025075432321212,0.10810810810810811
humaneval,162,epsilon_greedy,3.262399911880493,0.4949720089827915,0.2
humaneval,163,epsilon_greedy,3.2698495388031006,0.5158294253125998,0.030303030303030304
humaneval,0,ucb,1.57562255859375,1.556303414923494,0.058823529411764705
humaneval,1,ucb,3.0909390449523926,0.49914704476233185,0.46938775510204084
humaneval,2,ucb,2.548651933670044,0.6226165059265258,0.10909090909090909
humaneval,3,ucb,2.599292278289795,0.5614889331734393,0.0784313725490196
humaneval,4,ucb,3.052372694015503,0.7246405587499206,0.4897959183673469
humaneval,5,ucb,2.6904027462005615,0.8088774496611109,0.1509433962264151
humaneval,6,ucb,3.0178561210632324,0.5470979725870344,0.25
humaneval,7,ucb,2.277472972869873,0.6851552916362293,0.0
humaneval,8,ucb,2.1186254024505615,0.7092921699915565,0.09302325581395349
humaneval,9,ucb,3.004382848739624,0.5904696303038696,0.20754716981132076
humaneval,10,ucb,4.241433143615723,0.42455387507265374,0.5961538461538461
humaneval,11,ucb,2.3731117248535156,0.6522299778008895,0.03773584905660377
humaneval,12,ucb,1.8380072116851807,0.5012717985783408,0.2647058823529412
humaneval,13,ucb,2.4488158226013184,0.6784396925035522,0.18
humaneval,14,ucb,2.5746731758117676,0.7240292168821411,0.30612244897959184
humaneval,15,ucb,2.7137558460235596,0.6681216135519684,0.32653061224489793
humaneval,16,ucb,2.395799160003662,0.8134925776542462,0.03508771929824561
humaneval,17,ucb,4.637474060058594,0.375702638263499,0.018518518518518517
humaneval,18,ucb,2.6487245559692383,0.7010011921268501,0.21568627450980393
humaneval,19,ucb,3.3502120971679688,0.4853457291759182,0.5681818181818182
humaneval,20,ucb,4.821310758590698,0.32909474082317003,0.13725490196078433
humaneval,21,ucb,3.071763515472412,0.5004465259381663,0.25
humaneval,22,ucb,2.9944908618927,0.5083562204986463,0.4583333333333333
humaneval,23,ucb,2.4572463035583496,0.6378367579565316,0.2916666666666667
humaneval,24,ucb,2.348235607147217,0.7053892828402347,0.17307692307692307
humaneval,25,ucb,2.7876622676849365,0.5694354653655486,0.24489795918367346
humaneval,26,ucb,2.6216604709625244,0.5643582995007022,0.22916666666666666
humaneval,27,ucb,2.3240749835968018,0.7162453937406063,0.17307692307692307
humaneval,28,ucb,2.684821605682373,0.7031917710731183,0.375
humaneval,29,ucb,2.543058395385742,0.6673569052610262,0.08163265306122448
humaneval,30,ucb,2.391122579574585,0.6635038355903499,0.057692307692307696
humaneval,31,ucb,2.8950412273406982,0.5222562427101161,0.32653061224489793
humaneval,32,ucb,11.630287408828735,0.1314979424042097,0.2
humaneval,33,ucb,3.3623359203338623,0.5237248521714948,0.09615384615384616
humaneval,34,ucb,2.3353495597839355,0.7690460784431831,0.017857142857142856
humaneval,35,ucb,2.568009376525879,0.630927994509708,0.1509433962264151
humaneval,36,ucb,2.6433355808258057,0.5920684429707603,0.20833333333333334
humaneval,37,ucb,3.5866811275482178,0.4631593928354132,0.5625
humaneval,38,ucb,4.242365121841431,0.4114806143656243,0.0
humaneval,39,ucb,3.015897750854492,0.5686522537643902,0.4166666666666667
humaneval,40,ucb,4.451529264450073,0.3838844882298371,0.14
humaneval,41,ucb,4.6590776443481445,0.3594397753140635,0.6666666666666666
humaneval,42,ucb,3.051985740661621,0.54878370021739,0.21428571428571427
humaneval,43,ucb,3.831977605819702,0.44489098414749834,0.17647058823529413
humaneval,44,ucb,3.7097136974334717,0.46566112243918845,0.813953488372093
humaneval,45,ucb,2.4210281372070312,0.6784829388426523,0.07142857142857142
humaneval,46,ucb,4.444820404052734,0.37425033235122723,0.0
humaneval,47,ucb,2.403817653656006,0.7229289583709817,0.05357142857142857
humaneval,48,ucb,2.6776022911071777,0.6308489122384241,0.3
humaneval,49,ucb,2.8329479694366455,0.6027404753899621,0.32653061224489793
humaneval,50,ucb,2.7191829681396484,0.6091296159255349,0.14893617021276595
humaneval,51,ucb,3.203885793685913,0.5083960339248096,0.3333333333333333
humaneval,52,ucb,3.8661792278289795,0.4413205754267208,1.0
humaneval,53,ucb,2.3179848194122314,0.7524638376406156,0.05454545454545454
humaneval,54,ucb,3.2042906284332275,0.5169677395496902,0.1111111111111111
humaneval,55,ucb,2.1899328231811523,0.7318750596064731,0.03773584905660377
humaneval,56,ucb,3.241246461868286,0.5126673317752345,0.5102040816326531
humaneval,57,ucb,2.9384946823120117,0.5865827338713211,0.21739130434782608
humaneval,58,ucb,3.1227195262908936,0.5636479410214134,0.2765957446808511
humaneval,59,ucb,3.288815975189209,0.4775734807450095,0.7906976744186046
humaneval,60,ucb,2.5049431324005127,0.6354546659860717,0.06
humaneval,61,ucb,2.8347926139831543,0.6113054670730368,0.24489795918367346
humaneval,62,ucb,2.5615994930267334,0.6934860319502925,0.1320754716981132
humaneval,63,ucb,3.482875347137451,0.4976284614201932,0.0
humaneval,64,ucb,2.8786654472351074,0.5607193242867855,0.18
humaneval,65,ucb,2.6121108531951904,0.6468557328518189,0.10204081632653061
humaneval,66,ucb,2.6031382083892822,0.7018448661625064,0.13725490196078433
humaneval,67,ucb,10.58999514579773,0.15938676552044312,0.5217391304347826
humaneval,68,ucb,17.683338165283203,0.09661202662622011,1.225
humaneval,69,ucb,4.19382381439209,0.37538842712851245,0.16
humaneval,70,ucb,3.38171124458313,0.3206783735813606,0.48936170212765956
humaneval,71,ucb,3.1805050373077393,0.5508365251737162,0.30612244897959184
humaneval,72,ucb,9.582474708557129,0.186574096236318,0.2962962962962963
humaneval,73,ucb,4.59094762802124,0.37275412173871497,0.2127659574468085
humaneval,74,ucb,1.7114815711975098,0.34459329378360914,0.2777777777777778
humaneval,75,ucb,2.864577531814575,0.5527947818830754,0.2
humaneval,76,ucb,3.852858066558838,0.4168735037955928,0.3617021276595745
humaneval,77,ucb,3.260232925415039,0.4978452449276049,0.5531914893617021
humaneval,78,ucb,12.452143430709839,0.1050420678916464,0.2222222222222222
humaneval,79,ucb,3.80597186088562,0.4455916448391361,0.29411764705882354
humaneval,80,ucb,2.2486748695373535,0.7180636721600284,0.0
humaneval,81,ucb,13.748430252075195,0.11659616416835585,0.28846153846153844
humaneval,82,ucb,3.4290828704833984,0.49436597625911727,0.7555555555555555
humaneval,83,ucb,2.9157183170318604,0.5959442520893692,0.5208333333333334
humaneval,84,ucb,3.5340781211853027,0.12061655813486584,0.2
humaneval,85,ucb,2.4820737838745117,0.6449768562188514,0.1702127659574468
humaneval,86,ucb,3.8312923908233643,0.4110165744584263,0.7674418604651163
humaneval,87,ucb,12.397196769714355,0.13114644572523831,0.2075471698113208
humaneval,88,ucb,9.148660659790039,0.19276853197924418,0.2978723404255319
humaneval,89,ucb,3.1920430660247803,0.5549733018862076,0.37209302325581395
humaneval,90,ucb,2.901416540145874,0.2902880440592787,0.25
humaneval,91,ucb,3.0393593311309814,0.5225738600346391,0.3695652173913043
humaneval,92,ucb,2.999966621398926,0.2134507404250828,0.2553191489361702
humaneval,93,ucb,3.0751943588256836,0.5337523549615065,0.2391304347826087
humaneval,94,ucb,12.100900888442993,0.15097581695481874,0.3673469387755102
humaneval,95,ucb,4.604629278182983,0.3924500400373527,0.017857142857142856
humaneval,96,ucb,4.467317581176758,0.37097289639781383,0.38636363636363635
humaneval,97,ucb,2.7208118438720703,0.6005650937371406,0.08695652173913043
humaneval,98,ucb,3.041511058807373,0.5698565072632155,0.46511627906976744
humaneval,99,ucb,5.069195747375488,0.09006639529355724,0.25
humaneval,100,ucb,3.453496217727661,0.5088737580007695,0.4772727272727273
humaneval,101,ucb,1.74961256980896,0.5060411612493011,0.7142857142857143
humaneval,102,ucb,2.626317262649536,0.6058568174347354,0.021739130434782608
humaneval,103,ucb,3.5196921825408936,0.21266798887652963,0.16981132075471697
humaneval,104,ucb,3.2474253177642822,0.5296358356027364,0.3953488372093023
humaneval,105,ucb,7.4268958568573,0.24170175661452298,0.06557377049180327
humaneval,106,ucb,3.1807126998901367,0.5482641469720579,0.26
humaneval,107,ucb,8.418099403381348,0.1949288474237673,0.28
humaneval,108,ucb,2.763960361480713,0.5794543034566877,0.10416666666666667
humaneval,109,ucb,11.269948959350586,0.15140369732829512,0.2608695652173913
humaneval,110,ucb,11.131978034973145,0.15873954025302575,0.6097560975609756
humaneval,111,ucb,4.566136837005615,0.38637914644529386,0.4418604651162791
humaneval,112,ucb,5.952765226364136,0.26953989006679707,0.5
humaneval,113,ucb,8.916064023971558,0.18079237134480616,0.7073170731707317
humaneval,114,ucb,2.4884610176086426,0.6809434222938708,0.11538461538461539
humaneval,115,ucb,12.126749753952026,0.1465428445179749,0.16666666666666666
humaneval,116,ucb,6.939323663711548,0.254625693933542,0.8780487804878049
humaneval,117,ucb,6.94493556022644,0.23246765244366205,0.28888888888888886
humaneval,118,ucb,3.2547194957733154,0.49598708048173934,0.02040816326530612
humaneval,119,ucb,6.264006614685059,0.27237025422305694,0.2916666666666667
humaneval,120,ucb,7.069360733032227,0.2509150772680952,0.29411764705882354
humaneval,121,ucb,2.822054386138916,0.6097281354015704,0.08163265306122448
humaneval,122,ucb,3.7646260261535645,0.43715434579865997,0.5
humaneval,123,ucb,15.471332550048828,0.1080214823913996,0.825
humaneval,124,ucb,13.116718769073486,0.13844418698975522,0.23809523809523808
humaneval,125,ucb,2.496168375015259,0.4497537605940348,0.9259259259259259
humaneval,126,ucb,15.79809021949768,0.10859845401873137,0.42857142857142855
humaneval,127,ucb,7.869727373123169,0.20476787632487842,0.09090909090909091
humaneval,128,ucb,4.26934289932251,0.3813552100132005,1.2564102564102564
humaneval,129,ucb,9.102438688278198,0.20444434607583686,0.21153846153846154
humaneval,130,ucb,10.009818077087402,0.17826271394347687,0.07547169811320754
humaneval,131,ucb,3.56769061088562,0.4711269642920509,0.9024390243902439
humaneval,132,ucb,3.1566152572631836,0.5186079038632294,0.0
humaneval,133,ucb,4.043788909912109,0.41079873214125684,0.1
humaneval,134,ucb,2.2196810245513916,0.6260214132799113,0.19444444444444445
humaneval,135,ucb,4.5455427169799805,0.3898327692045921,1.28125
humaneval,136,ucb,3.4038171768188477,0.48834291868593205,0.3333333333333333
humaneval,137,ucb,3.8098666667938232,0.4217840479121718,0.3181818181818182
humaneval,138,ucb,3.705162286758423,0.4488121000912643,0.7857142857142857
humaneval,139,ucb,3.259451150894165,0.4756272872562317,0.5454545454545454
humaneval,140,ucb,2.9822371006011963,0.6413546279147092,0.2127659574468085
humaneval,141,ucb,8.613034963607788,0.19541690653523072,0.15384615384615385
humaneval,142,ucb,5.253711462020874,0.3074365858653765,0.1836734693877551
humaneval,143,ucb,4.2943878173828125,0.4214613861183853,0.4375
humaneval,144,ucb,1.4680421352386475,0.5666251178457193,0.5
humaneval,145,ucb,2.783482313156128,0.6304712100991103,0.16981132075471697
humaneval,146,ucb,3.0330281257629395,0.5679947288994439,0.16
humaneval,147,ucb,7.453481435775757,0.2147152499057407,0.6976744186046512
humaneval,148,ucb,12.279948472976685,0.13011517510141618,0.40540540540540543
humaneval,149,ucb,7.268948078155518,0.2385562364533558,0.1836734693877551
humaneval,150,ucb,2.7300803661346436,0.6576101712484915,0.08163265306122448
humaneval,151,ucb,3.4899420738220215,0.48109992445626343,0.4444444444444444
humaneval,152,ucb,12.154093742370605,0.05252765685188997,0.29545454545454547
humaneval,153,ucb,11.1337571144104,0.1496280961632016,0.3
humaneval,154,ucb,3.6369411945343018,0.4610726046461105,0.5813953488372093
humaneval,155,ucb,3.0243983268737793,0.5826114054075104,0.4
humaneval,156,ucb,3.231768846511841,0.548366911419761,0.23684210526315788
humaneval,157,ucb,3.0620739459991455,0.5436767695202833,0.07317073170731707
humaneval,158,ucb,3.0682265758514404,0.5229737957079277,0.25925925925925924
humaneval,159,ucb,14.994609594345093,0.12266642833198162,0.4186046511627907
humaneval,160,ucb,11.116246461868286,0.15556928498124725,0.3333333333333333
humaneval,161,ucb,2.743211269378662,0.612636584725247,0.1346153846153846
humaneval,162,ucb,2.752275228500366,0.5867133569227467,0.3541666666666667
humaneval,163,ucb,3.0032145977020264,0.5616264018395739,0.24
humaneval,0,history,1.645446538925171,1.490262193612029,0.17647058823529413
humaneval,1,history,3.152594566345215,0.4893851896779385,0.47058823529411764
humaneval,2,history,2.548156976699829,0.6227374436796537,0.15789473684210525
humaneval,3,history,2.55985689163208,0.5701388437430903,0.14516129032258066
humaneval,4,history,3.4532501697540283,0.6405192053206918,0.7592592592592592
humaneval,5,history,2.696218252182007,0.8071327720397967,0.2857142857142857
humaneval,6,history,2.742812156677246,0.6019599123380112,0.3333333333333333
humaneval,7,history,2.0691332817077637,0.7541431345748737,0.0
humaneval,8,history,2.2931480407714844,0.655310683124423,0.0847457627118644
humaneval,9,history,2.812286615371704,0.6308022874660307,0.3559322033898305
humaneval,10,history,4.26969051361084,0.4217441220255545,0.7627118644067796
humaneval,11,history,2.2090542316436768,0.7006684514343348,0.10344827586206896
humaneval,12,history,1.9335310459136963,0.47650705311846125,0.5135135135135135
humaneval,13,history,2.395906448364258,0.6934218382431965,0.2
humaneval,14,history,2.6787731647491455,0.695892667487214,0.45454545454545453
humaneval,15,history,3.192519187927246,0.5679273413571936,0.631578947368421
humaneval,16,history,1.9914116859436035,0.9786850443682951,0.017241379310344827
humaneval,17,history,3.458383560180664,0.5037935234550839,0.12280701754385964
humaneval,18,history,2.204921245574951,0.8420976826616465,0.06666666666666667
humaneval,19,history,3.092904567718506,0.5257230210608805,0.660377358490566
humaneval,20,history,4.185787916183472,0.3790607757244097,0.22033898305084745
humaneval,21,history,2.876398801803589,0.5344368030114159,0.3114754098360656
humaneval,22,history,3.0589547157287598,0.49764321421373003,0.6296296296296297
humaneval,23,history,2.752885580062866,0.5693378711826218,0.42105263157894735
humaneval,24,history,2.57857608795166,0.642377876148416,0.38596491228070173
humaneval,25,history,2.6304941177368164,0.6034583958875717,0.2
humaneval,26,history,2.457477569580078,0.6020628076428138,0.3090909090909091
humaneval,27,history,2.5976357460021973,0.6408165595468274,0.2903225806451613
humaneval,28,history,2.3726119995117188,0.7957240628908976,0.16129032258064516
humaneval,29,history,2.2358529567718506,0.7590515179017103,0.0
humaneval,30,history,2.2620279788970947,0.7013701942307423,0.015873015873015872
humaneval,31,history,2.2187914848327637,0.6814310241486239,0.12280701754385964
humaneval,32,history,7.5978100299835205,0.2012894317961624,0.3114754098360656
humaneval,33,history,3.4012253284454346,0.5177366133612248,0.3559322033898305
humaneval,34,history,2.2521378993988037,0.7974606800166544,0.0847457627118644
humaneval,35,history,2.5302212238311768,0.6403507292379367,0.22033898305084745
humaneval,36,history,2.7400448322296143,0.5711715236116239,0.48148148148148145
humaneval,37,history,3.703537702560425,0.44854546834530695,0.8301886792452831
humaneval,38,history,3.4855353832244873,0.5008272230143587,0.0
humaneval,39,history,3.4105536937713623,0.5028500375990071,0.6
humaneval,40,history,4.456129550933838,0.3834881849800448,0.3333333333333333
humaneval,41,history,5.422758102416992,0.30882030694101165,0.9583333333333334
humaneval,42,history,3.3186681270599365,0.5046843985737134,0.38
humaneval,43,history,3.6311638355255127,0.4694947310295561,0.2222222222222222
humaneval,44,history,3.6737399101257324,0.47022094283636434,0.9019607843137255
humaneval,45,history,2.2114970684051514,0.742766657492148,0.18518518518518517
humaneval,46,history,3.9177918434143066,0.4245951750230185,0.0
humaneval,47,history,2.486720085144043,0.6988279070302568,0.2
humaneval,48,history,2.3818976879119873,0.7091666872697728,0.2631578947368421
humaneval,49,history,2.8774232864379883,0.5934241284211803,0.40350877192982454
humaneval,50,history,2.5816738605499268,0.6415740199892411,0.22033898305084745
humaneval,51,history,3.4463672637939453,0.472626016318656,0.7454545454545455
humaneval,52,history,4.231537818908691,0.4032161626688128,1.3846153846153846
humaneval,53,history,2.170325994491577,0.8036579561017585,0.12
humaneval,54,history,2.7390177249908447,0.6047842874207463,0.10344827586206896
humaneval,55,history,2.149165391921997,0.7457579679647331,0.12280701754385964
humaneval,56,history,3.30275821685791,0.5031192312989775,0.7843137254901961
humaneval,57,history,2.640819787979126,0.6527027145369692,0.37037037037037035
humaneval,58,history,2.9038233757019043,0.6061368766809984,0.3050847457627119
humaneval,59,history,3.874359607696533,0.40539636271262913,1.1590909090909092
humaneval,60,history,2.799359083175659,0.5686222289524648,0.29508196721311475
humaneval,61,history,2.8385825157165527,0.6104892894081394,0.45454545454545453
humaneval,62,history,2.5183255672454834,0.7054026258439784,0.2631578947368421
humaneval,63,history,2.866682291030884,0.6045936467173226,0.015873015873015872
humaneval,64,history,2.3520262241363525,0.686269280443113,0.12280701754385964
humaneval,65,history,2.497255563735962,0.676606313254535,0.16129032258064516
humaneval,66,history,2.8262927532196045,0.6464295623262081,0.48148148148148145
humaneval,67,history,11.157361507415771,0.15128174094242824,0.9591836734693877
humaneval,68,history,19.934672594070435,0.08570108837267612,1.1891891891891893
humaneval,69,history,3.7682509422302246,0.4177834622677741,0.2692307692307692
humaneval,70,history,3.3551483154296875,0.3232172052864478,0.6153846153846154
humaneval,71,history,3.3185815811157227,0.5279178167616677,0.5
humaneval,72,history,10.662442684173584,0.1676765457422003,0.44
humaneval,73,history,2.8740286827087402,0.5954340892028321,0.06779661016949153
humaneval,74,history,2.1088063716888428,0.2796677209375945,0.6
humaneval,75,history,3.220609426498413,0.4916844305483737,0.7142857142857143
humaneval,76,history,3.5122036933898926,0.45730674586338566,0.45454545454545453
humaneval,77,history,4.224009990692139,0.38425369799097825,1.35
humaneval,78,history,10.515320777893066,0.12438982350353202,0.5294117647058824
humaneval,79,history,3.5921289920806885,0.4721181409248782,0.39285714285714285
humaneval,80,history,2.203111171722412,0.7329143236342378,0.07017543859649122
humaneval,81,history,6.52041220664978,0.2458455355158882,0.2857142857142857
humaneval,82,history,4.593125581741333,0.369078064766793,1.8461538461538463
humaneval,83,history,3.419464111328125,0.5081514281698185,0.9803921568627451
humaneval,84,history,3.4211037158966064,0.12459965395857274,0.16666666666666666
humaneval,85,history,2.557143211364746,0.6260424284849586,0.38596491228070173
humaneval,86,history,4.57392430305481,0.34428306414540666,1.3414634146341464
humaneval,87,history,7.192182540893555,0.22605770697005256,0.2727272727272727
humaneval,88,history,6.617361068725586,0.266507126730449,0.40350877192982454
humaneval,89,history,3.893547773361206,0.4549831627172906,0.9814814814814815
humaneval,90,history,2.836106300354004,0.29697283643249056,0.23529411764705882
humaneval,91,history,2.8899786472320557,0.5495852847295731,0.2641509433962264
humaneval,92,history,3.632887125015259,0.17626341654791855,0.5263157894736842
humaneval,93,history,2.7886300086975098,0.5886016523770382,0.3333333333333333
humaneval,94,history,14.21415901184082,0.1285298269141406,0.7735849056603774
humaneval,95,history,3.9767470359802246,0.4544133504671491,0.03333333333333333
humaneval,96,history,3.621290683746338,0.45764173245091083,0.3793103448275862
humaneval,97,history,2.529878616333008,0.6458905219826823,0.2
humaneval,98,history,3.2099838256835938,0.5399481626376447,0.7777777777777778
humaneval,99,history,5.596391201019287,0.0815818929742411,0.75
humaneval,100,history,3.645751714706421,0.48203874977757094,0.8541666666666666
humaneval,101,history,1.4221718311309814,0.6225520413088236,0.4
humaneval,102,history,2.244079828262329,0.7090533047368708,0.09259259259259259
humaneval,103,history,3.253211736679077,0.23008826922821826,0.3090909090909091
humaneval,104,history,3.1526269912719727,0.5455617891026263,0.6
humaneval,105,history,7.987843990325928,0.22472819661595408,0.44262295081967207
humaneval,106,history,3.450845241546631,0.5053459697853252,0.6842105263157895
humaneval,107,history,6.158050060272217,0.2664691579540832,0.3090909090909091
humaneval,108,history,2.8764493465423584,0.5567936483807351,0.40350877192982454
humaneval,109,history,6.786613702774048,0.2514231715368433,0.2413793103448276
humaneval,110,history,10.465357542037964,0.16885090340012462,1.0
humaneval,111,history,5.425170183181763,0.32519902492716596,1.04
humaneval,112,history,4.553639888763428,0.35235717445881665,0.2
humaneval,113,history,8.520621061325073,0.1891829652268624,1.1272727272727272
humaneval,114,history,2.713205337524414,0.6245384889008866,0.15
humaneval,115,history,9.034175634384155,0.19670731183686174,0.3793103448275862
humaneval,116,history,7.453313827514648,0.23706637667384994,1.3695652173913044
humaneval,117,history,9.908590316772461,0.16293668568832645,0.2702702702702703
humaneval,118,history,3.3156023025512695,0.48687950881607384,0.12727272727272726
humaneval,119,history,4.913659572601318,0.3472216682673939,0.6
humaneval,120,history,9.612443447113037,0.18453260134368418,0.7090909090909091
humaneval,121,history,2.681300640106201,0.6417355566640791,0.23333333333333334
humaneval,122,history,3.5128121376037598,0.46849150002151513,0.6551724137931034
humaneval,123,history,15.16220211982727,0.11022384897779122,1.1219512195121952
humaneval,124,history,7.4625020027160645,0.24334110266191036,0.46296296296296297
humaneval,125,history,4.897526741027832,0.229230216209785,1.2954545454545454
humaneval,126,history,15.00367283821106,0.1143485460384413,1.0465116279069768
humaneval,127,history,10.168714761734009,0.15847306166107875,0.02040816326530612
humaneval,128,history,5.1508073806762695,0.31609338840695256,1.7692307692307692
humaneval,129,history,8.365393161773682,0.2224572221929933,0.16666666666666666
humaneval,130,history,7.520410776138306,0.23727125945882763,0.27419354838709675
humaneval,131,history,3.5614893436431885,0.47194729082648385,0.8727272727272727
humaneval,132,history,2.385502815246582,0.6862476168164706,0.0
humaneval,133,history,4.2164225578308105,0.39397933543297076,0.46666666666666673
humaneval,134,history,2.044739007949829,0.6795820134587851,0.3333333333333333
humaneval,135,history,4.334562301635742,0.4088074831060492,1.3863636363636365
humaneval,136,history,3.4939377307891846,0.47574689158114253,0.38636363636363635
humaneval,137,history,3.7220988273620605,0.4317298006471336,0.42
humaneval,138,history,4.258270978927612,0.3905156988195672,1.205128205128205
humaneval,139,history,3.939286470413208,0.39354434375050124,1.183673469387755
humaneval,140,history,3.0485706329345703,0.6273994590600559,0.18181818181818182
humaneval,141,history,6.164956569671631,0.27301614041340566,0.1694915254237288
humaneval,142,history,4.502892971038818,0.3586989798322633,0.3333333333333333
humaneval,143,history,3.728029489517212,0.48548935761730144,0.5172413793103449
humaneval,144,history,1.4758837223052979,0.5636145553409727,0.7391304347826086
humaneval,145,history,2.611473798751831,0.6719981119871016,0.22033898305084745
humaneval,146,history,2.615046739578247,0.6587813372371892,0.3090909090909091
humaneval,147,history,6.43353796005249,0.24875521666111897,1.0196078431372548
humaneval,148,history,10.162971258163452,0.15721855402417706,0.5
humaneval,149,history,5.179380416870117,0.33479929198703584,0.22033898305084745
humaneval,150,history,2.5376930236816406,0.7074648510840432,0.2413793103448276
humaneval,151,history,3.965439558029175,0.42341103514561673,0.7924528301886793
humaneval,152,history,9.889101505279541,0.0645585511589811,0.4074074074074074
humaneval,153,history,11.946993112564087,0.13944285934347425,0.5625
humaneval,154,history,3.821347951889038,0.43882262767506275,0.8431372549019608
humaneval,155,history,3.1125402450561523,0.5661128277877953,0.673469387755102
humaneval,156,history,2.594874858856201,0.682959756126918,0.2909090909090909
humaneval,157,history,2.9497792720794678,0.5643739132451916,0.48214285714285715
humaneval,158,history,3.1679422855377197,0.5065124152640944,0.44262295081967207
humaneval,159,history,9.293830871582031,0.19790926137842207,0.6346153846153846
humaneval,160,history,8.203070878982544,0.21081696589736965,0.5294117647058824
humaneval,161,history,2.861776113510132,0.587254738523417,0.3333333333333333
humaneval,162,history,2.7016446590423584,0.5977087449617302,0.38596491228070173
humaneval,163,history,2.828939437866211,0.5962250679115603,0.3333333333333333
humaneval,0,ucb_coarse,2.002159833908081,1.2247507551799803,0.41935483870967744
humaneval,1,ucb_coarse,3.5363123416900635,0.43628303745679464,0.5869565217391305
humaneval,2,ucb_coarse,2.8007514476776123,0.5665739325352597,0.23404255319148937
humaneval,3,ucb_coarse,2.7875778675079346,0.5235634366862189,0.12962962962962962
humaneval,4,ucb_coarse,3.5209360122680664,0.6282059789776133,0.5106382978723404
humaneval,5,ucb_coarse,3.0752758979797363,0.7076458126367101,0.2037037037037037
humaneval,6,ucb_coarse,3.0750105381011963,0.5369292055865895,0.24489795918367346
humaneval,7,ucb_coarse,2.272454261779785,0.6866684558474527,0.0
humaneval,8,ucb_coarse,2.518357515335083,0.5967081321666303,0.019230769230769232
humaneval,9,ucb_coarse,3.034176826477051,0.5846715374351931,0.19230769230769232
humaneval,10,ucb_coarse,4.09374475479126,0.4398703350706244,0.5227272727272727
humaneval,11,ucb_coarse,2.783634901046753,0.5560408108973637,0.14285714285714285
humaneval,12,ucb_coarse,1.5279831886291504,0.6029786110591862,0.17857142857142858
humaneval,13,ucb_coarse,2.915416955947876,0.5698580610550497,0.2857142857142857
humaneval,14,ucb_coarse,2.6404218673706055,0.7060002896684091,0.24
humaneval,15,ucb_coarse,2.86940336227417,0.6318801178215477,0.2653061224489796
humaneval,16,ucb_coarse,2.1591875553131104,0.9026380452302262,0.0
humaneval,17,ucb_coarse,5.596282958984375,0.3113336570027102,0.15217391304347827
humaneval,18,ucb_coarse,2.9369571208953857,0.63220503225598,0.12962962962962962
humaneval,19,ucb_coarse,3.5447800159454346,0.45870579440182646,0.5384615384615384
humaneval,20,ucb_coarse,5.132034540176392,0.3091693951209908,0.16
humaneval,21,ucb_coarse,2.6502697467803955,0.580036572386364,0.03636363636363636
humaneval,22,ucb_coarse,3.3443169593811035,0.45518055715365463,0.4634146341463415
humaneval,23,ucb_coarse,2.4799582958221436,0.6319953115351636,0.1956521739130435
humaneval,24,ucb_coarse,2.8595874309539795,0.5792514727597906,0.22641509433962267
humaneval,25,ucb_coarse,2.554410219192505,0.6214325908792191,0.12962962962962962
humaneval,26,ucb_coarse,2.58125901222229,0.5731915465495352,0.08888888888888889
humaneval,27,ucb_coarse,2.7145066261291504,0.6132267225601482,0.3181818181818182
humaneval,28,ucb_coarse,2.5480940341949463,0.7409241709996958,0.17777777777777778
humaneval,29,ucb_coarse,2.4811136722564697,0.6840184710679673,0.02
humaneval,30,ucb_coarse,2.543154716491699,0.623838963719456,0.01818181818181818
humaneval,31,ucb_coarse,3.2593188285827637,0.4638863006044955,0.2222222222222222
humaneval,32,ucb_coarse,14.72603726387024,0.10385406721622177,0.2916666666666667
humaneval,33,ucb_coarse,4.388041019439697,0.4013041070096037,0.32608695652173914
humaneval,34,ucb_coarse,2.404205083847046,0.7470208896954939,0.0625
humaneval,35,ucb_coarse,3.230290651321411,0.5015737531701098,0.2391304347826087
humaneval,36,ucb_coarse,2.5332205295562744,0.6178047127475637,0.1346153846153846
humaneval,37,ucb_coarse,4.0487024784088135,0.4103055391667951,0.631578947368421
humaneval,38,ucb_coarse,3.0266571044921875,0.5767587626981926,0.0
humaneval,39,ucb_coarse,2.830759286880493,0.6058434784952327,0.2765957446808511
humaneval,40,ucb_coarse,5.500837802886963,0.3106568662371221,0.2765957446808511
humaneval,41,ucb_coarse,6.646242380142212,0.25197062127298464,0.9393939393939394
humaneval,42,ucb_coarse,3.0323588848114014,0.552335686966408,0.10638297872340426
humaneval,43,ucb_coarse,3.6793036460876465,0.4633518872782077,0.0784313725490196
humaneval,44,ucb_coarse,3.4334404468536377,0.5031307433504297,0.29999999999999993
humaneval,45,ucb_coarse,2.500323534011841,0.6569654939484322,0.16279069767441862
humaneval,46,ucb_coarse,4.127549171447754,0.4030177338565252,0.0
humaneval,47,ucb_coarse,2.543264865875244,0.683290763690579,0.21153846153846154
humaneval,48,ucb_coarse,2.601712703704834,0.6492501998190311,0.14893617021276595
humaneval,49,ucb_coarse,2.8107857704162598,0.607492902456382,0.06521739130434782
humaneval,50,ucb_coarse,2.4801008701324463,0.6678498027887494,0.07692307692307693
humaneval,51,ucb_coarse,3.4829788208007812,0.4676579773986301,0.5
humaneval,52,ucb_coarse,3.6492722034454346,0.46755197924599884,0.6388888888888888
humaneval,53,ucb_coarse,2.3894903659820557,0.7299463423828324,0.1346153846153846
humaneval,54,ucb_coarse,3.4291622638702393,0.4830669287640525,0.10869565217391304
humaneval,55,ucb_coarse,2.29154896736145,0.699420888808383,0.12727272727272726
humaneval,56,ucb_coarse,2.6752867698669434,0.6211226377479443,0.18867924528301888
humaneval,57,ucb_coarse,3.63740873336792,0.47387312522916614,0.6
humaneval,58,ucb_coarse,3.0386033058166504,0.5792511408158887,0.0
humaneval,59,ucb_coarse,3.276726007461548,0.4793355590990269,0.6756756756756757
humaneval,60,ucb_coarse,3.233725070953369,0.49224277469091793,0.17073170731707318
humaneval,61,ucb_coarse,2.7718698978424072,0.6251823811409966,0.06382978723404255
humaneval,62,ucb_coarse,3.356459140777588,0.5292581835074701,0.2631578947368421
humaneval,63,ucb_coarse,3.9680161476135254,0.4367870078746308,0.1568627450980392
humaneval,64,ucb_coarse,3.7202577590942383,0.4338740616764074,0.15151515151515152
humaneval,65,ucb_coarse,3.234631299972534,0.5223652167862568,0.1276595744680851
humaneval,66,ucb_coarse,3.456432580947876,0.5285794369431775,0.28205128205128205
humaneval,67,ucb_coarse,9.729652166366577,0.17348051547008403,0.36
humaneval,68,ucb_coarse,17.222038984298706,0.09919981828065541,0.8947368421052632
humaneval,69,ucb_coarse,3.9003725051879883,0.40363142834298776,0.043478260869565216
humaneval,70,ucb_coarse,3.423292398452759,0.3167832412810711,0.3137254901960785
humaneval,71,ucb_coarse,3.319718360900879,0.5277370404917929,0.2826086956521739
humaneval,72,ucb_coarse,12.300007104873657,0.1453528882717491,0.2857142857142857
humaneval,73,ucb_coarse,4.023472547531128,0.4253277811182219,0.08928571428571429
humaneval,74,ucb_coarse,4.107595443725586,0.14357915231641702,0.25
humaneval,75,ucb_coarse,3.5555338859558105,0.4453687020510307,0.4838709677419355
humaneval,76,ucb_coarse,3.3979697227478027,0.4726806219258078,0.16326530612244897
humaneval,77,ucb_coarse,3.259219169616699,0.4980000959754958,0.42857142857142855
humaneval,78,ucb_coarse,11.231958389282227,0.11645332455053091,0.08928571428571429
humaneval,79,ucb_coarse,3.860748767852783,0.43926952093458754,0.37777777777777777
humaneval,80,ucb_coarse,2.7488040924072266,0.5874160835157668,0.04081632653061224
humaneval,81,ucb_coarse,11.966421604156494,0.13395936427405733,0.061224489795918366
humaneval,82,ucb_coarse,3.4267418384552,0.4947037100711852,0.6829268292682927
humaneval,83,ucb_coarse,2.783998727798462,0.6241402175930212,0.2222222222222222
humaneval,84,ucb_coarse,0.9599041938781738,0.44407383765551534,1.1
humaneval,85,ucb_coarse,2.611311912536621,0.6130558890115585,0.047619047619047616
humaneval,86,ucb_coarse,4.493130683898926,0.3504738199286877,0.9428571428571428
humaneval,87,ucb_coarse,18.113370656967163,0.08975956623948805,0.14705882352941177
humaneval,88,ucb_coarse,9.432389259338379,0.1869700069065738,0.17391304347826086
humaneval,89,ucb_coarse,3.3091392517089844,0.5353351869976057,0.34146341463414637
humaneval,90,ucb_coarse,2.8671762943267822,0.2937547070637826,0.0
humaneval,91,ucb_coarse,3.4089789390563965,0.46591362577941114,0.3
humaneval,92,ucb_coarse,3.023483991622925,0.21179047031911513,0.24
humaneval,93,ucb_coarse,3.1235485076904297,0.525489592028524,0.1282051282051282
humaneval,94,ucb_coarse,12.650199174880981,0.14442012906402807,0.19230769230769232
humaneval,95,ucb_coarse,3.874689817428589,0.4663823505178897,0.04918032786885246
humaneval,96,ucb_coarse,6.543984651565552,0.2532484152177136,0.21875
humaneval,97,ucb_coarse,2.487900972366333,0.6567884486583774,0.0
humaneval,98,ucb_coarse,3.0943994522094727,0.5601167191058192,0.43902439024390244
humaneval,99,ucb_coarse,1.262136697769165,0.36173909593986153,1.625
humaneval,100,ucb_coarse,3.906928777694702,0.44981459825676046,0.23076923076923078
humaneval,101,ucb_coarse,1.6865997314453125,0.5249473008060941,0.42105263157894735
humaneval,102,ucb_coarse,2.773581027984619,0.5736887447196577,0.0
humaneval,103,ucb_coarse,5.928523063659668,0.1262584036340665,0.19444444444444445
humaneval,104,ucb_coarse,3.7934775352478027,0.4533973921686119,0.4375
humaneval,105,ucb_coarse,19.523606538772583,0.09194478342055273,0.41935483870967744
humaneval,106,ucb_coarse,3.5379221439361572,0.49290817158240036,0.34210526315789475
humaneval,107,ucb_coarse,10.668886661529541,0.15380521569479094,0.13043478260869565
humaneval,108,ucb_coarse,3.643904685974121,0.43952541684430757,0.03125
humaneval,109,ucb_coarse,13.1714506149292,0.12954624293339634,0.20930232558139536
humaneval,110,ucb_coarse,9.907637357711792,0.1783558492886273,0.30952380952380953
humaneval,111,ucb_coarse,6.197652578353882,0.28466585232553276,0.4722222222222222
humaneval,112,ucb_coarse,6.9629340171813965,0.23043557223843233,0.17647058823529413
humaneval,113,ucb_coarse,9.568596124649048,0.16846320368810164,0.75
humaneval,114,ucb_coarse,3.7207422256469727,0.45542019812476336,0.08823529411764706
humaneval,115,ucb_coarse,16.89804172515869,0.10516534593804203,0.13157894736842105
humaneval,116,ucb_coarse,9.484708070755005,0.18629251318236412,1.0
humaneval,117,ucb_coarse,8.37404465675354,0.19279487180144206,0.40540540540540543
humaneval,118,ucb_coarse,4.080974102020264,0.39556703378648145,0.0
humaneval,119,ucb_coarse,4.848863840103149,0.35186161755789486,0.2826086956521739
humaneval,120,ucb_coarse,8.596490144729614,0.2063410955751885,0.06382978723404255
humaneval,121,ucb_coarse,2.850599765777588,0.6036224304512054,0.10869565217391303
humaneval,122,ucb_coarse,3.8744256496429443,0.424765572102651,0.4411764705882353
humaneval,123,ucb_coarse,15.306524276733398,0.10918457034474775,0.2972972972972973
humaneval,124,ucb_coarse,15.220407009124756,0.11930912654759987,0.22857142857142856
humaneval,125,ucb_coarse,2.836336374282837,0.3958138124653416,1.0
humaneval,126,ucb_coarse,19.74586033821106,0.08688647366586831,0.1875
humaneval,127,ucb_coarse,10.751381874084473,0.14988467346086326,0.02
humaneval,128,ucb_coarse,4.244602680206299,0.38357798848451236,0.8648648648648649
humaneval,129,ucb_coarse,10.233856678009033,0.18184172241920388,0.08163265306122448
humaneval,130,ucb_coarse,12.221258163452148,0.1460060259456986,0.2
humaneval,131,ucb_coarse,3.4974799156188965,0.48058467456341714,0.5161290322580645
humaneval,132,ucb_coarse,3.285324811935425,0.49829034131561095,0.0
humaneval,133,ucb_coarse,6.731582403182983,0.24677457063487632,0.23809523809523808
humaneval,134,ucb_coarse,2.708308219909668,0.5130759644729841,0.25
humaneval,135,ucb_coarse,4.091502904891968,0.4330930580006173,0.6896551724137931
humaneval,136,ucb_coarse,3.4353272914886475,0.48386365366681644,0.17999999999999997
humaneval,137,ucb_coarse,4.283639669418335,0.3751344904657106,0.3333333333333333
humaneval,138,ucb_coarse,3.086083173751831,0.5388453821474105,0.4878048780487805
humaneval,139,ucb_coarse,2.9959089756011963,0.5174669596004314,0.3191489361702128
humaneval,140,ucb_coarse,3.6339704990386963,0.5263310658453296,0.40625
humaneval,141,ucb_coarse,7.978556156158447,0.2109570473059652,0.06
humaneval,142,ucb_coarse,8.836964845657349,0.18277577688896485,0.34375
humaneval,143,ucb_coarse,4.033445358276367,0.44872769587177674,0.09302325581395349
humaneval,144,ucb_coarse,1.8661086559295654,0.4457562239149041,0.8125
humaneval,145,ucb_coarse,3.533067464828491,0.49670873249237674,0.06451612903225806
humaneval,146,ucb_coarse,2.7789013385772705,0.6199370823719536,0.08888888888888889
humaneval,147,ucb_coarse,7.861021280288696,0.2035837421230867,0.48484848484848486
humaneval,148,ucb_coarse,15.62664270401001,0.10224893958749759,0.2903225806451613
humaneval,149,ucb_coarse,9.7935471534729,0.1770607594292043,0.18421052631578946
humaneval,150,ucb_coarse,3.2511727809906006,0.5522095373070047,0.0
humaneval,151,ucb_coarse,4.686657190322876,0.3582533989341854,0.5
humaneval,152,ucb_coarse,18.228759288787842,0.03502301255563948,0.0967741935483871
humaneval,153,ucb_coarse,17.912834644317627,0.09300163336801635,0.4117647058823529
humaneval,154,ucb_coarse,3.619054079055786,0.4633514484387506,0.24324324324324326
humaneval,155,ucb_coarse,3.3436460494995117,0.5269842960787686,0.3870967741935484
humaneval,156,ucb_coarse,3.4191882610321045,0.5183087228573232,0.03125
humaneval,157,ucb_coarse,3.313448190689087,0.5024308138184057,0.08571428571428572
humaneval,158,ucb_coarse,3.6295788288116455,0.4420904391792273,0.16129032258064516
humaneval,159,ucb_coarse,18.975377798080444,0.09693273160320656,0.0967741935483871
humaneval,160,ucb_coarse,11.005217552185059,0.1571387849034217,0.27906976744186046
humaneval,161,ucb_coarse,3.3116848468780518,0.5074732835270417,0.14705882352941177
humaneval,162,ucb_coarse,3.2824196815490723,0.49195313066326074,0.2
humaneval,163,ucb_coarse,2.7701988220214844,0.6088677083577185,0.019230769230769232
gsm8k,0,baseline,7.609811782836914,1.0,0.0
gsm8k,1,baseline,6.591841220855713,1.0,0.0
gsm8k,2,baseline,8.122981071472168,1.0,0.0
gsm8k,3,baseline,7.257225513458252,1.0,0.0
gsm8k,4,baseline,10.16002893447876,1.0,0.0
gsm8k,5,baseline,8.092342376708984,1.0,0.0
gsm8k,6,baseline,7.52324366569519,1.0,0.0
gsm8k,7,baseline,8.60365915298462,1.0,0.0
gsm8k,8,baseline,9.995043754577637,1.0,0.0
gsm8k,9,baseline,8.200938701629639,1.0,0.0
gsm8k,10,baseline,8.224224090576172,1.0,0.0
gsm8k,11,baseline,8.339006185531616,1.0,0.0
gsm8k,12,baseline,8.498491048812866,1.0,0.0
gsm8k,13,baseline,8.058100700378418,1.0,0.0
gsm8k,14,baseline,7.874302387237549,1.0,0.0
gsm8k,15,baseline,9.522922039031982,1.0,0.0
gsm8k,16,baseline,7.984567165374756,1.0,0.0
gsm8k,17,baseline,8.055695295333862,1.0,0.0
gsm8k,18,baseline,6.906800746917725,1.0,0.0
gsm8k,19,baseline,8.191657543182373,1.0,0.0
gsm8k,20,baseline,8.1342134475708,1.0,0.0
gsm8k,21,baseline,7.54491400718689,1.0,0.0
gsm8k,22,baseline,7.846271753311157,1.0,0.0
gsm8k,23,baseline,7.38226318359375,1.0,0.0
gsm8k,24,baseline,7.193542242050171,1.0,0.0
gsm8k,25,baseline,8.263247728347778,1.0,0.0
gsm8k,26,baseline,8.319855690002441,1.0,0.0
gsm8k,27,baseline,8.018912553787231,1.0,0.0
gsm8k,28,baseline,7.639779090881348,1.0,0.0
gsm8k,29,baseline,8.32916522026062,1.0,0.0
gsm8k,30,baseline,7.20441198348999,1.0,0.0
gsm8k,31,baseline,8.148849964141846,1.0,0.0
gsm8k,32,baseline,7.248457431793213,1.0,0.0
gsm8k,33,baseline,6.894061088562012,1.0,0.0
gsm8k,34,baseline,7.297053575515747,1.0,0.0
gsm8k,35,baseline,7.764939308166504,1.0,0.0
gsm8k,36,baseline,7.3465564250946045,1.0,0.0
gsm8k,37,baseline,8.10315465927124,1.0,0.0
gsm8k,38,baseline,7.403131723403931,1.0,0.0
gsm8k,39,baseline,8.502784013748169,1.0,0.0
gsm8k,40,baseline,7.68648099899292,1.0,0.0
gsm8k,41,baseline,10.84378695487976,1.0,0.0
gsm8k,42,baseline,9.0991530418396,1.0,0.0
gsm8k,43,baseline,8.428134679794312,1.0,0.0
gsm8k,44,baseline,9.043116331100464,1.0,0.0
gsm8k,45,baseline,9.706222772598267,1.0,0.0
gsm8k,46,baseline,9.52160120010376,1.0,0.0
gsm8k,47,baseline,7.9436869621276855,1.0,0.0
gsm8k,48,baseline,7.34498143196106,1.0,0.0
gsm8k,49,baseline,7.593797445297241,1.0,0.0
gsm8k,50,baseline,7.315983772277832,1.0,0.0
gsm8k,51,baseline,7.702280521392822,1.0,0.0
gsm8k,52,baseline,8.244176864624023,1.0,0.0
gsm8k,53,baseline,9.94896125793457,1.0,0.0
gsm8k,54,baseline,9.106541395187378,1.0,0.0
gsm8k,55,baseline,7.853355646133423,1.0,0.0
gsm8k,56,baseline,7.719244956970215,1.0,0.0
gsm8k,57,baseline,8.927515745162964,1.0,0.0
gsm8k,58,baseline,9.213038682937622,1.0,0.0
gsm8k,59,baseline,7.155791759490967,1.0,0.0
gsm8k,60,baseline,7.422121047973633,1.0,0.0
gsm8k,61,baseline,8.395366668701172,1.0,0.0
gsm8k,62,baseline,8.584295988082886,1.0,0.0
gsm8k,63,baseline,8.594430446624756,1.0,0.0
gsm8k,64,baseline,9.472060680389404,1.0,0.0
gsm8k,65,baseline,7.725958585739136,1.0,0.0
gsm8k,66,baseline,8.218598127365112,1.0,0.0
gsm8k,67,baseline,8.056495666503906,1.0,0.0
gsm8k,68,baseline,7.348517179489136,1.0,0.0
gsm8k,69,baseline,7.9329986572265625,1.0,0.0
gsm8k,70,baseline,7.9864280223846436,1.0,0.0
gsm8k,71,baseline,7.594630479812622,1.0,0.0
gsm8k,72,baseline,7.883970260620117,1.0,0.0
gsm8k,73,baseline,7.710196018218994,1.0,0.0
gsm8k,74,baseline,10.86203122138977,1.0,0.0
gsm8k,75,baseline,8.433894395828247,1.0,0.0
gsm8k,76,baseline,9.302407264709473,1.0,0.0
gsm8k,77,baseline,7.646007776260376,1.0,0.0
gsm8k,78,baseline,7.573054552078247,1.0,0.0
gsm8k,79,baseline,7.766932010650635,1.0,0.0
gsm8k,80,baseline,7.278494358062744,1.0,0.0
gsm8k,81,baseline,8.118798732757568,1.0,0.0
gsm8k,82,baseline,7.017111539840698,1.0,0.0
gsm8k,83,baseline,7.141023635864258,1.0,0.0
gsm8k,84,baseline,6.887693643569946,1.0,0.0
gsm8k,85,baseline,9.116591691970825,1.0,0.0
gsm8k,86,baseline,9.285952806472778,1.0,0.0
gsm8k,87,baseline,8.798104047775269,1.0,0.0
gsm8k,88,baseline,7.3655500411987305,1.0,0.0
gsm8k,89,baseline,7.714949131011963,1.0,0.0
gsm8k,90,baseline,8.925019979476929,1.0,0.0
gsm8k,91,baseline,7.07954740524292,1.0,0.0
gsm8k,92,baseline,7.798003673553467,1.0,0.0
gsm8k,93,baseline,8.911278486251831,1.0,0.0
gsm8k,94,baseline,7.790129899978638,1.0,0.0
gsm8k,95,baseline,7.340394735336304,1.0,0.0
gsm8k,96,baseline,6.97372579574585,1.0,0.0
gsm8k,97,baseline,7.869218826293945,1.0,0.0
gsm8k,98,baseline,9.581943035125732,1.0,0.0
gsm8k,99,baseline,9.086401462554932,1.0,0.0
gsm8k,100,baseline,9.548402786254883,1.0,0.0
gsm8k,101,baseline,8.89865231513977,1.0,0.0
gsm8k,102,baseline,8.415481328964233,1.0,0.0
gsm8k,103,baseline,8.238818168640137,1.0,0.0
gsm8k,104,baseline,7.588259935379028,1.0,0.0
gsm8k,105,baseline,6.924072742462158,1.0,0.0
gsm8k,106,baseline,7.3409552574157715,1.0,0.0
gsm8k,107,baseline,10.169597387313843,1.0,0.0
gsm8k,108,baseline,8.77564549446106,1.0,0.0
gsm8k,109,baseline,8.128179788589478,1.0,0.0
gsm8k,110,baseline,9.173640489578247,1.0,0.0
gsm8k,111,baseline,8.423973798751831,1.0,0.0
gsm8k,112,baseline,8.057638168334961,1.0,0.0
gsm8k,113,baseline,6.8931989669799805,1.0,0.0
gsm8k,114,baseline,8.774121046066284,1.0,0.0
gsm8k,115,baseline,9.250317573547363,1.0,0.0
gsm8k,116,baseline,7.741823434829712,1.0,0.0
gsm8k,117,baseline,6.931381464004517,1.0,0.0
gsm8k,118,baseline,8.478879928588867,1.0,0.0
gsm8k,119,baseline,8.786177396774292,1.0,0.0
gsm8k,120,baseline,7.2636401653289795,1.0,0.0
gsm8k,121,baseline,7.743311882019043,1.0,0.0
gsm8k,122,baseline,8.094882488250732,1.0,0.0
gsm8k,123,baseline,7.156336307525635,1.0,0.0
gsm8k,124,baseline,8.346638202667236,1.0,0.0
gsm8k,125,baseline,10.250190734863281,1.0,0.0
gsm8k,126,baseline,7.849505424499512,1.0,0.0
gsm8k,127,baseline,7.1127707958221436,1.0,0.0
gsm8k,128,baseline,8.953206300735474,1.0,0.0
gsm8k,129,baseline,8.258975744247437,1.0,0.0
gsm8k,130,baseline,7.760135173797607,1.0,0.0
gsm8k,131,baseline,6.101825714111328,1.0,0.0
gsm8k,132,baseline,7.988678455352783,1.0,0.0
gsm8k,133,baseline,7.564088344573975,1.0,0.0
gsm8k,134,baseline,6.944715261459351,1.0,0.0
gsm8k,135,baseline,7.703692436218262,1.0,0.0
gsm8k,136,baseline,7.674016714096069,1.0,0.0
gsm8k,137,baseline,8.817678451538086,1.0,0.0
gsm8k,138,baseline,8.782362461090088,1.0,0.0
gsm8k,139,baseline,7.67342734336853,1.0,0.0
gsm8k,140,baseline,7.418881893157959,1.0,0.0
gsm8k,141,baseline,7.4282567501068115,1.0,0.0
gsm8k,142,baseline,7.689518928527832,1.0,0.0
gsm8k,143,baseline,8.030283212661743,1.0,0.0
gsm8k,144,baseline,11.060046434402466,1.0,0.0
gsm8k,145,baseline,7.775610446929932,1.0,0.0
gsm8k,146,baseline,9.078946352005005,1.0,0.0
gsm8k,147,baseline,10.736083269119263,1.0,0.0
gsm8k,148,baseline,8.623729228973389,1.0,0.0
gsm8k,149,baseline,7.550783395767212,1.0,0.0
gsm8k,150,baseline,9.53498911857605,1.0,0.0
gsm8k,151,baseline,9.43234896659851,1.0,0.0
gsm8k,152,baseline,7.499277353286743,1.0,0.0
gsm8k,153,baseline,9.982702493667603,1.0,0.0
gsm8k,154,baseline,8.635072946548462,1.0,0.0
gsm8k,155,baseline,8.84242582321167,1.0,0.0
gsm8k,156,baseline,8.83122968673706,1.0,0.0
gsm8k,157,baseline,9.829593658447266,1.0,0.0
gsm8k,158,baseline,7.890389680862427,1.0,0.0
gsm8k,159,baseline,8.20668363571167,1.0,0.0
gsm8k,160,baseline,8.0599365234375,1.0,0.0
gsm8k,161,baseline,8.728912115097046,1.0,0.0
gsm8k,162,baseline,7.552292346954346,1.0,0.0
gsm8k,163,baseline,8.072503566741943,1.0,0.0
gsm8k,164,baseline,8.544634342193604,1.0,0.0
gsm8k,165,baseline,10.405596494674683,1.0,0.0
gsm8k,166,baseline,8.315770387649536,1.0,0.0
gsm8k,167,baseline,7.096281290054321,1.0,0.0
gsm8k,168,baseline,6.903233528137207,1.0,0.0
gsm8k,169,baseline,7.088034152984619,1.0,0.0
gsm8k,170,baseline,7.989941358566284,1.0,0.0
gsm8k,171,baseline,8.1462984085083,1.0,0.0
gsm8k,172,baseline,8.294899702072144,1.0,0.0
gsm8k,173,baseline,8.846053838729858,1.0,0.0
gsm8k,174,baseline,9.71755599975586,1.0,0.0
gsm8k,175,baseline,8.479573249816895,1.0,0.0
gsm8k,176,baseline,7.69305157661438,1.0,0.0
gsm8k,177,baseline,9.503353595733643,1.0,0.0
gsm8k,178,baseline,7.597740650177002,1.0,0.0
gsm8k,179,baseline,7.534615516662598,1.0,0.0
gsm8k,180,baseline,7.779598951339722,1.0,0.0
gsm8k,181,baseline,9.57351040840149,1.0,0.0
gsm8k,182,baseline,7.247915983200073,1.0,0.0
gsm8k,183,baseline,10.988117456436157,1.0,0.0
gsm8k,184,baseline,7.475688219070435,1.0,0.0
gsm8k,185,baseline,6.866006374359131,1.0,0.0
gsm8k,186,baseline,10.395842552185059,1.0,0.0
gsm8k,187,baseline,7.440133333206177,1.0,0.0
gsm8k,188,baseline,8.516966581344604,1.0,0.0
gsm8k,189,baseline,8.574986696243286,1.0,0.0
gsm8k,190,baseline,7.036128520965576,1.0,0.0
gsm8k,191,baseline,7.450186729431152,1.0,0.0
gsm8k,192,baseline,8.049442529678345,1.0,0.0
gsm8k,193,baseline,10.588283061981201,1.0,0.0
gsm8k,194,baseline,7.491500377655029,1.0,0.0
gsm8k,195,baseline,7.431822776794434,1.0,0.0
gsm8k,196,baseline,7.547430515289307,1.0,0.0
gsm8k,197,baseline,7.902339935302734,1.0,0.0
gsm8k,198,baseline,8.724392175674438,1.0,0.0
gsm8k,199,baseline,8.683998346328735,1.0,0.0
gsm8k,200,baseline,7.741567611694336,1.0,0.0
gsm8k,201,baseline,8.314700603485107,1.0,0.0
gsm8k,202,baseline,7.6796135902404785,1.0,0.0
gsm8k,203,baseline,9.32438588142395,1.0,0.0
gsm8k,204,baseline,7.982746839523315,1.0,0.0
gsm8k,205,baseline,9.007907152175903,1.0,0.0
gsm8k,206,baseline,8.60684323310852,1.0,0.0
gsm8k,207,baseline,7.775225877761841,1.0,0.0
gsm8k,208,baseline,8.05167269706726,1.0,0.0
gsm8k,209,baseline,7.141251087188721,1.0,0.0
gsm8k,210,baseline,9.508000612258911,1.0,0.0
gsm8k,211,baseline,7.819389343261719,1.0,0.0
gsm8k,212,baseline,7.483613014221191,1.0,0.0
gsm8k,213,baseline,8.021515846252441,1.0,0.0
gsm8k,214,baseline,8.136924505233765,1.0,0.0
gsm8k,215,baseline,8.071011304855347,1.0,0.0
gsm8k,216,baseline,7.8198840618133545,1.0,0.0
gsm8k,217,baseline,7.129220008850098,1.0,0.0
gsm8k,218,baseline,7.488208055496216,1.0,0.0
gsm8k,219,baseline,8.005733489990234,1.0,0.0
gsm8k,220,baseline,7.649434328079224,1.0,0.0
gsm8k,221,baseline,8.015482425689697,1.0,0.0
gsm8k,222,baseline,6.7979841232299805,1.0,0.0
gsm8k,223,baseline,7.45516300201416,1.0,0.0
gsm8k,224,baseline,8.24918794631958,1.0,0.0
gsm8k,225,baseline,7.8462018966674805,1.0,0.0
gsm8k,226,baseline,8.315873384475708,1.0,0.0
gsm8k,227,baseline,10.029695272445679,1.0,0.0
gsm8k,228,baseline,7.799781560897827,1.0,0.0
gsm8k,229,baseline,9.02240252494812,1.0,0.0
gsm8k,230,baseline,8.006525039672852,1.0,0.0
gsm8k,231,baseline,7.951873540878296,1.0,0.0
gsm8k,232,baseline,7.2576892375946045,1.0,0.0
gsm8k,233,baseline,7.832565546035767,1.0,0.0
gsm8k,234,baseline,7.750471353530884,1.0,0.0
gsm8k,235,baseline,7.890698194503784,1.0,0.0
gsm8k,236,baseline,7.965564966201782,1.0,0.0
gsm8k,237,baseline,7.473004102706909,1.0,0.0
gsm8k,238,baseline,7.326626300811768,1.0,0.0
gsm8k,239,baseline,9.103181600570679,1.0,0.0
gsm8k,240,baseline,7.218370676040649,1.0,0.0
gsm8k,241,baseline,7.257270574569702,1.0,0.0
gsm8k,242,baseline,8.394730806350708,1.0,0.0
gsm8k,243,baseline,8.181703329086304,1.0,0.0
gsm8k,244,baseline,8.593403816223145,1.0,0.0
gsm8k,245,baseline,8.223960399627686,1.0,0.0
gsm8k,246,baseline,9.15346360206604,1.0,0.0
gsm8k,247,baseline,8.867155313491821,1.0,0.0
gsm8k,248,baseline,7.212646007537842,1.0,0.0
gsm8k,249,baseline,8.395670175552368,1.0,0.0
gsm8k,250,baseline,8.074513912200928,1.0,0.0
gsm8k,251,baseline,7.118770122528076,1.0,0.0
gsm8k,252,baseline,7.39003324508667,1.0,0.0
gsm8k,253,baseline,7.180332660675049,1.0,0.0
gsm8k,254,baseline,8.242981910705566,1.0,0.0
gsm8k,255,baseline,7.605194568634033,1.0,0.0
gsm8k,256,baseline,7.892355918884277,1.0,0.0
gsm8k,257,baseline,7.72723388671875,1.0,0.0
gsm8k,258,baseline,7.866210222244263,1.0,0.0
gsm8k,259,baseline,7.287862062454224,1.0,0.0
gsm8k,260,baseline,7.414590358734131,1.0,0.0
gsm8k,261,baseline,7.055329084396362,1.0,0.0
gsm8k,262,baseline,7.163052320480347,1.0,0.0
gsm8k,263,baseline,7.776782512664795,1.0,0.0
gsm8k,264,baseline,7.225351810455322,1.0,0.0
gsm8k,265,baseline,9.59387755393982,1.0,0.0
gsm8k,266,baseline,8.849104881286621,1.0,0.0
gsm8k,267,baseline,8.835837125778198,1.0,0.0
gsm8k,268,baseline,7.747255563735962,1.0,0.0
gsm8k,269,baseline,7.125959396362305,1.0,0.0
gsm8k,270,baseline,8.63667917251587,1.0,0.0
gsm8k,271,baseline,7.542420148849487,1.0,0.0
gsm8k,272,baseline,7.59454607963562,1.0,0.0
gsm8k,273,baseline,8.688287019729614,1.0,0.0
gsm8k,274,baseline,8.774755477905273,1.0,0.0
gsm8k,275,baseline,9.219610691070557,1.0,0.0
gsm8k,276,baseline,8.336209535598755,1.0,0.0
gsm8k,277,baseline,7.638606071472168,1.0,0.0
gsm8k,278,baseline,7.185014486312866,1.0,0.0
gsm8k,279,baseline,6.958093643188477,1.0,0.0
gsm8k,280,baseline,7.333970308303833,1.0,0.0
gsm8k,281,baseline,7.835387468338013,1.0,0.0
gsm8k,282,baseline,7.918517589569092,1.0,0.0
gsm8k,283,baseline,9.192801237106323,1.0,0.0
gsm8k,284,baseline,9.572900533676147,1.0,0.0
gsm8k,285,baseline,6.822177886962891,1.0,0.0
gsm8k,286,baseline,7.069169998168945,1.0,0.0
gsm8k,287,baseline,7.413656234741211,1.0,0.0
gsm8k,288,baseline,7.881404876708984,1.0,0.0
gsm8k,289,baseline,8.141204118728638,1.0,0.0
gsm8k,290,baseline,8.200799942016602,1.0,0.0
gsm8k,291,baseline,7.7140138149261475,1.0,0.0
gsm8k,292,baseline,7.68959379196167,1.0,0.0
gsm8k,293,baseline,8.769707441329956,1.0,0.0
gsm8k,294,baseline,7.917202949523926,1.0,0.0
gsm8k,295,baseline,9.053427457809448,1.0,0.0
gsm8k,296,baseline,7.474161148071289,1.0,0.0
gsm8k,297,baseline,8.686669111251831,1.0,0.0
gsm8k,298,baseline,8.612888097763062,1.0,0.0
gsm8k,299,baseline,9.093228340148926,1.0,0.0
gsm8k,300,baseline,7.821439743041992,1.0,0.0
gsm8k,301,baseline,9.072948455810547,1.0,0.0
gsm8k,302,baseline,7.233362913131714,1.0,0.0
gsm8k,303,baseline,8.872327327728271,1.0,0.0
gsm8k,304,baseline,8.045091152191162,1.0,0.0
gsm8k,305,baseline,6.705737829208374,1.0,0.0
gsm8k,306,baseline,7.730671167373657,1.0,0.0
gsm8k,307,baseline,7.979637384414673,1.0,0.0
gsm8k,308,baseline,7.846682071685791,1.0,0.0
gsm8k,309,baseline,8.169002056121826,1.0,0.0
gsm8k,310,baseline,9.605941534042358,1.0,0.0
gsm8k,311,baseline,7.303271532058716,1.0,0.0
gsm8k,312,baseline,6.912572383880615,1.0,0.0
gsm8k,313,baseline,8.142053127288818,1.0,0.0
gsm8k,314,baseline,7.835007667541504,1.0,0.0
gsm8k,315,baseline,7.949371814727783,1.0,0.0
gsm8k,316,baseline,8.381938219070435,1.0,0.0
gsm8k,317,baseline,7.183431625366211,1.0,0.0
gsm8k,318,baseline,7.701291561126709,1.0,0.0
gsm8k,319,baseline,8.212638139724731,1.0,0.0
gsm8k,320,baseline,7.6390204429626465,1.0,0.0
gsm8k,321,baseline,6.959284067153931,1.0,0.0
gsm8k,322,baseline,7.526891231536865,1.0,0.0
gsm8k,323,baseline,8.809174537658691,1.0,0.0
gsm8k,324,baseline,7.996952295303345,1.0,0.0
gsm8k,325,baseline,8.817343711853027,1.0,0.0
gsm8k,326,baseline,8.398348093032837,1.0,0.0
gsm8k,327,baseline,8.725881576538086,1.0,0.0
gsm8k,328,baseline,7.413910388946533,1.0,0.0
gsm8k,329,baseline,7.55387806892395,1.0,0.0
gsm8k,330,baseline,8.734456062316895,1.0,0.0
gsm8k,331,baseline,9.837156057357788,1.0,0.0
gsm8k,332,baseline,7.410542964935303,1.0,0.0
gsm8k,333,baseline,8.867652416229248,1.0,0.0
gsm8k,334,baseline,7.878024339675903,1.0,0.0
gsm8k,335,baseline,7.790903806686401,1.0,0.0
gsm8k,336,baseline,7.738214492797852,1.0,0.0
gsm8k,337,baseline,7.139739036560059,1.0,0.0
gsm8k,338,baseline,7.934578895568848,1.0,0.0
gsm8k,339,baseline,7.188172817230225,1.0,0.0
gsm8k,340,baseline,10.348957061767578,1.0,0.0
gsm8k,341,baseline,8.585874795913696,1.0,0.0
gsm8k,342,baseline,8.08734917640686,1.0,0.0
gsm8k,343,baseline,8.14188265800476,1.0,0.0
gsm8k,344,baseline,7.626256942749023,1.0,0.0
gsm8k,345,baseline,7.0115065574646,1.0,0.0
gsm8k,346,baseline,8.314085245132446,1.0,0.0
gsm8k,347,baseline,7.331642150878906,1.0,0.0
gsm8k,348,baseline,8.363290309906006,1.0,0.0
gsm8k,349,baseline,8.342273950576782,1.0,0.0
gsm8k,350,baseline,8.74190354347229,1.0,0.0
gsm8k,351,baseline,8.361014127731323,1.0,0.0
gsm8k,352,baseline,7.36620020866394,1.0,0.0
gsm8k,353,baseline,8.722745895385742,1.0,0.0
gsm8k,354,baseline,8.953803777694702,1.0,0.0
gsm8k,355,baseline,8.094413042068481,1.0,0.0
gsm8k,356,baseline,8.32141923904419,1.0,0.0
gsm8k,357,baseline,8.88274335861206,1.0,0.0
gsm8k,358,baseline,8.006178617477417,1.0,0.0
gsm8k,359,baseline,8.348968029022217,1.0,0.0
gsm8k,360,baseline,7.116009712219238,1.0,0.0
gsm8k,361,baseline,9.23111343383789,1.0,0.0
gsm8k,362,baseline,8.766565084457397,1.0,0.0
gsm8k,363,baseline,8.68164873123169,1.0,0.0
gsm8k,364,baseline,7.727243900299072,1.0,0.0
gsm8k,365,baseline,6.827622890472412,1.0,0.0
gsm8k,366,baseline,8.254565954208374,1.0,0.0
gsm8k,367,baseline,8.626193523406982,1.0,0.0
gsm8k,368,baseline,6.979414463043213,1.0,0.0
gsm8k,369,baseline,9.234825372695923,1.0,0.0
gsm8k,370,baseline,7.4463300704956055,1.0,0.0
gsm8k,371,baseline,8.961663007736206,1.0,0.0
gsm8k,372,baseline,7.69971227645874,1.0,0.0
gsm8k,373,baseline,7.980533123016357,1.0,0.0
gsm8k,374,baseline,7.305391550064087,1.0,0.0
gsm8k,375,baseline,7.885886907577515,1.0,0.0
gsm8k,376,baseline,7.194279432296753,1.0,0.0
gsm8k,377,baseline,8.613950967788696,1.0,0.0
gsm8k,378,baseline,7.579659461975098,1.0,0.0
gsm8k,379,baseline,7.11550498008728,1.0,0.0
gsm8k,380,baseline,7.321905612945557,1.0,0.0
gsm8k,381,baseline,7.186256170272827,1.0,0.0
gsm8k,382,baseline,7.599563360214233,1.0,0.0
gsm8k,383,baseline,9.312944650650024,1.0,0.0
gsm8k,384,baseline,6.9479594230651855,1.0,0.0
gsm8k,385,baseline,9.192816972732544,1.0,0.0
gsm8k,386,baseline,8.666377067565918,1.0,0.0
gsm8k,387,baseline,6.638575553894043,1.0,0.0
gsm8k,388,baseline,7.551222801208496,1.0,0.0
gsm8k,389,baseline,8.538939237594604,1.0,0.0
gsm8k,390,baseline,8.49952244758606,1.0,0.0
gsm8k,391,baseline,7.512670516967773,1.0,0.0
gsm8k,392,baseline,8.119384050369263,1.0,0.0
gsm8k,393,baseline,7.086024284362793,1.0,0.0
gsm8k,394,baseline,7.410196304321289,1.0,0.0
gsm8k,395,baseline,8.590954303741455,1.0,0.0
gsm8k,396,baseline,7.336302042007446,1.0,0.0
gsm8k,397,baseline,7.492251634597778,1.0,0.0
gsm8k,398,baseline,8.046283483505249,1.0,0.0
gsm8k,399,baseline,7.387731075286865,1.0,0.0
gsm8k,400,baseline,7.4095988273620605,1.0,0.0
gsm8k,401,baseline,7.206024885177612,1.0,0.0
gsm8k,402,baseline,8.14268708229065,1.0,0.0
gsm8k,403,baseline,8.332051992416382,1.0,0.0
gsm8k,404,baseline,7.3580451011657715,1.0,0.0
gsm8k,405,baseline,9.280701875686646,1.0,0.0
gsm8k,406,baseline,8.421855926513672,1.0,0.0
gsm8k,407,baseline,9.241528034210205,1.0,0.0
gsm8k,408,baseline,8.850971698760986,1.0,0.0
gsm8k,409,baseline,8.474792003631592,1.0,0.0
gsm8k,410,baseline,9.744460821151733,1.0,0.0
gsm8k,411,baseline,8.387201309204102,1.0,0.0
gsm8k,412,baseline,8.438225269317627,1.0,0.0
gsm8k,413,baseline,8.16460394859314,1.0,0.0
gsm8k,414,baseline,7.387793779373169,1.0,0.0
gsm8k,415,baseline,10.02560305595398,1.0,0.0
gsm8k,416,baseline,7.840174913406372,1.0,0.0
gsm8k,417,baseline,9.27837347984314,1.0,0.0
gsm8k,418,baseline,7.566288232803345,1.0,0.0
gsm8k,419,baseline,9.966189861297607,1.0,0.0
gsm8k,420,baseline,7.923158168792725,1.0,0.0
gsm8k,421,baseline,7.608395099639893,1.0,0.0
gsm8k,422,baseline,8.610745429992676,1.0,0.0
gsm8k,423,baseline,9.941403150558472,1.0,0.0
gsm8k,424,baseline,8.127907037734985,1.0,0.0
gsm8k,425,baseline,9.385114431381226,1.0,0.0
gsm8k,426,baseline,8.259467840194702,1.0,0.0
gsm8k,427,baseline,8.450765609741211,1.0,0.0
gsm8k,428,baseline,8.475703477859497,1.0,0.0
gsm8k,429,baseline,7.3917481899261475,1.0,0.0
gsm8k,430,baseline,8.541427850723267,1.0,0.0
gsm8k,431,baseline,8.455875635147095,1.0,0.0
gsm8k,432,baseline,9.10525107383728,1.0,0.0
gsm8k,433,baseline,7.270090818405151,1.0,0.0
gsm8k,434,baseline,7.571290016174316,1.0,0.0
gsm8k,435,baseline,7.315139532089233,1.0,0.0
gsm8k,436,baseline,7.200512647628784,1.0,0.0
gsm8k,437,baseline,7.239958047866821,1.0,0.0
gsm8k,438,baseline,8.923434019088745,1.0,0.0
gsm8k,439,baseline,9.859995126724243,1.0,0.0
gsm8k,440,baseline,7.165349960327148,1.0,0.0
gsm8k,441,baseline,8.312321662902832,1.0,0.0
gsm8k,442,baseline,8.680946111679077,1.0,0.0
gsm8k,443,baseline,8.8470778465271,1.0,0.0
gsm8k,444,baseline,7.374493360519409,1.0,0.0
gsm8k,445,baseline,8.41709041595459,1.0,0.0
gsm8k,446,baseline,8.255404472351074,1.0,0.0
gsm8k,447,baseline,7.587234020233154,1.0,0.0
gsm8k,448,baseline,8.245585918426514,1.0,0.0
gsm8k,449,baseline,7.521170377731323,1.0,0.0
gsm8k,450,baseline,8.80740737915039,1.0,0.0
gsm8k,451,baseline,8.048524856567383,1.0,0.0
gsm8k,452,baseline,7.261798858642578,1.0,0.0
gsm8k,453,baseline,7.84464693069458,1.0,0.0
gsm8k,454,baseline,6.69855523109436,1.0,0.0
gsm8k,455,baseline,8.549318075180054,1.0,0.0
gsm8k,456,baseline,7.607463121414185,1.0,0.0
gsm8k,457,baseline,8.6015625,1.0,0.0
gsm8k,458,baseline,7.235547065734863,1.0,0.0
gsm8k,459,baseline,11.089344263076782,1.0,0.0
gsm8k,460,baseline,7.929199695587158,1.0,0.0
gsm8k,461,baseline,7.245918035507202,1.0,0.0
gsm8k,462,baseline,6.837180137634277,1.0,0.0
gsm8k,463,baseline,7.416344165802002,1.0,0.0
gsm8k,464,baseline,8.216507196426392,1.0,0.0
gsm8k,465,baseline,8.443927764892578,1.0,0.0
gsm8k,466,baseline,7.730715036392212,1.0,0.0
gsm8k,467,baseline,7.606826305389404,1.0,0.0
gsm8k,468,baseline,7.924838066101074,1.0,0.0
gsm8k,469,baseline,7.90731406211853,1.0,0.0
gsm8k,470,baseline,7.343172788619995,1.0,0.0
gsm8k,471,baseline,8.182531833648682,1.0,0.0
gsm8k,472,baseline,8.132478713989258,1.0,0.0
gsm8k,473,baseline,7.12593674659729,1.0,0.0
gsm8k,474,baseline,7.181267738342285,1.0,0.0
gsm8k,475,baseline,7.931788444519043,1.0,0.0
gsm8k,476,baseline,7.469719648361206,1.0,0.0
gsm8k,477,baseline,7.539106845855713,1.0,0.0
gsm8k,478,baseline,7.750324964523315,1.0,0.0
gsm8k,479,baseline,8.424975872039795,1.0,0.0
gsm8k,480,baseline,7.646281480789185,1.0,0.0
gsm8k,481,baseline,8.584922552108765,1.0,0.0
gsm8k,482,baseline,8.318339347839355,1.0,0.0
gsm8k,483,baseline,8.024445533752441,1.0,0.0
gsm8k,484,baseline,8.020179271697998,1.0,0.0
gsm8k,485,baseline,7.103949546813965,1.0,0.0
gsm8k,486,baseline,7.057960510253906,1.0,0.0
gsm8k,487,baseline,7.906454086303711,1.0,0.0
gsm8k,488,baseline,7.608378648757935,1.0,0.0
gsm8k,489,baseline,8.090030193328857,1.0,0.0
gsm8k,490,baseline,7.573805093765259,1.0,0.0
gsm8k,491,baseline,7.414017915725708,1.0,0.0
gsm8k,492,baseline,7.086954593658447,1.0,0.0
gsm8k,493,baseline,8.439051151275635,1.0,0.0
gsm8k,494,baseline,9.08336591720581,1.0,0.0
gsm8k,495,baseline,7.856111764907837,1.0,0.0
gsm8k,496,baseline,7.370088577270508,1.0,0.0
gsm8k,497,baseline,8.473741054534912,1.0,0.0
gsm8k,498,baseline,8.181254148483276,1.0,0.0
gsm8k,499,baseline,10.16858196258545,1.0,0.0
gsm8k,500,baseline,7.427903175354004,1.0,0.0
gsm8k,501,baseline,8.271028995513916,1.0,0.0
gsm8k,502,baseline,8.515769243240356,1.0,0.0
gsm8k,503,baseline,7.498654365539551,1.0,0.0
gsm8k,504,baseline,9.49967336654663,1.0,0.0
gsm8k,505,baseline,9.948317766189575,1.0,0.0
gsm8k,506,baseline,8.017001390457153,1.0,0.0
gsm8k,507,baseline,7.483407258987427,1.0,0.0
gsm8k,508,baseline,8.011723518371582,1.0,0.0
gsm8k,509,baseline,8.09751558303833,1.0,0.0
gsm8k,510,baseline,8.994766473770142,1.0,0.0
gsm8k,511,baseline,7.386883974075317,1.0,0.0
gsm8k,512,baseline,7.884676694869995,1.0,0.0
gsm8k,513,baseline,7.414776563644409,1.0,0.0
gsm8k,514,baseline,7.2600178718566895,1.0,0.0
gsm8k,515,baseline,7.408458471298218,1.0,0.0
gsm8k,516,baseline,7.086118221282959,1.0,0.0
gsm8k,517,baseline,7.917614936828613,1.0,0.0
gsm8k,518,baseline,8.396049499511719,1.0,0.0
gsm8k,519,baseline,7.150528430938721,1.0,0.0
gsm8k,520,baseline,9.969207525253296,1.0,0.0
gsm8k,521,baseline,8.758405923843384,1.0,0.0
gsm8k,522,baseline,9.615294456481934,1.0,0.0
gsm8k,523,baseline,8.29995322227478,1.0,0.0
gsm8k,524,baseline,7.936686992645264,1.0,0.0
gsm8k,525,baseline,9.30105185508728,1.0,0.0
gsm8k,526,baseline,8.658568382263184,1.0,0.0
gsm8k,527,baseline,7.055881500244141,1.0,0.0
gsm8k,528,baseline,8.152090787887573,1.0,0.0
gsm8k,529,baseline,7.665045976638794,1.0,0.0
gsm8k,530,baseline,8.791518926620483,1.0,0.0
gsm8k,531,baseline,8.699892044067383,1.0,0.0
gsm8k,532,baseline,7.640952110290527,1.0,0.0
gsm8k,533,baseline,8.16642951965332,1.0,0.0
gsm8k,534,baseline,9.732429504394531,1.0,0.0
gsm8k,535,baseline,7.142333745956421,1.0,0.0
gsm8k,536,baseline,7.277728080749512,1.0,0.0
gsm8k,537,baseline,8.40339183807373,1.0,0.0
gsm8k,538,baseline,8.608185529708862,1.0,0.0
gsm8k,539,baseline,7.253305912017822,1.0,0.0
gsm8k,540,baseline,8.631711721420288,1.0,0.0
gsm8k,541,baseline,8.234055757522583,1.0,0.0
gsm8k,542,baseline,8.042284488677979,1.0,0.0
gsm8k,543,baseline,7.555911302566528,1.0,0.0
gsm8k,544,baseline,7.100203275680542,1.0,0.0
gsm8k,545,baseline,7.328353643417358,1.0,0.0
gsm8k,546,baseline,7.927005052566528,1.0,0.0
gsm8k,547,baseline,7.886031150817871,1.0,0.0
gsm8k,548,baseline,7.314627408981323,1.0,0.0
gsm8k,549,baseline,7.7519307136535645,1.0,0.0
gsm8k,550,baseline,9.813278675079346,1.0,0.0
gsm8k,551,baseline,8.298952102661133,1.0,0.0
gsm8k,552,baseline,8.65824031829834,1.0,0.0
gsm8k,553,baseline,8.76090955734253,1.0,0.0
gsm8k,554,baseline,8.08785891532898,1.0,0.0
gsm8k,555,baseline,7.761606693267822,1.0,0.0
gsm8k,556,baseline,7.311858177185059,1.0,0.0
gsm8k,557,baseline,7.299667835235596,1.0,0.0
gsm8k,558,baseline,7.74786376953125,1.0,0.0
gsm8k,559,baseline,8.508959770202637,1.0,0.0
gsm8k,560,baseline,7.585488557815552,1.0,0.0
gsm8k,561,baseline,7.512584447860718,1.0,0.0
gsm8k,562,baseline,9.061414003372192,1.0,0.0
gsm8k,563,baseline,7.7806196212768555,1.0,0.0
gsm8k,564,baseline,8.175967693328857,1.0,0.0
gsm8k,565,baseline,7.124560594558716,1.0,0.0
gsm8k,566,baseline,7.2249674797058105,1.0,0.0
gsm8k,567,baseline,9.443145513534546,1.0,0.0
gsm8k,568,baseline,7.847296237945557,1.0,0.0
gsm8k,569,baseline,8.454603910446167,1.0,0.0
gsm8k,570,baseline,8.682283163070679,1.0,0.0
gsm8k,571,baseline,7.918092727661133,1.0,0.0
gsm8k,572,baseline,8.621384859085083,1.0,0.0
gsm8k,573,baseline,7.555384397506714,1.0,0.0
gsm8k,574,baseline,8.725033283233643,1.0,0.0
gsm8k,575,baseline,10.106441259384155,1.0,0.0
gsm8k,576,baseline,9.336098909378052,1.0,0.0
gsm8k,577,baseline,9.477831363677979,1.0,0.0
gsm8k,578,baseline,7.881320476531982,1.0,0.0
gsm8k,579,baseline,6.95854377746582,1.0,0.0
gsm8k,580,baseline,7.943114280700684,1.0,0.0
gsm8k,581,baseline,7.674063205718994,1.0,0.0
gsm8k,582,baseline,7.736594200134277,1.0,0.0
gsm8k,583,baseline,8.021150827407837,1.0,0.0
gsm8k,584,baseline,7.915529012680054,1.0,0.0
gsm8k,585,baseline,8.341155052185059,1.0,0.0
gsm8k,586,baseline,8.392417430877686,1.0,0.0
gsm8k,587,baseline,9.174412965774536,1.0,0.0
gsm8k,588,baseline,8.324998378753662,1.0,0.0
gsm8k,589,baseline,8.2298104763031,1.0,0.0
gsm8k,590,baseline,8.937548875808716,1.0,0.0
gsm8k,591,baseline,10.257317066192627,1.0,0.0
gsm8k,592,baseline,8.32220458984375,1.0,0.0
gsm8k,593,baseline,7.848937749862671,1.0,0.0
gsm8k,594,baseline,7.3048624992370605,1.0,0.0
gsm8k,595,baseline,6.707759380340576,1.0,0.0
gsm8k,596,baseline,9.196141004562378,1.0,0.0
gsm8k,597,baseline,7.607690811157227,1.0,0.0
gsm8k,598,baseline,7.563741445541382,1.0,0.0
gsm8k,599,baseline,7.032778263092041,1.0,0.0
gsm8k,600,baseline,8.17018175125122,1.0,0.0
gsm8k,601,baseline,9.594590187072754,1.0,0.0
gsm8k,602,baseline,7.146190881729126,1.0,0.0
gsm8k,603,baseline,8.061422109603882,1.0,0.0
gsm8k,604,baseline,8.152507543563843,1.0,0.0
gsm8k,605,baseline,8.665348768234253,1.0,0.0
gsm8k,606,baseline,7.81502366065979,1.0,0.0
gsm8k,607,baseline,7.917074918746948,1.0,0.0
gsm8k,608,baseline,8.413326501846313,1.0,0.0
gsm8k,609,baseline,8.1167151927948,1.0,0.0
gsm8k,610,baseline,7.531929016113281,1.0,0.0
gsm8k,611,baseline,8.423203468322754,1.0,0.0
gsm8k,612,baseline,8.79794454574585,1.0,0.0
gsm8k,613,baseline,7.216389894485474,1.0,0.0
gsm8k,614,baseline,7.470131158828735,1.0,0.0
gsm8k,615,baseline,8.951091289520264,1.0,0.0
gsm8k,616,baseline,7.7200610637664795,1.0,0.0
gsm8k,617,baseline,8.030796766281128,1.0,0.0
gsm8k,618,baseline,8.139625072479248,1.0,0.0
gsm8k,619,baseline,7.826962232589722,1.0,0.0
gsm8k,620,baseline,7.98674750328064,1.0,0.0
gsm8k,621,baseline,7.85108494758606,1.0,0.0
gsm8k,622,baseline,9.495413303375244,1.0,0.0
gsm8k,623,baseline,6.735169887542725,1.0,0.0
gsm8k,624,baseline,7.5161614418029785,1.0,0.0
gsm8k,625,baseline,7.66334867477417,1.0,0.0
gsm8k,626,baseline,7.68959379196167,1.0,0.0
gsm8k,627,baseline,7.402586221694946,1.0,0.0
gsm8k,628,baseline,7.824456453323364,1.0,0.0
gsm8k,629,baseline,8.069257736206055,1.0,0.0
gsm8k,630,baseline,8.359881401062012,1.0,0.0
gsm8k,631,baseline,8.376716613769531,1.0,0.0
gsm8k,632,baseline,8.408228158950806,1.0,0.0
gsm8k,633,baseline,7.196255207061768,1.0,0.0
gsm8k,634,baseline,7.0491180419921875,1.0,0.0
gsm8k,635,baseline,8.183458805084229,1.0,0.0
gsm8k,636,baseline,7.528846502304077,1.0,0.0
gsm8k,637,baseline,7.4035561084747314,1.0,0.0
gsm8k,638,baseline,7.165997743606567,1.0,0.0
gsm8k,639,baseline,7.594235181808472,1.0,0.0
gsm8k,640,baseline,10.837867975234985,1.0,0.0
gsm8k,641,baseline,7.611407279968262,1.0,0.0
gsm8k,642,baseline,8.415315628051758,1.0,0.0
gsm8k,643,baseline,8.004263877868652,1.0,0.0
gsm8k,644,baseline,7.711745023727417,1.0,0.0
gsm8k,645,baseline,7.166915416717529,1.0,0.0
gsm8k,646,baseline,7.508545398712158,1.0,0.0
gsm8k,647,baseline,7.885410308837891,1.0,0.0
gsm8k,648,baseline,8.430552959442139,1.0,0.0
gsm8k,649,baseline,8.286531686782837,1.0,0.0
gsm8k,650,baseline,9.401095628738403,1.0,0.0
gsm8k,651,baseline,8.461879968643188,1.0,0.0
gsm8k,652,baseline,7.665168285369873,1.0,0.0
gsm8k,653,baseline,8.46941089630127,1.0,0.0
gsm8k,654,baseline,7.840315580368042,1.0,0.0
gsm8k,655,baseline,7.132173776626587,1.0,0.0
gsm8k,656,baseline,7.742042303085327,1.0,0.0
gsm8k,657,baseline,8.389900207519531,1.0,0.0
gsm8k,658,baseline,8.737163782119751,1.0,0.0
gsm8k,659,baseline,8.2849702835083,1.0,0.0
gsm8k,660,baseline,7.665777921676636,1.0,0.0
gsm8k,661,baseline,9.466743469238281,1.0,0.0
gsm8k,662,baseline,8.27907681465149,1.0,0.0
gsm8k,663,baseline,7.7350921630859375,1.0,0.0
gsm8k,664,baseline,7.936670780181885,1.0,0.0
gsm8k,665,baseline,8.221648454666138,1.0,0.0
gsm8k,666,baseline,8.198029279708862,1.0,0.0
gsm8k,667,baseline,7.527275323867798,1.0,0.0
gsm8k,668,baseline,7.728572607040405,1.0,0.0
gsm8k,669,baseline,8.020079612731934,1.0,0.0
gsm8k,670,baseline,7.8246026039123535,1.0,0.0
gsm8k,671,baseline,8.493457078933716,1.0,0.0
gsm8k,672,baseline,8.96497392654419,1.0,0.0
gsm8k,673,baseline,7.122177839279175,1.0,0.0
gsm8k,674,baseline,7.528668403625488,1.0,0.0
gsm8k,675,baseline,9.800657510757446,1.0,0.0
gsm8k,676,baseline,8.092580795288086,1.0,0.0
gsm8k,677,baseline,10.267253398895264,1.0,0.0
gsm8k,678,baseline,7.018653154373169,1.0,0.0
gsm8k,679,baseline,6.805592060089111,1.0,0.0
gsm8k,680,baseline,7.766807556152344,1.0,0.0
gsm8k,681,baseline,7.742733716964722,1.0,0.0
gsm8k,682,baseline,8.581730604171753,1.0,0.0
gsm8k,683,baseline,8.271426916122437,1.0,0.0
gsm8k,684,baseline,8.068869590759277,1.0,0.0
gsm8k,685,baseline,8.064594984054565,1.0,0.0
gsm8k,686,baseline,8.190728902816772,1.0,0.0
gsm8k,687,baseline,7.538879632949829,1.0,0.0
gsm8k,688,baseline,8.57558798789978,1.0,0.0
gsm8k,689,baseline,7.721840143203735,1.0,0.0
gsm8k,690,baseline,7.960991859436035,1.0,0.0
gsm8k,691,baseline,8.218960285186768,1.0,0.0
gsm8k,692,baseline,9.419496774673462,1.0,0.0
gsm8k,693,baseline,8.564678192138672,1.0,0.0
gsm8k,694,baseline,7.901951789855957,1.0,0.0
gsm8k,695,baseline,7.5653297901153564,1.0,0.0
gsm8k,696,baseline,10.12753176689148,1.0,0.0
gsm8k,697,baseline,8.949959754943848,1.0,0.0
gsm8k,698,baseline,8.48293399810791,1.0,0.0
gsm8k,699,baseline,7.08877158164978,1.0,0.0
gsm8k,700,baseline,9.080849409103394,1.0,0.0
gsm8k,701,baseline,9.326249122619629,1.0,0.0
gsm8k,702,baseline,9.807088375091553,1.0,0.0
gsm8k,703,baseline,8.16357159614563,1.0,0.0
gsm8k,704,baseline,7.293294906616211,1.0,0.0
gsm8k,705,baseline,7.344384670257568,1.0,0.0
gsm8k,706,baseline,8.536502122879028,1.0,0.0
gsm8k,707,baseline,7.822456359863281,1.0,0.0
gsm8k,708,baseline,7.055497646331787,1.0,0.0
gsm8k,709,baseline,8.019887685775757,1.0,0.0
gsm8k,710,baseline,9.405195474624634,1.0,0.0
gsm8k,711,baseline,8.095152378082275,1.0,0.0
gsm8k,712,baseline,7.649231433868408,1.0,0.0
gsm8k,713,baseline,7.549252986907959,1.0,0.0
gsm8k,714,baseline,8.160125732421875,1.0,0.0
gsm8k,715,baseline,8.409558296203613,1.0,0.0
gsm8k,716,baseline,8.35381531715393,1.0,0.0
gsm8k,717,baseline,7.59836745262146,1.0,0.0
gsm8k,718,baseline,8.317705392837524,1.0,0.0
gsm8k,719,baseline,7.758734941482544,1.0,0.0
gsm8k,720,baseline,7.592141151428223,1.0,0.0
gsm8k,721,baseline,10.539269924163818,1.0,0.0
gsm8k,722,baseline,9.526524305343628,1.0,0.0
gsm8k,723,baseline,7.678236246109009,1.0,0.0
gsm8k,724,baseline,7.926875829696655,1.0,0.0
gsm8k,725,baseline,7.668020248413086,1.0,0.0
gsm8k,726,baseline,8.491624593734741,1.0,0.0
gsm8k,727,baseline,8.707794904708862,1.0,0.0
gsm8k,728,baseline,7.686155080795288,1.0,0.0
gsm8k,729,baseline,8.615851163864136,1.0,0.0
gsm8k,730,baseline,7.471158504486084,1.0,0.0
gsm8k,731,baseline,8.140123844146729,1.0,0.0
gsm8k,732,baseline,7.967590093612671,1.0,0.0
gsm8k,733,baseline,7.34554648399353,1.0,0.0
gsm8k,734,baseline,8.189229249954224,1.0,0.0
gsm8k,735,baseline,7.959245920181274,1.0,0.0
gsm8k,736,baseline,7.260426998138428,1.0,0.0
gsm8k,737,baseline,8.68722653388977,1.0,0.0
gsm8k,738,baseline,7.1247735023498535,1.0,0.0
gsm8k,739,baseline,7.84711217880249,1.0,0.0
gsm8k,740,baseline,8.081986427307129,1.0,0.0
gsm8k,741,baseline,7.595493316650391,1.0,0.0
gsm8k,742,baseline,7.448925495147705,1.0,0.0
gsm8k,743,baseline,8.221451044082642,1.0,0.0
gsm8k,744,baseline,8.585935354232788,1.0,0.0
gsm8k,745,baseline,8.641302824020386,1.0,0.0
gsm8k,746,baseline,9.163989067077637,1.0,0.0
gsm8k,747,baseline,7.885168790817261,1.0,0.0
gsm8k,748,baseline,7.315040588378906,1.0,0.0
gsm8k,749,baseline,7.097674369812012,1.0,0.0
gsm8k,750,baseline,7.961315155029297,1.0,0.0
gsm8k,751,baseline,9.722962856292725,1.0,0.0
gsm8k,752,baseline,7.130516529083252,1.0,0.0
gsm8k,753,baseline,7.902220010757446,1.0,0.0
gsm8k,754,baseline,9.672866106033325,1.0,0.0
gsm8k,755,baseline,7.6481897830963135,1.0,0.0
gsm8k,756,baseline,7.790895223617554,1.0,0.0
gsm8k,757,baseline,8.803318738937378,1.0,0.0
gsm8k,758,baseline,6.723448753356934,1.0,0.0
gsm8k,759,baseline,7.464431524276733,1.0,0.0
gsm8k,760,baseline,8.165801286697388,1.0,0.0
gsm8k,761,baseline,7.298262119293213,1.0,0.0
gsm8k,762,baseline,7.738895416259766,1.0,0.0
gsm8k,763,baseline,8.293243646621704,1.0,0.0
gsm8k,764,baseline,8.731364488601685,1.0,0.0
gsm8k,765,baseline,6.790747880935669,1.0,0.0
gsm8k,766,baseline,7.766730785369873,1.0,0.0
gsm8k,767,baseline,7.338234901428223,1.0,0.0
gsm8k,768,baseline,7.293927431106567,1.0,0.0
gsm8k,769,baseline,8.288855075836182,1.0,0.0
gsm8k,770,baseline,9.740514278411865,1.0,0.0
gsm8k,771,baseline,8.064015626907349,1.0,0.0
gsm8k,772,baseline,8.639086484909058,1.0,0.0
gsm8k,773,baseline,7.596423625946045,1.0,0.0
gsm8k,774,baseline,7.4745707511901855,1.0,0.0
gsm8k,775,baseline,8.148212671279907,1.0,0.0
gsm8k,776,baseline,7.056210279464722,1.0,0.0
gsm8k,777,baseline,9.192101240158081,1.0,0.0
gsm8k,778,baseline,8.876408576965332,1.0,0.0
gsm8k,779,baseline,8.235096454620361,1.0,0.0
gsm8k,780,baseline,9.88955569267273,1.0,0.0
gsm8k,781,baseline,7.717117071151733,1.0,0.0
gsm8k,782,baseline,7.411933898925781,1.0,0.0
gsm8k,783,baseline,9.647831916809082,1.0,0.0
gsm8k,784,baseline,8.363373517990112,1.0,0.0
gsm8k,785,baseline,7.506448984146118,1.0,0.0
gsm8k,786,baseline,7.810100555419922,1.0,0.0
gsm8k,787,baseline,7.953592538833618,1.0,0.0
gsm8k,788,baseline,7.643561840057373,1.0,0.0
gsm8k,789,baseline,8.742642402648926,1.0,0.0
gsm8k,790,baseline,8.620138168334961,1.0,0.0
gsm8k,791,baseline,7.7148048877716064,1.0,0.0
gsm8k,792,baseline,7.923399448394775,1.0,0.0
gsm8k,793,baseline,8.379310369491577,1.0,0.0
gsm8k,794,baseline,7.442880392074585,1.0,0.0
gsm8k,795,baseline,8.131062507629395,1.0,0.0
gsm8k,796,baseline,8.183322668075562,1.0,0.0
gsm8k,797,baseline,8.350030422210693,1.0,0.0
gsm8k,798,baseline,10.049725770950317,1.0,0.0
gsm8k,799,baseline,7.147374629974365,1.0,0.0
gsm8k,800,baseline,7.394174098968506,1.0,0.0
gsm8k,801,baseline,8.195406675338745,1.0,0.0
gsm8k,802,baseline,8.363956928253174,1.0,0.0
gsm8k,803,baseline,8.155291318893433,1.0,0.0
gsm8k,804,baseline,8.496482372283936,1.0,0.0
gsm8k,805,baseline,7.79853081703186,1.0,0.0
gsm8k,806,baseline,8.801805973052979,1.0,0.0
gsm8k,807,baseline,8.16927695274353,1.0,0.0
gsm8k,808,baseline,7.784321308135986,1.0,0.0
gsm8k,809,baseline,9.02092456817627,1.0,0.0
gsm8k,810,baseline,8.161158561706543,1.0,0.0
gsm8k,811,baseline,8.7556734085083,1.0,0.0
gsm8k,812,baseline,10.127213954925537,1.0,0.0
gsm8k,813,baseline,8.929001569747925,1.0,0.0
gsm8k,814,baseline,8.898585796356201,1.0,0.0
gsm8k,815,baseline,8.629812955856323,1.0,0.0
gsm8k,816,baseline,7.13785982131958,1.0,0.0
gsm8k,817,baseline,7.166487216949463,1.0,0.0
gsm8k,818,baseline,8.089253425598145,1.0,0.0
gsm8k,819,baseline,7.902041435241699,1.0,0.0
gsm8k,820,baseline,8.158551692962646,1.0,0.0
gsm8k,821,baseline,8.648984432220459,1.0,0.0
gsm8k,822,baseline,7.4813010692596436,1.0,0.0
gsm8k,823,baseline,9.444002151489258,1.0,0.0
gsm8k,824,baseline,7.892899751663208,1.0,0.0
gsm8k,825,baseline,8.143916130065918,1.0,0.0
gsm8k,826,baseline,8.436124801635742,1.0,0.0
gsm8k,827,baseline,8.921349287033081,1.0,0.0
gsm8k,828,baseline,7.44651460647583,1.0,0.0
gsm8k,829,baseline,8.685957193374634,1.0,0.0
gsm8k,830,baseline,8.245185852050781,1.0,0.0
gsm8k,831,baseline,8.988003969192505,1.0,0.0
gsm8k,832,baseline,7.764550447463989,1.0,0.0
gsm8k,833,baseline,8.549718379974365,1.0,0.0
gsm8k,834,baseline,7.536940574645996,1.0,0.0
gsm8k,835,baseline,7.662386178970337,1.0,0.0
gsm8k,836,baseline,8.092286348342896,1.0,0.0
gsm8k,837,baseline,10.505158185958862,1.0,0.0
gsm8k,838,baseline,8.024904012680054,1.0,0.0
gsm8k,839,baseline,7.346649646759033,1.0,0.0
gsm8k,840,baseline,8.111395120620728,1.0,0.0
gsm8k,841,baseline,7.872547388076782,1.0,0.0
gsm8k,842,baseline,7.306753873825073,1.0,0.0
gsm8k,843,baseline,7.357467174530029,1.0,0.0
gsm8k,844,baseline,7.538813591003418,1.0,0.0
gsm8k,845,baseline,7.643266439437866,1.0,0.0
gsm8k,846,baseline,8.419694185256958,1.0,0.0
gsm8k,847,baseline,7.423237085342407,1.0,0.0
gsm8k,848,baseline,7.975625991821289,1.0,0.0
gsm8k,849,baseline,7.508414030075073,1.0,0.0
gsm8k,850,baseline,8.183005809783936,1.0,0.0
gsm8k,851,baseline,7.3287458419799805,1.0,0.0
gsm8k,852,baseline,8.041584253311157,1.0,0.0
gsm8k,853,baseline,7.4664106369018555,1.0,0.0
gsm8k,854,baseline,8.917527675628662,1.0,0.0
gsm8k,855,baseline,7.919306755065918,1.0,0.0
gsm8k,856,baseline,8.748238801956177,1.0,0.0
gsm8k,857,baseline,9.11650037765503,1.0,0.0
gsm8k,858,baseline,6.977965831756592,1.0,0.0
gsm8k,859,baseline,8.051665544509888,1.0,0.0
gsm8k,860,baseline,7.3750457763671875,1.0,0.0
gsm8k,861,baseline,8.287104845046997,1.0,0.0
gsm8k,862,baseline,9.088091373443604,1.0,0.0
gsm8k,863,baseline,7.455682992935181,1.0,0.0
gsm8k,864,baseline,8.538360834121704,1.0,0.0
gsm8k,865,baseline,8.670969724655151,1.0,0.0
gsm8k,866,baseline,7.7688374519348145,1.0,0.0
gsm8k,867,baseline,5.628436088562012,1.0,0.0
gsm8k,868,baseline,9.180513620376587,1.0,0.0
gsm8k,869,baseline,7.277858734130859,1.0,0.0
gsm8k,870,baseline,8.05161452293396,1.0,0.0
gsm8k,871,baseline,8.318163633346558,1.0,0.0
gsm8k,872,baseline,7.650732517242432,1.0,0.0
gsm8k,873,baseline,7.661116123199463,1.0,0.0
gsm8k,874,baseline,7.318668842315674,1.0,0.0
gsm8k,875,baseline,7.406657934188843,1.0,0.0
gsm8k,876,baseline,9.637820959091187,1.0,0.0
gsm8k,877,baseline,8.937529563903809,1.0,0.0
gsm8k,878,baseline,7.856096029281616,1.0,0.0
gsm8k,879,baseline,8.091382265090942,1.0,0.0
gsm8k,880,baseline,8.344918727874756,1.0,0.0
gsm8k,881,baseline,7.0494890213012695,1.0,0.0
gsm8k,882,baseline,10.354975938796997,1.0,0.0
gsm8k,883,baseline,8.769197940826416,1.0,0.0
gsm8k,884,baseline,7.576623916625977,1.0,0.0
gsm8k,885,baseline,8.037621259689331,1.0,0.0
gsm8k,886,baseline,8.466742038726807,1.0,0.0
gsm8k,887,baseline,7.5294880867004395,1.0,0.0
gsm8k,888,baseline,7.170597314834595,1.0,0.0
gsm8k,889,baseline,7.989391088485718,1.0,0.0
gsm8k,890,baseline,7.831022500991821,1.0,0.0
gsm8k,891,baseline,8.204241752624512,1.0,0.0
gsm8k,892,baseline,8.102187395095825,1.0,0.0
gsm8k,893,baseline,7.732944488525391,1.0,0.0
gsm8k,894,baseline,8.997059106826782,1.0,0.0
gsm8k,895,baseline,8.079720258712769,1.0,0.0
gsm8k,896,baseline,7.81294846534729,1.0,0.0
gsm8k,897,baseline,7.559623956680298,1.0,0.0
gsm8k,898,baseline,9.036149024963379,1.0,0.0
gsm8k,899,baseline,7.894790410995483,1.0,0.0
gsm8k,900,baseline,8.460550785064697,1.0,0.0
gsm8k,901,baseline,8.894398212432861,1.0,0.0
gsm8k,902,baseline,7.585168838500977,1.0,0.0
gsm8k,903,baseline,8.06898808479309,1.0,0.0
gsm8k,904,baseline,7.587345123291016,1.0,0.0
gsm8k,905,baseline,7.7065019607543945,1.0,0.0
gsm8k,906,baseline,7.984090328216553,1.0,0.0
gsm8k,907,baseline,7.1048150062561035,1.0,0.0
gsm8k,908,baseline,7.388935804367065,1.0,0.0
gsm8k,909,baseline,7.423674583435059,1.0,0.0
gsm8k,910,baseline,7.457694053649902,1.0,0.0
gsm8k,911,baseline,8.233101606369019,1.0,0.0
gsm8k,912,baseline,7.762056350708008,1.0,0.0
gsm8k,913,baseline,8.704155445098877,1.0,0.0
gsm8k,914,baseline,7.622004508972168,1.0,0.0
gsm8k,915,baseline,7.8495025634765625,1.0,0.0
gsm8k,916,baseline,9.623455047607422,1.0,0.0
gsm8k,917,baseline,7.172720909118652,1.0,0.0
gsm8k,918,baseline,7.593724012374878,1.0,0.0
gsm8k,919,baseline,9.064947605133057,1.0,0.0
gsm8k,920,baseline,9.133308172225952,1.0,0.0
gsm8k,921,baseline,7.335447788238525,1.0,0.0
gsm8k,922,baseline,7.284492015838623,1.0,0.0
gsm8k,923,baseline,8.81846284866333,1.0,0.0
gsm8k,924,baseline,9.736889600753784,1.0,0.0
gsm8k,925,baseline,9.114447355270386,1.0,0.0
gsm8k,926,baseline,10.9034903049469,1.0,0.0
gsm8k,927,baseline,8.792997360229492,1.0,0.0
gsm8k,928,baseline,8.922645568847656,1.0,0.0
gsm8k,929,baseline,7.579572439193726,1.0,0.0
gsm8k,930,baseline,9.528777837753296,1.0,0.0
gsm8k,931,baseline,7.873246192932129,1.0,0.0
gsm8k,932,baseline,8.65391993522644,1.0,0.0
gsm8k,933,baseline,8.473821640014648,1.0,0.0
gsm8k,934,baseline,8.927571535110474,1.0,0.0
gsm8k,935,baseline,9.610438108444214,1.0,0.0
gsm8k,936,baseline,10.428863286972046,1.0,0.0
gsm8k,937,baseline,7.962472200393677,1.0,0.0
gsm8k,938,baseline,8.38202691078186,1.0,0.0
gsm8k,939,baseline,8.953913688659668,1.0,0.0
gsm8k,940,baseline,7.923885822296143,1.0,0.0
gsm8k,941,baseline,8.822953462600708,1.0,0.0
gsm8k,942,baseline,8.098026275634766,1.0,0.0
gsm8k,943,baseline,7.928455352783203,1.0,0.0
gsm8k,944,baseline,8.310627222061157,1.0,0.0
gsm8k,945,baseline,9.302810430526733,1.0,0.0
gsm8k,946,baseline,7.665672063827515,1.0,0.0
gsm8k,947,baseline,8.096163272857666,1.0,0.0
gsm8k,948,baseline,9.130024194717407,1.0,0.0
gsm8k,949,baseline,7.065329313278198,1.0,0.0
gsm8k,950,baseline,8.116096258163452,1.0,0.0
gsm8k,951,baseline,8.229987621307373,1.0,0.0
gsm8k,952,baseline,7.567344665527344,1.0,0.0
gsm8k,953,baseline,10.259568452835083,1.0,0.0
gsm8k,954,baseline,7.599300146102905,1.0,0.0
gsm8k,955,baseline,8.004853248596191,1.0,0.0
gsm8k,956,baseline,7.667036056518555,1.0,0.0
gsm8k,957,baseline,7.608283042907715,1.0,0.0
gsm8k,958,baseline,8.19760799407959,1.0,0.0
gsm8k,959,baseline,10.181869506835938,1.0,0.0
gsm8k,960,baseline,10.420150518417358,1.0,0.0
gsm8k,961,baseline,8.653957605361938,1.0,0.0
gsm8k,962,baseline,8.01569390296936,1.0,0.0
gsm8k,963,baseline,8.578346967697144,1.0,0.0
gsm8k,964,baseline,7.852020502090454,1.0,0.0
gsm8k,965,baseline,11.052342891693115,1.0,0.0
gsm8k,966,baseline,9.996931314468384,1.0,0.0
gsm8k,967,baseline,7.433234691619873,1.0,0.0
gsm8k,968,baseline,10.712252378463745,1.0,0.0
gsm8k,969,baseline,7.801873445510864,1.0,0.0
gsm8k,970,baseline,7.200390338897705,1.0,0.0
gsm8k,971,baseline,7.827629804611206,1.0,0.0
gsm8k,972,baseline,8.3138267993927,1.0,0.0
gsm8k,973,baseline,6.960143089294434,1.0,0.0
gsm8k,974,baseline,8.341504573822021,1.0,0.0
gsm8k,975,baseline,7.647385597229004,1.0,0.0
gsm8k,976,baseline,9.27041745185852,1.0,0.0
gsm8k,977,baseline,8.042006969451904,1.0,0.0
gsm8k,978,baseline,7.079219818115234,1.0,0.0
gsm8k,979,baseline,7.834314584732056,1.0,0.0
gsm8k,980,baseline,8.09974718093872,1.0,0.0
gsm8k,981,baseline,7.986064195632935,1.0,0.0
gsm8k,982,baseline,8.770689010620117,1.0,0.0
gsm8k,983,baseline,7.1314661502838135,1.0,0.0
gsm8k,984,baseline,9.216573476791382,1.0,0.0
gsm8k,985,baseline,7.159790277481079,1.0,0.0
gsm8k,986,baseline,8.595224618911743,1.0,0.0
gsm8k,987,baseline,8.520043849945068,1.0,0.0
gsm8k,988,baseline,8.216590881347656,1.0,0.0
gsm8k,989,baseline,7.166922569274902,1.0,0.0
gsm8k,990,baseline,9.31973147392273,1.0,0.0
gsm8k,991,baseline,8.46333384513855,1.0,0.0
gsm8k,992,baseline,8.757810831069946,1.0,0.0
gsm8k,993,baseline,9.376387119293213,1.0,0.0
gsm8k,994,baseline,9.72080683708191,1.0,0.0
gsm8k,995,baseline,7.5202813148498535,1.0,0.0
gsm8k,996,baseline,8.715044498443604,1.0,0.0
gsm8k,997,baseline,9.221965551376343,1.0,0.0
gsm8k,998,baseline,8.992602348327637,1.0,0.0
gsm8k,999,baseline,7.7152557373046875,1.0,0.0
gsm8k,1000,baseline,9.083382844924927,1.0,0.0
gsm8k,1001,baseline,10.054635763168335,1.0,0.0
gsm8k,1002,baseline,7.773353338241577,1.0,0.0
gsm8k,1003,baseline,8.429039001464844,1.0,0.0
gsm8k,1004,baseline,8.341222763061523,1.0,0.0
gsm8k,1005,baseline,8.169923067092896,1.0,0.0
gsm8k,1006,baseline,10.057864427566528,1.0,0.0
gsm8k,1007,baseline,7.845319747924805,1.0,0.0
gsm8k,1008,baseline,7.3729026317596436,1.0,0.0
gsm8k,1009,baseline,8.80968427658081,1.0,0.0
gsm8k,1010,baseline,8.158793449401855,1.0,0.0
gsm8k,1011,baseline,10.974917888641357,1.0,0.0
gsm8k,1012,baseline,10.221014738082886,1.0,0.0
gsm8k,1013,baseline,8.762551546096802,1.0,0.0
gsm8k,1014,baseline,9.165832996368408,1.0,0.0
gsm8k,1015,baseline,7.718991041183472,1.0,0.0
gsm8k,1016,baseline,8.284106492996216,1.0,0.0
gsm8k,1017,baseline,7.701640605926514,1.0,0.0
gsm8k,1018,baseline,7.516115188598633,1.0,0.0
gsm8k,1019,baseline,8.69182825088501,1.0,0.0
gsm8k,1020,baseline,7.162999868392944,1.0,0.0
gsm8k,1021,baseline,8.134894371032715,1.0,0.0
gsm8k,1022,baseline,7.873612880706787,1.0,0.0
gsm8k,1023,baseline,7.203997611999512,1.0,0.0
gsm8k,1024,baseline,7.506096363067627,1.0,0.0
gsm8k,1025,baseline,7.444944381713867,1.0,0.0
gsm8k,1026,baseline,8.371709823608398,1.0,0.0
gsm8k,1027,baseline,8.218307495117188,1.0,0.0
gsm8k,1028,baseline,8.145673990249634,1.0,0.0
gsm8k,1029,baseline,10.40326738357544,1.0,0.0
gsm8k,1030,baseline,9.930023431777954,1.0,0.0
gsm8k,1031,baseline,8.205502271652222,1.0,0.0
gsm8k,1032,baseline,8.815774917602539,1.0,0.0
gsm8k,1033,baseline,7.976945400238037,1.0,0.0
gsm8k,1034,baseline,7.127923250198364,1.0,0.0
gsm8k,1035,baseline,9.481333494186401,1.0,0.0
gsm8k,1036,baseline,7.541179895401001,1.0,0.0
gsm8k,1037,baseline,8.322716474533081,1.0,0.0
gsm8k,1038,baseline,8.926150798797607,1.0,0.0
gsm8k,1039,baseline,7.919350624084473,1.0,0.0
gsm8k,1040,baseline,7.9545557498931885,1.0,0.0
gsm8k,1041,baseline,8.090352296829224,1.0,0.0
gsm8k,1042,baseline,8.62862229347229,1.0,0.0
gsm8k,1043,baseline,7.665375709533691,1.0,0.0
gsm8k,1044,baseline,8.109223127365112,1.0,0.0
gsm8k,1045,baseline,7.265583276748657,1.0,0.0
gsm8k,1046,baseline,7.143869638442993,1.0,0.0
gsm8k,1047,baseline,8.589584827423096,1.0,0.0
gsm8k,1048,baseline,7.719090700149536,1.0,0.0
gsm8k,1049,baseline,7.270074129104614,1.0,0.0
gsm8k,1050,baseline,7.46453332901001,1.0,0.0
gsm8k,1051,baseline,7.1680285930633545,1.0,0.0
gsm8k,1052,baseline,8.53504729270935,1.0,0.0
gsm8k,1053,baseline,9.153305053710938,1.0,0.0
gsm8k,1054,baseline,7.849200010299683,1.0,0.0
gsm8k,1055,baseline,7.39231538772583,1.0,0.0
gsm8k,1056,baseline,8.067037105560303,1.0,0.0
gsm8k,1057,baseline,7.340580701828003,1.0,0.0
gsm8k,1058,baseline,7.9000725746154785,1.0,0.0
gsm8k,1059,baseline,7.181241512298584,1.0,0.0
gsm8k,1060,baseline,7.912328720092773,1.0,0.0
gsm8k,1061,baseline,7.377671241760254,1.0,0.0
gsm8k,1062,baseline,8.62800407409668,1.0,0.0
gsm8k,1063,baseline,7.593462944030762,1.0,0.0
gsm8k,1064,baseline,8.437288761138916,1.0,0.0
gsm8k,1065,baseline,7.257623195648193,1.0,0.0
gsm8k,1066,baseline,7.457092046737671,1.0,0.0
gsm8k,1067,baseline,8.267487287521362,1.0,0.0
gsm8k,1068,baseline,8.089691638946533,1.0,0.0
gsm8k,1069,baseline,9.956195592880249,1.0,0.0
gsm8k,1070,baseline,8.829195737838745,1.0,0.0
gsm8k,1071,baseline,9.051645517349243,1.0,0.0
gsm8k,1072,baseline,7.307058811187744,1.0,0.0
gsm8k,1073,baseline,8.686877012252808,1.0,0.0
gsm8k,1074,baseline,7.428408861160278,1.0,0.0
gsm8k,1075,baseline,8.153316974639893,1.0,0.0
gsm8k,1076,baseline,7.737043857574463,1.0,0.0
gsm8k,1077,baseline,13.083578824996948,1.0,0.0
gsm8k,1078,baseline,9.586138248443604,1.0,0.0
gsm8k,1079,baseline,8.466702938079834,1.0,0.0
gsm8k,1080,baseline,7.285982847213745,1.0,0.0
gsm8k,1081,baseline,7.848663806915283,1.0,0.0
gsm8k,1082,baseline,8.153921604156494,1.0,0.0
gsm8k,1083,baseline,8.307375431060791,1.0,0.0
gsm8k,1084,baseline,7.402308702468872,1.0,0.0
gsm8k,1085,baseline,7.0702362060546875,1.0,0.0
gsm8k,1086,baseline,10.528095006942749,1.0,0.0
gsm8k,1087,baseline,8.791305541992188,1.0,0.0
gsm8k,1088,baseline,8.884729623794556,1.0,0.0
gsm8k,1089,baseline,8.17984414100647,1.0,0.0
gsm8k,1090,baseline,7.781885147094727,1.0,0.0
gsm8k,1091,baseline,7.673141241073608,1.0,0.0
gsm8k,1092,baseline,8.889102697372437,1.0,0.0
gsm8k,1093,baseline,8.3046555519104,1.0,0.0
gsm8k,1094,baseline,9.715314388275146,1.0,0.0
gsm8k,1095,baseline,7.710078954696655,1.0,0.0
gsm8k,1096,baseline,8.95016860961914,1.0,0.0
gsm8k,1097,baseline,7.7769904136657715,1.0,0.0
gsm8k,1098,baseline,6.674466609954834,1.0,0.0
gsm8k,1099,baseline,8.612728595733643,1.0,0.0
gsm8k,1100,baseline,7.304558515548706,1.0,0.0
gsm8k,1101,baseline,7.419953346252441,1.0,0.0
gsm8k,1102,baseline,9.721975803375244,1.0,0.0
gsm8k,1103,baseline,8.57050085067749,1.0,0.0
gsm8k,1104,baseline,6.815000295639038,1.0,0.0
gsm8k,1105,baseline,8.049925565719604,1.0,0.0
gsm8k,1106,baseline,7.394941568374634,1.0,0.0
gsm8k,1107,baseline,6.741560697555542,1.0,0.0
gsm8k,1108,baseline,7.762512445449829,1.0,0.0
gsm8k,1109,baseline,7.011415481567383,1.0,0.0
gsm8k,1110,baseline,8.800506591796875,1.0,0.0
gsm8k,1111,baseline,7.873162269592285,1.0,0.0
gsm8k,1112,baseline,7.187904357910156,1.0,0.0
gsm8k,1113,baseline,7.18204927444458,1.0,0.0
gsm8k,1114,baseline,7.265547752380371,1.0,0.0
gsm8k,1115,baseline,8.25368356704712,1.0,0.0
gsm8k,1116,baseline,7.364758014678955,1.0,0.0
gsm8k,1117,baseline,6.9858479499816895,1.0,0.0
gsm8k,1118,baseline,8.67283821105957,1.0,0.0
gsm8k,1119,baseline,9.764216899871826,1.0,0.0
gsm8k,1120,baseline,7.476073741912842,1.0,0.0
gsm8k,1121,baseline,7.15793514251709,1.0,0.0
gsm8k,1122,baseline,9.425686836242676,1.0,0.0
gsm8k,1123,baseline,7.837450981140137,1.0,0.0
gsm8k,1124,baseline,7.764356374740601,1.0,0.0
gsm8k,1125,baseline,7.9928131103515625,1.0,0.0
gsm8k,1126,baseline,7.968934059143066,1.0,0.0
gsm8k,1127,baseline,8.996886491775513,1.0,0.0
gsm8k,1128,baseline,6.7905848026275635,1.0,0.0
gsm8k,1129,baseline,8.030406951904297,1.0,0.0
gsm8k,1130,baseline,8.817963123321533,1.0,0.0
gsm8k,1131,baseline,8.279619932174683,1.0,0.0
gsm8k,1132,baseline,7.2891058921813965,1.0,0.0
gsm8k,1133,baseline,9.017078161239624,1.0,0.0
gsm8k,1134,baseline,7.549744606018066,1.0,0.0
gsm8k,1135,baseline,7.3833184242248535,1.0,0.0
gsm8k,1136,baseline,7.552962779998779,1.0,0.0
gsm8k,1137,baseline,8.93028998374939,1.0,0.0
gsm8k,1138,baseline,8.186158657073975,1.0,0.0
gsm8k,1139,baseline,8.295063495635986,1.0,0.0
gsm8k,1140,baseline,7.5926148891448975,1.0,0.0
gsm8k,1141,baseline,7.392470121383667,1.0,0.0
gsm8k,1142,baseline,8.364786863327026,1.0,0.0
gsm8k,1143,baseline,6.931116580963135,1.0,0.0
gsm8k,1144,baseline,7.796770811080933,1.0,0.0
gsm8k,1145,baseline,8.511436462402344,1.0,0.0
gsm8k,1146,baseline,8.120133876800537,1.0,0.0
gsm8k,1147,baseline,9.529754638671875,1.0,0.0
gsm8k,1148,baseline,7.082479953765869,1.0,0.0
gsm8k,1149,baseline,7.123313665390015,1.0,0.0
gsm8k,1150,baseline,7.012871026992798,1.0,0.0
gsm8k,1151,baseline,7.150657415390015,1.0,0.0
gsm8k,1152,baseline,7.431706666946411,1.0,0.0
gsm8k,1153,baseline,8.322057247161865,1.0,0.0
gsm8k,1154,baseline,6.967777729034424,1.0,0.0
gsm8k,1155,baseline,7.11336874961853,1.0,0.0
gsm8k,1156,baseline,8.136141777038574,1.0,0.0
gsm8k,1157,baseline,7.915619373321533,1.0,0.0
gsm8k,1158,baseline,8.592849969863892,1.0,0.0
gsm8k,1159,baseline,8.166680812835693,1.0,0.0
gsm8k,1160,baseline,7.753288745880127,1.0,0.0
gsm8k,1161,baseline,8.373919010162354,1.0,0.0
gsm8k,1162,baseline,6.790859937667847,1.0,0.0
gsm8k,1163,baseline,7.082956314086914,1.0,0.0
gsm8k,1164,baseline,8.05898928642273,1.0,0.0
gsm8k,1165,baseline,8.498139381408691,1.0,0.0
gsm8k,1166,baseline,10.173574209213257,1.0,0.0
gsm8k,1167,baseline,6.875221014022827,1.0,0.0
gsm8k,1168,baseline,7.801136493682861,1.0,0.0
gsm8k,1169,baseline,7.78124737739563,1.0,0.0
gsm8k,1170,baseline,8.316792011260986,1.0,0.0
gsm8k,1171,baseline,8.263000011444092,1.0,0.0
gsm8k,1172,baseline,8.85623288154602,1.0,0.0
gsm8k,1173,baseline,7.9892897605896,1.0,0.0
gsm8k,1174,baseline,8.661485433578491,1.0,0.0
gsm8k,1175,baseline,8.614609003067017,1.0,0.0
gsm8k,1176,baseline,11.260863780975342,1.0,0.0
gsm8k,1177,baseline,7.308849573135376,1.0,0.0
gsm8k,1178,baseline,6.837791919708252,1.0,0.0
gsm8k,1179,baseline,7.004441976547241,1.0,0.0
gsm8k,1180,baseline,8.897654056549072,1.0,0.0
gsm8k,1181,baseline,7.268441915512085,1.0,0.0
gsm8k,1182,baseline,7.342117071151733,1.0,0.0
gsm8k,1183,baseline,10.020189046859741,1.0,0.0
gsm8k,1184,baseline,7.34666895866394,1.0,0.0
gsm8k,1185,baseline,7.8017542362213135,1.0,0.0
gsm8k,1186,baseline,7.165257453918457,1.0,0.0
gsm8k,1187,baseline,7.7807135581970215,1.0,0.0
gsm8k,1188,baseline,7.169266223907471,1.0,0.0
gsm8k,1189,baseline,7.608773469924927,1.0,0.0
gsm8k,1190,baseline,9.576202392578125,1.0,0.0
gsm8k,1191,baseline,7.5134618282318115,1.0,0.0
gsm8k,1192,baseline,8.238610744476318,1.0,0.0
gsm8k,1193,baseline,9.18921422958374,1.0,0.0
gsm8k,1194,baseline,7.7469518184661865,1.0,0.0
gsm8k,1195,baseline,10.370349884033203,1.0,0.0
gsm8k,1196,baseline,7.362424373626709,1.0,0.0
gsm8k,1197,baseline,7.643906354904175,1.0,0.0
gsm8k,1198,baseline,8.88643217086792,1.0,0.0
gsm8k,1199,baseline,11.578632354736328,1.0,0.0
gsm8k,1200,baseline,6.923145532608032,1.0,0.0
gsm8k,1201,baseline,7.444809913635254,1.0,0.0
gsm8k,1202,baseline,7.933774948120117,1.0,0.0
gsm8k,1203,baseline,7.794899225234985,1.0,0.0
gsm8k,1204,baseline,8.626417875289917,1.0,0.0
gsm8k,1205,baseline,8.440005540847778,1.0,0.0
gsm8k,1206,baseline,8.467796564102173,1.0,0.0
gsm8k,1207,baseline,8.700369834899902,1.0,0.0
gsm8k,1208,baseline,7.226889133453369,1.0,0.0
gsm8k,1209,baseline,12.104794025421143,1.0,0.0
gsm8k,1210,baseline,8.240290403366089,1.0,0.0
gsm8k,1211,baseline,7.457900285720825,1.0,0.0
gsm8k,1212,baseline,8.318580389022827,1.0,0.0
gsm8k,1213,baseline,8.382879495620728,1.0,0.0
gsm8k,1214,baseline,7.371713161468506,1.0,0.0
gsm8k,1215,baseline,10.008530378341675,1.0,0.0
gsm8k,1216,baseline,9.347150564193726,1.0,0.0
gsm8k,1217,baseline,8.529735565185547,1.0,0.0
gsm8k,1218,baseline,9.648170232772827,1.0,0.0
gsm8k,1219,baseline,7.365966081619263,1.0,0.0
gsm8k,1220,baseline,7.549731016159058,1.0,0.0
gsm8k,1221,baseline,8.496185541152954,1.0,0.0
gsm8k,1222,baseline,7.593988418579102,1.0,0.0
gsm8k,1223,baseline,7.6974358558654785,1.0,0.0
gsm8k,1224,baseline,7.082793951034546,1.0,0.0
gsm8k,1225,baseline,7.594763278961182,1.0,0.0
gsm8k,1226,baseline,8.362405776977539,1.0,0.0
gsm8k,1227,baseline,7.899100303649902,1.0,0.0
gsm8k,1228,baseline,7.13318395614624,1.0,0.0
gsm8k,1229,baseline,7.484183073043823,1.0,0.0
gsm8k,1230,baseline,9.359488487243652,1.0,0.0
gsm8k,1231,baseline,7.779474496841431,1.0,0.0
gsm8k,1232,baseline,7.556886196136475,1.0,0.0
gsm8k,1233,baseline,7.796493291854858,1.0,0.0
gsm8k,1234,baseline,7.088424205780029,1.0,0.0
gsm8k,1235,baseline,8.307617664337158,1.0,0.0
gsm8k,1236,baseline,8.215641021728516,1.0,0.0
gsm8k,1237,baseline,7.472013235092163,1.0,0.0
gsm8k,1238,baseline,8.49046015739441,1.0,0.0
gsm8k,1239,baseline,8.161245107650757,1.0,0.0
gsm8k,1240,baseline,9.03062391281128,1.0,0.0
gsm8k,1241,baseline,7.262298583984375,1.0,0.0
gsm8k,1242,baseline,8.034749746322632,1.0,0.0
gsm8k,1243,baseline,7.905858755111694,1.0,0.0
gsm8k,1244,baseline,8.993558883666992,1.0,0.0
gsm8k,1245,baseline,8.03362774848938,1.0,0.0
gsm8k,1246,baseline,7.517877578735352,1.0,0.0
gsm8k,1247,baseline,9.080521821975708,1.0,0.0
gsm8k,1248,baseline,9.950324535369873,1.0,0.0
gsm8k,1249,baseline,9.908670663833618,1.0,0.0
gsm8k,1250,baseline,7.436289072036743,1.0,0.0
gsm8k,1251,baseline,8.421802520751953,1.0,0.0
gsm8k,1252,baseline,7.473052501678467,1.0,0.0
gsm8k,1253,baseline,7.298607587814331,1.0,0.0
gsm8k,1254,baseline,9.238467454910278,1.0,0.0
gsm8k,1255,baseline,8.556541681289673,1.0,0.0
gsm8k,1256,baseline,9.647987842559814,1.0,0.0
gsm8k,1257,baseline,7.9793901443481445,1.0,0.0
gsm8k,1258,baseline,7.541399955749512,1.0,0.0
gsm8k,1259,baseline,7.316676139831543,1.0,0.0
gsm8k,1260,baseline,8.874341487884521,1.0,0.0
gsm8k,1261,baseline,8.769830703735352,1.0,0.0
gsm8k,1262,baseline,8.264445781707764,1.0,0.0
gsm8k,1263,baseline,9.898225784301758,1.0,0.0
gsm8k,1264,baseline,10.710818529129028,1.0,0.0
gsm8k,1265,baseline,9.410387992858887,1.0,0.0
gsm8k,1266,baseline,7.784808397293091,1.0,0.0
gsm8k,1267,baseline,7.183049201965332,1.0,0.0
gsm8k,1268,baseline,7.420907497406006,1.0,0.0
gsm8k,1269,baseline,7.8633506298065186,1.0,0.0
gsm8k,1270,baseline,7.944648265838623,1.0,0.0
gsm8k,1271,baseline,7.694255352020264,1.0,0.0
gsm8k,1272,baseline,8.612377882003784,1.0,0.0
gsm8k,1273,baseline,7.744571685791016,1.0,0.0
gsm8k,1274,baseline,7.647828817367554,1.0,0.0
gsm8k,1275,baseline,8.563649654388428,1.0,0.0
gsm8k,1276,baseline,7.9215087890625,1.0,0.0
gsm8k,1277,baseline,7.231485366821289,1.0,0.0
gsm8k,1278,baseline,7.9516236782073975,1.0,0.0
gsm8k,1279,baseline,8.762330055236816,1.0,0.0
gsm8k,1280,baseline,7.480081558227539,1.0,0.0
gsm8k,1281,baseline,7.308645486831665,1.0,0.0
gsm8k,1282,baseline,8.261208295822144,1.0,0.0
gsm8k,1283,baseline,7.463796615600586,1.0,0.0
gsm8k,1284,baseline,9.347600936889648,1.0,0.0
gsm8k,1285,baseline,8.470898866653442,1.0,0.0
gsm8k,1286,baseline,7.2729480266571045,1.0,0.0
gsm8k,1287,baseline,7.913760423660278,1.0,0.0
gsm8k,1288,baseline,7.7952024936676025,1.0,0.0
gsm8k,1289,baseline,9.092488050460815,1.0,0.0
gsm8k,1290,baseline,7.150435209274292,1.0,0.0
gsm8k,1291,baseline,7.09125542640686,1.0,0.0
gsm8k,1292,baseline,7.535838603973389,1.0,0.0
gsm8k,1293,baseline,7.64771580696106,1.0,0.0
gsm8k,1294,baseline,9.043286323547363,1.0,0.0
gsm8k,1295,baseline,8.472853899002075,1.0,0.0
gsm8k,1296,baseline,8.490654468536377,1.0,0.0
gsm8k,1297,baseline,9.412484884262085,1.0,0.0
gsm8k,1298,baseline,7.656790018081665,1.0,0.0
gsm8k,1299,baseline,7.982515811920166,1.0,0.0
gsm8k,1300,baseline,7.564770460128784,1.0,0.0
gsm8k,1301,baseline,8.701412200927734,1.0,0.0
gsm8k,1302,baseline,8.235661029815674,1.0,0.0
gsm8k,1303,baseline,8.285508394241333,1.0,0.0
gsm8k,1304,baseline,8.193475008010864,1.0,0.0
gsm8k,1305,baseline,7.876201391220093,1.0,0.0
gsm8k,1306,baseline,10.87437391281128,1.0,0.0
gsm8k,1307,baseline,7.306422233581543,1.0,0.0
gsm8k,1308,baseline,7.022470712661743,1.0,0.0
gsm8k,1309,baseline,8.125931978225708,1.0,0.0
gsm8k,1310,baseline,8.400732517242432,1.0,0.0
gsm8k,1311,baseline,8.205003261566162,1.0,0.0
gsm8k,1312,baseline,7.789794445037842,1.0,0.0
gsm8k,1313,baseline,7.2576515674591064,1.0,0.0
gsm8k,1314,baseline,8.221445322036743,1.0,0.0
gsm8k,1315,baseline,8.030264139175415,1.0,0.0
gsm8k,1316,baseline,8.833786249160767,1.0,0.0
gsm8k,1317,baseline,7.4503538608551025,1.0,0.0
gsm8k,1318,baseline,7.5747106075286865,1.0,0.0
gsm8k,0,fixed_1,178.15246963500977,0.04271516301978598,0.37037037037037035
gsm8k,1,fixed_1,97.85705804824829,0.06736193946895087,0.0967741935483871
gsm8k,2,fixed_1,147.54249691963196,0.055055195899909745,0.0967741935483871
gsm8k,3,fixed_1,108.85300827026367,0.06666995821961837,0.03125
gsm8k,4,fixed_1,240.71574878692627,0.04220757879648367,0.16666666666666666
gsm8k,5,fixed_1,141.03325843811035,0.05737896483658249,0.06451612903225806
gsm8k,6,fixed_1,122.23793697357178,0.06154589853166238,0.13333333333333333
gsm8k,7,fixed_1,175.09256839752197,0.04913777455963336,0.16666666666666666
gsm8k,8,fixed_1,217.11726880073547,0.04603523160449676,0.06451612903225806
gsm8k,9,fixed_1,164.68224096298218,0.049798561482249155,0.37037037037037035
gsm8k,10,fixed_1,148.70008087158203,0.055307462123565646,0.03125
gsm8k,11,fixed_1,153.9763581752777,0.05415770501624007,0.06451612903225806
gsm8k,12,fixed_1,158.0460329055786,0.05377225161918564,0.06451612903225806
gsm8k,13,fixed_1,153.7596719264984,0.052407114293469774,0.16666666666666666
gsm8k,14,fixed_1,135.50831651687622,0.0581093661971432,0.03125
gsm8k,15,fixed_1,220.73842549324036,0.0431412066918254,0.2857142857142857
gsm8k,16,fixed_1,145.6770510673523,0.05481005489109725,0.2068965517241379
gsm8k,17,fixed_1,150.30887031555176,0.0535942774263561,0.13333333333333333
gsm8k,18,fixed_1,98.66538834571838,0.07000226586770888,0.03125
gsm8k,19,fixed_1,155.47498989105225,0.052687943886811674,0.06451612903225806
gsm8k,20,fixed_1,156.56014490127563,0.051955837500662176,0.0967741935483871
gsm8k,21,fixed_1,133.43590450286865,0.05654335716684625,0.2068965517241379
gsm8k,22,fixed_1,143.51117372512817,0.05467359474279953,0.0967741935483871
gsm8k,23,fixed_1,121.55059099197388,0.06073407889955228,0.0967741935483871
gsm8k,24,fixed_1,118.28676533699036,0.060814430266617696,0.13333333333333333
gsm8k,25,fixed_1,168.72358560562134,0.04897505999939153,0.16666666666666666
gsm8k,26,fixed_1,166.8784875869751,0.04985577116802566,0.0967741935483871
gsm8k,27,fixed_1,151.16603231430054,0.053047053170744825,0.0967741935483871
gsm8k,28,fixed_1,131.23177790641785,0.05821592310003846,0.06451612903225806
gsm8k,29,fixed_1,160.39244508743286,0.051929909888961664,0.06451612903225806
gsm8k,30,fixed_1,117.79721069335938,0.06115944461744481,0.13333333333333333
gsm8k,31,fixed_1,151.49729561805725,0.05378874870932395,0.06451612903225806
gsm8k,32,fixed_1,120.40454387664795,0.060200862844670654,0.0967741935483871
gsm8k,33,fixed_1,102.59178495407104,0.06719895839270551,0.06451612903225806
gsm8k,34,fixed_1,121.769611120224,0.05992507907667796,0.0967741935483871
gsm8k,35,fixed_1,134.041330575943,0.057929440679247574,0.06451612903225806
gsm8k,36,fixed_1,123.35870361328125,0.05955442307601916,0.06451612903225806
gsm8k,37,fixed_1,156.7624011039734,0.051690677115214544,0.13333333333333333
gsm8k,38,fixed_1,137.52966594696045,0.05382934418134205,0.37037037037037035
gsm8k,39,fixed_1,179.59659218788147,0.047343793722172345,0.2068965517241379
gsm8k,40,fixed_1,126.47693347930908,0.06077377738012904,0.0967741935483871
gsm8k,41,fixed_1,277.7724986076355,0.03903837496237175,0.2857142857142857
gsm8k,42,fixed_1,176.82094764709473,0.051459700691119464,0.0
gsm8k,43,fixed_1,160.1482753753662,0.05262707113167399,0.2068965517241379
gsm8k,44,fixed_1,192.03661584854126,0.04709058369489673,0.2413793103448276
gsm8k,45,fixed_1,205.74037408828735,0.0471770444455065,0.13333333333333333
gsm8k,46,fixed_1,207.45983123779297,0.045896119471870125,0.0967741935483871
gsm8k,47,fixed_1,138.85737705230713,0.05720752566956039,0.2068965517241379
gsm8k,48,fixed_1,111.78313374519348,0.0657074210202743,0.06451612903225806
gsm8k,49,fixed_1,121.82666087150574,0.06233280458459457,0.03125
gsm8k,50,fixed_1,117.43461227416992,0.06229836017338309,0.0967741935483871
gsm8k,51,fixed_1,144.9216868877411,0.05314788067129763,0.2413793103448276
gsm8k,52,fixed_1,164.93784046173096,0.04998353829263846,0.2413793103448276
gsm8k,53,fixed_1,210.81399130821228,0.04719307858172034,0.03125
gsm8k,54,fixed_1,187.91336369514465,0.04846138250157179,0.0967741935483871
gsm8k,55,fixed_1,132.6657166481018,0.05919657198976726,0.06451612903225806
gsm8k,56,fixed_1,132.69699501991272,0.05817196505325424,0.2068965517241379
gsm8k,57,fixed_1,180.04506468772888,0.04958489565180192,0.0967741935483871
gsm8k,58,fixed_1,185.53705406188965,0.04965605781292844,0.06451612903225806
gsm8k,59,fixed_1,113.08027744293213,0.06328063497281618,0.2413793103448276
gsm8k,60,fixed_1,113.11336302757263,0.06561665968824928,0.06451612903225806
gsm8k,61,fixed_1,151.54087018966675,0.05540001623452229,0.03125
gsm8k,62,fixed_1,164.19839906692505,0.05228002244153454,0.13333333333333333
gsm8k,63,fixed_1,172.083176612854,0.04994346696632739,0.2068965517241379
gsm8k,64,fixed_1,216.71474313735962,0.043707504820683835,0.2413793103448276
gsm8k,65,fixed_1,133.10471153259277,0.058044215691398074,0.0967741935483871
gsm8k,66,fixed_1,158.4389283657074,0.05187234104736567,0.2413793103448276
gsm8k,67,fixed_1,138.97415328025818,0.05797118008164445,0.03125
gsm8k,68,fixed_1,112.10667753219604,0.06554932624221878,0.06451612903225806
gsm8k,69,fixed_1,144.78320956230164,0.05479225582309608,0.2068965517241379
gsm8k,70,fixed_1,144.60115551948547,0.05523073445501234,0.2068965517241379
gsm8k,71,fixed_1,122.78241777420044,0.061854381250085126,0.03125
gsm8k,72,fixed_1,136.36635088920593,0.05781463102305667,0.13333333333333333
gsm8k,73,fixed_1,129.14831447601318,0.0597003224509834,0.0967741935483871
gsm8k,74,fixed_1,258.9717299938202,0.04194292257942197,0.13333333333333333
gsm8k,75,fixed_1,162.0145559310913,0.052056399175734465,0.13333333333333333
gsm8k,76,fixed_1,196.43176817893982,0.047356939007113304,0.13333333333333333
gsm8k,77,fixed_1,123.81239748001099,0.06175478330023287,0.06451612903225806
gsm8k,78,fixed_1,120.79116630554199,0.06269543364555451,0.06451612903225806
gsm8k,79,fixed_1,135.64527702331543,0.057259140761057335,0.16666666666666666
gsm8k,80,fixed_1,109.10385370254517,0.06671161568597235,0.03125
gsm8k,81,fixed_1,146.21535277366638,0.05552630813896157,0.03125
gsm8k,82,fixed_1,106.68268871307373,0.06577554076007054,0.2068965517241379
gsm8k,83,fixed_1,103.18764400482178,0.06920425119436364,0.06451612903225806
gsm8k,84,fixed_1,89.96765065193176,0.07655744696743458,0.06451612903225806
gsm8k,85,fixed_1,183.82733297348022,0.0495932326521107,0.06451612903225806
gsm8k,86,fixed_1,203.25554728507996,0.04568609777448577,0.16666666666666666
gsm8k,87,fixed_1,183.72093772888184,0.047888412483277694,0.0967741935483871
gsm8k,88,fixed_1,116.38326835632324,0.06328701835944403,0.06451612903225806
gsm8k,89,fixed_1,139.51451778411865,0.055298539919335754,0.2068965517241379
gsm8k,90,fixed_1,188.3930323123932,0.047374469585889284,0.06451612903225806
gsm8k,91,fixed_1,109.80159664154053,0.06447581475845826,0.03125
gsm8k,92,fixed_1,140.4096643924713,0.055537513797886344,0.16666666666666666
gsm8k,93,fixed_1,196.47683930397034,0.04535536360326494,0.16666666666666666
gsm8k,94,fixed_1,150.65757632255554,0.05170752171998367,0.37037037037037035
gsm8k,95,fixed_1,119.7423243522644,0.06130158884958618,0.03125
gsm8k,96,fixed_1,103.57030701637268,0.06733325406328498,0.06451612903225806
gsm8k,97,fixed_1,146.45208859443665,0.053732376928306076,0.2068965517241379
gsm8k,98,fixed_1,210.15621638298035,0.04559438307389385,0.0967741935483871
gsm8k,99,fixed_1,181.40847039222717,0.05008807716039403,0.06451612903225806
gsm8k,100,fixed_1,214.66604113578796,0.04448026681693449,0.16666666666666666
gsm8k,101,fixed_1,180.47879266738892,0.04930580587127169,0.0967741935483871
gsm8k,102,fixed_1,170.61899328231812,0.049323238679760524,0.2413793103448276
gsm8k,103,fixed_1,161.17371129989624,0.05111763017797705,0.0967741935483871
gsm8k,104,fixed_1,129.52270650863647,0.05858632930028411,0.06451612903225806
gsm8k,105,fixed_1,97.46797037124634,0.07103946779735965,0.0
gsm8k,106,fixed_1,125.78561568260193,0.05836084847681942,0.13333333333333333
gsm8k,107,fixed_1,241.2527220249176,0.04215329593779043,0.0967741935483871
gsm8k,108,fixed_1,173.4028890132904,0.05060841572131162,0.0
gsm8k,109,fixed_1,158.95918774604797,0.051133752655901824,0.16666666666666666
gsm8k,110,fixed_1,196.4856162071228,0.046688610935815125,0.13333333333333333
gsm8k,111,fixed_1,174.45823979377747,0.04828647708878406,0.16666666666666666
gsm8k,112,fixed_1,156.00202441215515,0.051650856446880423,0.0967741935483871
gsm8k,113,fixed_1,97.25622653961182,0.07087668535209338,0.0
gsm8k,114,fixed_1,197.65628218650818,0.044390802806798905,0.2413793103448276
gsm8k,115,fixed_1,197.69421458244324,0.04679103833708679,0.06451612903225806
gsm8k,116,fixed_1,130.46646761894226,0.05933956499413713,0.0
gsm8k,117,fixed_1,100.0107204914093,0.06930638465503212,0.06451612903225806
gsm8k,118,fixed_1,168.5383939743042,0.05030829906852903,0.03125
gsm8k,119,fixed_1,188.63098645210266,0.046578653709184126,0.0967741935483871
gsm8k,120,fixed_1,121.7819287776947,0.059644647101856144,0.0967741935483871
gsm8k,121,fixed_1,135.71783447265625,0.05705449038519051,0.06451612903225806
gsm8k,122,fixed_1,154.78815364837646,0.052296524620607736,0.0967741935483871
gsm8k,123,fixed_1,110.99897575378418,0.06447209317858647,0.06451612903225806
gsm8k,124,fixed_1,163.40961289405823,0.0510780122102029,0.06451612903225806
gsm8k,125,fixed_1,258.3415279388428,0.03967689909029961,0.2857142857142857
gsm8k,126,fixed_1,139.63667941093445,0.05621377891262606,0.06451612903225806
gsm8k,127,fixed_1,111.35572695732117,0.06387431513556752,0.13333333333333333
gsm8k,128,fixed_1,187.13642024993896,0.047843205981911975,0.03125
gsm8k,129,fixed_1,172.34060502052307,0.04792240193925234,0.37037037037037035
gsm8k,130,fixed_1,146.58665919303894,0.0529388910049334,0.2068965517241379
gsm8k,131,fixed_1,108.05416250228882,0.056470066240919485,0.13333333333333333
gsm8k,132,fixed_1,144.84776163101196,0.055152239602454474,0.03125
gsm8k,133,fixed_1,126.1485800743103,0.05996173987941996,0.03125
gsm8k,134,fixed_1,99.73315715789795,0.06963296319261655,0.13333333333333333
gsm8k,135,fixed_1,131.09215903282166,0.05876547074252917,0.2068965517241379
gsm8k,136,fixed_1,128.82416009902954,0.05956970111970386,0.2068965517241379
gsm8k,137,fixed_1,166.0260841846466,0.05311019948968662,0.0
gsm8k,138,fixed_1,173.8034427165985,0.05053042864870339,0.0967741935483871
gsm8k,139,fixed_1,121.87082123756409,0.06296361397623339,0.0
gsm8k,140,fixed_1,117.57870078086853,0.06309715827685945,0.13333333333333333
gsm8k,141,fixed_1,119.2799186706543,0.062275836812205505,0.0967741935483871
gsm8k,142,fixed_1,121.63697719573975,0.06321695183327157,0.0
gsm8k,143,fixed_1,147.8277702331543,0.054321885529331614,0.0967741935483871
gsm8k,144,fixed_1,291.8753092288971,0.037893052562828655,0.37037037037037035
gsm8k,145,fixed_1,136.56838941574097,0.056935653119987,0.16666666666666666
gsm8k,146,fixed_1,186.19603180885315,0.04876014952523453,0.0967741935483871
gsm8k,147,fixed_1,265.1774537563324,0.04048641057917574,0.2068965517241379
gsm8k,148,fixed_1,162.1584689617157,0.053180874759056716,0.13333333333333333
gsm8k,149,fixed_1,122.4805359840393,0.06164884350890798,0.0967741935483871
gsm8k,150,fixed_1,216.26215195655823,0.044089957638502535,0.2857142857142857
gsm8k,151,fixed_1,214.5793125629425,0.04395740136333842,0.2413793103448276
gsm8k,152,fixed_1,118.03599524497986,0.06353381727092856,0.03125
gsm8k,153,fixed_1,14.35233759880066,0.6955454067985274,0.16666666666666666
gsm8k,154,fixed_1,12.594757080078125,0.6856085346979077,0.16666666666666666
gsm8k,155,fixed_1,12.082670211791992,0.7318271266381143,0.13333333333333333
gsm8k,156,fixed_1,12.104498624801636,0.7295824437240401,0.13333333333333333
gsm8k,157,fixed_1,12.305596590042114,0.7987905004460759,0.13333333333333333
