workload,prompt_idx,policy,avg_latency,net_speedup,wasted_tokens_per_accepted
humaneval,0,baseline,3.518059730529785,1.0,0.0
humaneval,1,baseline,2.337179660797119,1.0,0.0
humaneval,2,baseline,1.0106301307678223,1.0,0.0
humaneval,3,baseline,1.9222114086151123,1.0,0.0
humaneval,4,baseline,1.7149543762207031,1.0,0.0
humaneval,5,baseline,2.1131300926208496,1.0,0.0
humaneval,6,baseline,1.6815135478973389,1.0,0.0
humaneval,7,baseline,0.5137476921081543,1.0,0.0
humaneval,8,baseline,1.944765567779541,1.0,0.0
humaneval,9,baseline,2.2913174629211426,1.0,0.0
humaneval,10,baseline,2.327251434326172,1.0,0.0
humaneval,11,baseline,2.3445608615875244,1.0,0.0
humaneval,12,baseline,2.237147808074951,1.0,0.0
humaneval,13,baseline,2.2891745567321777,1.0,0.0
humaneval,14,baseline,2.337611198425293,1.0,0.0
humaneval,15,baseline,2.287407159805298,1.0,0.0
humaneval,16,baseline,2.310286045074463,1.0,0.0
humaneval,17,baseline,2.279843330383301,1.0,0.0
humaneval,18,baseline,2.286781072616577,1.0,0.0
humaneval,19,baseline,2.23246431350708,1.0,0.0
humaneval,20,baseline,2.2487633228302,1.0,0.0
humaneval,21,baseline,2.3394312858581543,1.0,0.0
humaneval,22,baseline,2.2816193103790283,1.0,0.0
humaneval,23,baseline,2.227592706680298,1.0,0.0
humaneval,24,baseline,2.2830851078033447,1.0,0.0
humaneval,25,baseline,2.348006010055542,1.0,0.0
humaneval,26,baseline,2.2608611583709717,1.0,0.0
humaneval,27,baseline,2.2909419536590576,1.0,0.0
humaneval,28,baseline,0.25504422187805176,1.0,0.0
humaneval,29,baseline,2.16727614402771,1.0,0.0
humaneval,30,baseline,2.6103434562683105,1.0,0.0
humaneval,31,baseline,3.06481671333313,1.0,0.0
humaneval,32,baseline,2.972137212753296,1.0,0.0
humaneval,33,baseline,2.036106824874878,1.0,0.0
humaneval,34,baseline,2.4295644760131836,1.0,0.0
humaneval,35,baseline,2.3943865299224854,1.0,0.0
humaneval,36,baseline,2.410912036895752,1.0,0.0
humaneval,37,baseline,2.498192310333252,1.0,0.0
humaneval,38,baseline,2.4570934772491455,1.0,0.0
humaneval,39,baseline,2.4190127849578857,1.0,0.0
humaneval,40,baseline,2.442246437072754,1.0,0.0
humaneval,41,baseline,2.4797604084014893,1.0,0.0
humaneval,42,baseline,2.4725985527038574,1.0,0.0
humaneval,43,baseline,2.4154300689697266,1.0,0.0
humaneval,44,baseline,2.4037256240844727,1.0,0.0
humaneval,45,baseline,2.3542537689208984,1.0,0.0
humaneval,46,baseline,2.4139771461486816,1.0,0.0
humaneval,47,baseline,2.3978431224823,1.0,0.0
humaneval,48,baseline,2.4508371353149414,1.0,0.0
humaneval,49,baseline,2.483922004699707,1.0,0.0
humaneval,50,baseline,1.2803261280059814,1.0,0.0
humaneval,51,baseline,1.4424655437469482,1.0,0.0
humaneval,52,baseline,1.3222718238830566,1.0,0.0
humaneval,53,baseline,2.486800193786621,1.0,0.0
humaneval,54,baseline,2.4418234825134277,1.0,0.0
humaneval,55,baseline,2.4403254985809326,1.0,0.0
humaneval,56,baseline,2.418151617050171,1.0,0.0
humaneval,57,baseline,2.3933582305908203,1.0,0.0
humaneval,58,baseline,1.230672836303711,1.0,0.0
humaneval,59,baseline,2.4223482608795166,1.0,0.0
humaneval,60,baseline,1.4947454929351807,1.0,0.0
humaneval,61,baseline,2.412896156311035,1.0,0.0
humaneval,62,baseline,2.409752607345581,1.0,0.0
humaneval,63,baseline,2.423854351043701,1.0,0.0
humaneval,64,baseline,2.3970229625701904,1.0,0.0
humaneval,65,baseline,2.3009674549102783,1.0,0.0
humaneval,66,baseline,2.358570098876953,1.0,0.0
humaneval,67,baseline,2.3818283081054688,1.0,0.0
humaneval,68,baseline,2.501586675643921,1.0,0.0
humaneval,69,baseline,2.3427014350891113,1.0,0.0
humaneval,70,baseline,2.419870138168335,1.0,0.0
humaneval,71,baseline,2.479583501815796,1.0,0.0
humaneval,72,baseline,2.4761033058166504,1.0,0.0
humaneval,73,baseline,2.363551378250122,1.0,0.0
humaneval,74,baseline,2.4994547367095947,1.0,0.0
humaneval,75,baseline,2.4606287479400635,1.0,0.0
humaneval,76,baseline,2.4242217540740967,1.0,0.0
humaneval,77,baseline,2.4945995807647705,1.0,0.0
humaneval,78,baseline,2.5230295658111572,1.0,0.0
humaneval,79,baseline,2.520982265472412,1.0,0.0
humaneval,80,baseline,2.488429546356201,1.0,0.0
humaneval,81,baseline,2.4350080490112305,1.0,0.0
humaneval,82,baseline,2.386342763900757,1.0,0.0
humaneval,83,baseline,2.3711376190185547,1.0,0.0
humaneval,84,baseline,2.4469473361968994,1.0,0.0
humaneval,85,baseline,2.442086935043335,1.0,0.0
humaneval,86,baseline,2.397340774536133,1.0,0.0
humaneval,87,baseline,2.405930995941162,1.0,0.0
humaneval,88,baseline,2.3842809200286865,1.0,0.0
humaneval,89,baseline,2.4418110847473145,1.0,0.0
humaneval,90,baseline,2.3799688816070557,1.0,0.0
humaneval,91,baseline,2.3890557289123535,1.0,0.0
humaneval,92,baseline,2.43688702583313,1.0,0.0
humaneval,93,baseline,2.3624508380889893,1.0,0.0
humaneval,94,baseline,2.418811082839966,1.0,0.0
humaneval,95,baseline,2.336961507797241,1.0,0.0
humaneval,96,baseline,2.3588075637817383,1.0,0.0
humaneval,97,baseline,2.3412628173828125,1.0,0.0
humaneval,98,baseline,2.3203797340393066,1.0,0.0
humaneval,99,baseline,2.353086471557617,1.0,0.0
humaneval,100,baseline,2.353666067123413,1.0,0.0
humaneval,101,baseline,2.381082773208618,1.0,0.0
humaneval,102,baseline,2.356065034866333,1.0,0.0
humaneval,103,baseline,2.4012067317962646,1.0,0.0
humaneval,104,baseline,2.3898870944976807,1.0,0.0
humaneval,105,baseline,2.3914692401885986,1.0,0.0
humaneval,106,baseline,2.436568021774292,1.0,0.0
humaneval,107,baseline,2.4951276779174805,1.0,0.0
humaneval,108,baseline,1.5385489463806152,1.0,0.0
humaneval,109,baseline,2.3845345973968506,1.0,0.0
humaneval,110,baseline,2.393427610397339,1.0,0.0
humaneval,111,baseline,2.3566648960113525,1.0,0.0
humaneval,112,baseline,2.3123769760131836,1.0,0.0
humaneval,113,baseline,2.394336223602295,1.0,0.0
humaneval,114,baseline,2.3910911083221436,1.0,0.0
humaneval,115,baseline,2.4535164833068848,1.0,0.0
humaneval,116,baseline,1.525968074798584,1.0,0.0
humaneval,117,baseline,2.4437451362609863,1.0,0.0
humaneval,118,baseline,2.421541690826416,1.0,0.0
humaneval,119,baseline,2.431394338607788,1.0,0.0
humaneval,120,baseline,2.4470646381378174,1.0,0.0
humaneval,121,baseline,2.3362748622894287,1.0,0.0
humaneval,122,baseline,2.413867950439453,1.0,0.0
humaneval,123,baseline,2.483222007751465,1.0,0.0
humaneval,124,baseline,2.4247524738311768,1.0,0.0
humaneval,125,baseline,2.4264912605285645,1.0,0.0
humaneval,126,baseline,2.5099525451660156,1.0,0.0
humaneval,127,baseline,2.4028215408325195,1.0,0.0
humaneval,128,baseline,2.3788740634918213,1.0,0.0
humaneval,129,baseline,2.4115731716156006,1.0,0.0
humaneval,130,baseline,2.388080596923828,1.0,0.0
humaneval,131,baseline,2.325559377670288,1.0,0.0
humaneval,132,baseline,2.3827712535858154,1.0,0.0
humaneval,133,baseline,2.3114383220672607,1.0,0.0
humaneval,134,baseline,2.3901302814483643,1.0,0.0
humaneval,135,baseline,2.304947853088379,1.0,0.0
humaneval,136,baseline,2.3161652088165283,1.0,0.0
humaneval,137,baseline,2.321275472640991,1.0,0.0
humaneval,138,baseline,2.3010644912719727,1.0,0.0
humaneval,139,baseline,2.3429031372070312,1.0,0.0
humaneval,140,baseline,2.3378183841705322,1.0,0.0
humaneval,141,baseline,2.414741039276123,1.0,0.0
humaneval,142,baseline,1.6440258026123047,1.0,0.0
humaneval,143,baseline,2.3818345069885254,1.0,0.0
humaneval,144,baseline,2.367873191833496,1.0,0.0
humaneval,145,baseline,2.3216373920440674,1.0,0.0
humaneval,146,baseline,2.358835220336914,1.0,0.0
humaneval,147,baseline,2.4097869396209717,1.0,0.0
humaneval,148,baseline,2.4362094402313232,1.0,0.0
humaneval,149,baseline,2.3252899646759033,1.0,0.0
humaneval,150,baseline,2.2994914054870605,1.0,0.0
humaneval,151,baseline,2.4292430877685547,1.0,0.0
humaneval,152,baseline,0.8430972099304199,1.0,0.0
humaneval,153,baseline,2.3556430339813232,1.0,0.0
humaneval,154,baseline,2.3604888916015625,1.0,0.0
humaneval,155,baseline,2.3842246532440186,1.0,0.0
humaneval,156,baseline,2.382072925567627,1.0,0.0
humaneval,157,baseline,2.4299166202545166,1.0,0.0
humaneval,158,baseline,2.4290130138397217,1.0,0.0
humaneval,159,baseline,2.38993763923645,1.0,0.0
humaneval,160,baseline,2.435988664627075,1.0,0.0
humaneval,161,baseline,2.3933770656585693,1.0,0.0
humaneval,162,baseline,2.304166793823242,1.0,0.0
humaneval,163,baseline,2.3985111713409424,1.0,0.0
humaneval,0,fixed_1,6.948078870773315,0.5063356067140078,0.06451612903225806
humaneval,1,fixed_1,6.0696210861206055,0.3850618725016533,0.13333333333333333
humaneval,2,fixed_1,5.997590780258179,0.16850601646488422,0.13333333333333333
humaneval,3,fixed_1,6.283179759979248,0.3059297174431726,0.0967741935483871
humaneval,4,fixed_1,6.102970361709595,0.2810032286868753,0.16666666666666666
humaneval,5,fixed_1,5.216705799102783,0.4050698226041969,0.06451612903225806
humaneval,6,fixed_1,5.861952066421509,0.2868521490527705,0.2413793103448276
humaneval,7,fixed_1,5.0474560260772705,0.10178349042644823,0.16666666666666666
humaneval,8,fixed_1,4.731662750244141,0.41101102729250866,0.06451612903225806
humaneval,9,fixed_1,4.618505001068115,0.4961167006187571,0.0
humaneval,10,fixed_1,4.9434051513671875,0.47077902034441355,0.13333333333333333
humaneval,11,fixed_1,4.681331396102905,0.5008320631902528,0.03125
humaneval,12,fixed_1,4.7130186557769775,0.4746740828901175,0.03125
humaneval,13,fixed_1,4.669889211654663,0.4901989004405232,0.03125
humaneval,14,fixed_1,4.480846405029297,0.5216896512680196,0.0
humaneval,15,fixed_1,4.940760612487793,0.46296660356785285,0.16666666666666666
humaneval,16,fixed_1,4.6973717212677,0.4918252550920062,0.03125
humaneval,17,fixed_1,4.8042027950286865,0.4745518512962123,0.03125
humaneval,18,fixed_1,4.742347955703735,0.48220440464858993,0.03125
humaneval,19,fixed_1,4.738768577575684,0.47110642289461435,0.03125
humaneval,20,fixed_1,4.617109775543213,0.4870500014407018,0.0
humaneval,21,fixed_1,4.930853366851807,0.4744475472714791,0.0967741935483871
humaneval,22,fixed_1,4.6898033618927,0.48650639148721525,0.06451612903225806
humaneval,23,fixed_1,4.657352924346924,0.47829587812322844,0.0
humaneval,24,fixed_1,4.780120134353638,0.47762086383464103,0.03125
humaneval,25,fixed_1,4.631340026855469,0.5069819958025761,0.0
humaneval,26,fixed_1,4.7302751541137695,0.4779555278945609,0.06451612903225806
humaneval,27,fixed_1,4.556906461715698,0.50274061425358,0.06451612903225806
humaneval,28,fixed_1,4.628417730331421,0.055103976507278024,0.13333333333333333
humaneval,29,fixed_1,4.546959638595581,0.4766429254465774,0.0
humaneval,30,fixed_1,4.803101301193237,0.5434704147546964,0.03125
humaneval,31,fixed_1,4.8844709396362305,0.6274613466246522,0.0967741935483871
humaneval,32,fixed_1,4.8773698806762695,0.6093729377648093,0.13333333333333333
humaneval,33,fixed_1,4.983487844467163,0.40857064137026694,0.13333333333333333
humaneval,34,fixed_1,4.485878944396973,0.5416027730859299,0.0
humaneval,35,fixed_1,4.532088041305542,0.5283186266683255,0.06451612903225806
humaneval,36,fixed_1,4.649697303771973,0.518509459731916,0.0967741935483871
humaneval,37,fixed_1,4.505002737045288,0.5545373568344933,0.0967741935483871
humaneval,38,fixed_1,4.77649712562561,0.5144132640773489,0.2068965517241379
humaneval,39,fixed_1,4.446288108825684,0.544052190445386,0.13333333333333333
humaneval,40,fixed_1,4.184258699417114,0.5836748185318871,0.0
humaneval,41,fixed_1,4.573767900466919,0.5421701455704256,0.2413793103448276
humaneval,42,fixed_1,4.076701879501343,0.6065193447518666,0.0
humaneval,43,fixed_1,4.556332111358643,0.5301259894879513,0.2068965517241379
humaneval,44,fixed_1,4.139637231826782,0.5806609346355046,0.03125
humaneval,45,fixed_1,4.196734428405762,0.5609727775448548,0.06451612903225806
humaneval,46,fixed_1,4.287916898727417,0.562971998563011,0.03125
humaneval,47,fixed_1,4.316685438156128,0.5554824776638203,0.03125
humaneval,48,fixed_1,4.394241094589233,0.5577384314057628,0.13333333333333333
humaneval,49,fixed_1,4.194615125656128,0.5921692289495019,0.06451612903225806
humaneval,50,fixed_1,4.171480655670166,0.3069236642067783,0.03125
humaneval,51,fixed_1,4.437075138092041,0.3250937833717222,0.16666666666666666
humaneval,52,fixed_1,4.177329778671265,0.31653517771911416,0.03125
humaneval,53,fixed_1,4.201256513595581,0.5919182001239747,0.06451612903225806
humaneval,54,fixed_1,4.4305806159973145,0.5511294555157933,0.2068965517241379
humaneval,55,fixed_1,4.201947450637817,0.5807605942836133,0.06451612903225806
humaneval,56,fixed_1,4.160444736480713,0.5812243089895399,0.06451612903225806
humaneval,57,fixed_1,4.1819188594818115,0.572311015830514,0.06451612903225806
humaneval,58,fixed_1,4.61050271987915,0.2669281228264776,0.2413793103448276
humaneval,59,fixed_1,4.135953903198242,0.5856806718775004,0.03125
humaneval,60,fixed_1,4.402136564254761,0.33955000512080363,0.16666666666666666
humaneval,61,fixed_1,4.179538726806641,0.5773115920269505,0.06451612903225806
humaneval,62,fixed_1,4.1863696575164795,0.5756186874274122,0.06451612903225806
humaneval,63,fixed_1,4.093159437179565,0.5921719855393377,0.0
humaneval,64,fixed_1,4.326277017593384,0.5540613679665857,0.0967741935483871
humaneval,65,fixed_1,4.155326843261719,0.5537392223770625,0.06451612903225806
humaneval,66,fixed_1,4.2293455600738525,0.5576678626458151,0.03125
humaneval,67,fixed_1,4.218843936920166,0.5645689538931481,0.06451612903225806
humaneval,68,fixed_1,4.035945653915405,0.6198266503457618,0.0
humaneval,69,fixed_1,4.10386061668396,0.5708530707804798,0.0
humaneval,70,fixed_1,4.33339524269104,0.5584235922744021,0.0967741935483871
humaneval,71,fixed_1,4.349343299865723,0.5701052620730923,0.03125
humaneval,72,fixed_1,4.219248533248901,0.5868588414036857,0.03125
humaneval,73,fixed_1,4.2377259731292725,0.5577404941322339,0.06451612903225806
humaneval,74,fixed_1,4.236300230026245,0.590008875903989,0.06451612903225806
humaneval,75,fixed_1,4.1419196128845215,0.5940793105413334,0.03125
humaneval,76,fixed_1,4.3552329540252686,0.5566227523681692,0.0967741935483871
humaneval,77,fixed_1,4.255587100982666,0.58619398958812,0.13333333333333333
humaneval,78,fixed_1,4.4828760623931885,0.5628149274473215,0.13333333333333333
humaneval,79,fixed_1,4.3232245445251465,0.5831254517336922,0.0967741935483871
humaneval,80,fixed_1,4.0750322341918945,0.6106527269838082,0.0
humaneval,81,fixed_1,4.880848407745361,0.49889032512199,0.06451612903225806
humaneval,82,fixed_1,7.174562215805054,0.33261162034999325,0.0
humaneval,83,fixed_1,5.096543550491333,0.4652442573143449,0.2068965517241379
humaneval,84,fixed_1,5.925628185272217,0.41294311078758467,0.0967741935483871
humaneval,85,fixed_1,4.931914806365967,0.495159999903316,0.0967741935483871
humaneval,86,fixed_1,5.082387447357178,0.47169579245335597,0.16666666666666666
humaneval,87,fixed_1,4.663563013076782,0.5158997507259693,0.0
humaneval,88,fixed_1,4.891660213470459,0.4874175261525624,0.13333333333333333
humaneval,89,fixed_1,5.044898748397827,0.484015875546123,0.2068965517241379
humaneval,90,fixed_1,4.668232679367065,0.5098222486051702,0.06451612903225806
humaneval,91,fixed_1,4.906272888183594,0.48693902344205564,0.16666666666666666
humaneval,92,fixed_1,5.027573823928833,0.4847043745503487,0.16666666666666666
humaneval,93,fixed_1,4.674848318099976,0.5053534740244092,0.06451612903225806
humaneval,94,fixed_1,4.55889105796814,0.5305700557622033,0.06451612903225806
humaneval,95,fixed_1,4.774275064468384,0.4894903364889099,0.0967741935483871
humaneval,96,fixed_1,4.486520767211914,0.525754295181294,0.0
humaneval,97,fixed_1,4.736766815185547,0.49427445106163653,0.2068965517241379
humaneval,98,fixed_1,4.480889081954956,0.5178391367426916,0.0967741935483871
humaneval,99,fixed_1,4.580740213394165,0.5136913166734823,0.06451612903225806
humaneval,100,fixed_1,4.672027587890625,0.5037782895854154,0.0967741935483871
humaneval,101,fixed_1,4.909914016723633,0.48495406744363023,0.2068965517241379
humaneval,102,fixed_1,4.677215099334717,0.5037324529294062,0.13333333333333333
humaneval,103,fixed_1,4.52860164642334,0.5302313869211089,0.03125
humaneval,104,fixed_1,4.757583856582642,0.5023321010287625,0.16666666666666666
humaneval,105,fixed_1,4.835723161697388,0.4945422143126093,0.2413793103448276
humaneval,106,fixed_1,4.514724016189575,0.5396936807292939,0.06451612903225806
humaneval,107,fixed_1,4.73384428024292,0.5270827535098898,0.0
humaneval,108,fixed_1,4.8738203048706055,0.3156761739539476,0.2068965517241379
humaneval,109,fixed_1,4.506121635437012,0.5291767045621693,0.06451612903225806
humaneval,110,fixed_1,4.850733995437622,0.49341555580010926,0.13333333333333333
humaneval,111,fixed_1,4.873064279556274,0.48361046783194556,0.0967741935483871
humaneval,112,fixed_1,5.049274921417236,0.4579621850663943,0.13333333333333333
humaneval,113,fixed_1,5.346368312835693,0.447843486176198,0.16666666666666666
humaneval,114,fixed_1,4.708997964859009,0.5077706820359043,0.0
humaneval,115,fixed_1,5.410691261291504,0.4534571212479869,0.37037037037037035
humaneval,116,fixed_1,5.367412805557251,0.28430235014132776,0.2413793103448276
humaneval,117,fixed_1,5.756818532943726,0.42449577353819895,0.0967741935483871
humaneval,118,fixed_1,5.029084920883179,0.48150741713885375,0.13333333333333333
humaneval,119,fixed_1,5.193404674530029,0.4681696287855354,0.13333333333333333
humaneval,120,fixed_1,4.986327171325684,0.49075492924128195,0.0967741935483871
humaneval,121,fixed_1,5.332040548324585,0.43815774488502807,0.2413793103448276
humaneval,122,fixed_1,5.099499940872192,0.47335385399114205,0.0967741935483871
humaneval,123,fixed_1,4.944807052612305,0.502187847034314,0.06451612903225806
humaneval,124,fixed_1,5.14188027381897,0.47156922073377416,0.13333333333333333
humaneval,125,fixed_1,5.389788389205933,0.45020158219719175,0.2857142857142857
humaneval,126,fixed_1,5.3287622928619385,0.4710197991995598,0.0967741935483871
humaneval,127,fixed_1,5.14415979385376,0.4670969870927046,0.0967741935483871
humaneval,128,fixed_1,5.220209836959839,0.455704681955321,0.16666666666666666
humaneval,129,fixed_1,5.217303514480591,0.4622259688213069,0.0967741935483871
humaneval,130,fixed_1,4.8536696434021,0.49201547949809427,0.06451612903225806
humaneval,131,fixed_1,4.759693145751953,0.48859439179306335,0.03125
humaneval,132,fixed_1,5.0542144775390625,0.47144244949929504,0.13333333333333333
humaneval,133,fixed_1,4.87424898147583,0.4742142493852255,0.06451612903225806
humaneval,134,fixed_1,5.1852006912231445,0.46095231868152686,0.2068965517241379
humaneval,135,fixed_1,4.939053058624268,0.4666780910692227,0.03125
humaneval,136,fixed_1,4.947714567184448,0.4681282999181919,0.0967741935483871
humaneval,137,fixed_1,5.155919551849365,0.45021561125956244,0.2413793103448276
humaneval,138,fixed_1,5.218443155288696,0.44094846351635164,0.13333333333333333
humaneval,139,fixed_1,5.009264945983887,0.46771395852906994,0.03125
humaneval,140,fixed_1,4.920257091522217,0.475141510023669,0.13333333333333333
humaneval,141,fixed_1,4.91271710395813,0.4915286160749189,0.06451612903225806
humaneval,142,fixed_1,4.9558916091918945,0.3317315898441086,0.13333333333333333
humaneval,143,fixed_1,4.833308696746826,0.4927958581647549,0.03125
humaneval,144,fixed_1,4.850281476974487,0.4881929436620099,0.03125
humaneval,145,fixed_1,4.7921483516693115,0.4844669283319122,0.0
humaneval,146,fixed_1,4.829076290130615,0.48846509738472427,0.0
humaneval,147,fixed_1,4.742700576782227,0.5081043807441744,0.0
humaneval,148,fixed_1,4.8344409465789795,0.503927851669234,0.0
humaneval,149,fixed_1,5.024877548217773,0.4627555482422928,0.0967741935483871
humaneval,150,fixed_1,4.60446310043335,0.49940489375854563,0.0
humaneval,151,fixed_1,4.9670844078063965,0.4890682115147257,0.13333333333333333
humaneval,152,fixed_1,4.826137065887451,0.1746940044222278,0.06451612903225806
humaneval,153,fixed_1,4.920754909515381,0.4787157818866695,0.06451612903225806
humaneval,154,fixed_1,4.53670597076416,0.5203089878015531,0.0
humaneval,155,fixed_1,4.875784397125244,0.48899304379614367,0.0967741935483871
humaneval,156,fixed_1,4.603032350540161,0.5175008003774062,0.0
humaneval,157,fixed_1,4.638554334640503,0.5238521411958064,0.0
humaneval,158,fixed_1,4.825494050979614,0.5033708441411533,0.0967741935483871
humaneval,159,fixed_1,5.25458550453186,0.4548289559995225,0.2857142857142857
humaneval,160,fixed_1,4.779655456542969,0.5096577957920377,0.06451612903225806
humaneval,161,fixed_1,4.849392890930176,0.4935415874706512,0.0967741935483871
humaneval,162,fixed_1,4.802304744720459,0.47980436817475797,0.13333333333333333
humaneval,163,fixed_1,4.628188371658325,0.5182397471176249,0.06451612903225806
humaneval,0,fixed_2,4.514946699142456,0.7792029374783064,0.14285714285714285
humaneval,1,fixed_2,4.615390777587891,0.5063882504047865,0.25
humaneval,2,fixed_2,4.398488998413086,0.22976757043894935,0.17073170731707318
humaneval,3,fixed_2,4.330321550369263,0.443895767613654,0.09523809523809523
humaneval,4,fixed_2,4.61472487449646,0.37162656991720056,0.21951219512195122
humaneval,5,fixed_2,4.302201747894287,0.4911741048999204,0.06976744186046512
humaneval,6,fixed_2,4.488152027130127,0.3746561029423405,0.2
humaneval,7,fixed_2,4.200765609741211,0.12229858550470371,0.09523809523809523
humaneval,8,fixed_2,4.289072275161743,0.45342336128066363,0.06976744186046512
humaneval,9,fixed_2,4.054320335388184,0.5651545199626558,0.023255813953488372
humaneval,10,fixed_2,4.497620582580566,0.5174405869938637,0.2
humaneval,11,fixed_2,4.164765357971191,0.562951489475903,0.06976744186046512
humaneval,12,fixed_2,3.969440460205078,0.5635927356772522,0.023255813953488372
humaneval,13,fixed_2,3.954493761062622,0.5788792940507884,0.0
humaneval,14,fixed_2,3.819127082824707,0.6120799721323613,0.023255813953488372
humaneval,15,fixed_2,3.999048948287964,0.5719877874424522,0.12195121951219512
humaneval,16,fixed_2,4.008925676345825,0.5762855766336659,0.047619047619047616
humaneval,17,fixed_2,4.326711893081665,0.5269228427316202,0.06976744186046512
humaneval,18,fixed_2,4.161792993545532,0.5494701625388659,0.06976744186046512
humaneval,19,fixed_2,4.112836837768555,0.5428040064721648,0.09523809523809523
humaneval,20,fixed_2,4.309950113296509,0.5217608704779673,0.14285714285714285
humaneval,21,fixed_2,4.242950201034546,0.5513690180214083,0.09523809523809523
humaneval,22,fixed_2,6.283173322677612,0.363131684135478,0.06976744186046512
humaneval,23,fixed_2,4.122222423553467,0.540386344500075,0.047619047619047616
humaneval,24,fixed_2,4.4384825229644775,0.5143841608006298,0.09523809523809523
humaneval,25,fixed_2,4.192172527313232,0.560092886148553,0.023255813953488372
humaneval,26,fixed_2,4.270557403564453,0.529406572660498,0.047619047619047616
humaneval,27,fixed_2,4.603791952133179,0.49762065216642637,0.047619047619047616
humaneval,28,fixed_2,4.728778600692749,0.05393448148337684,0.12195121951219512
humaneval,29,fixed_2,4.23546576499939,0.5116972404634753,0.0
humaneval,30,fixed_2,4.42187762260437,0.5903246717919992,0.09523809523809523
humaneval,31,fixed_2,4.480243921279907,0.6840736279505021,0.14285714285714285
humaneval,32,fixed_2,4.6547911167144775,0.6385114043207892,0.14285714285714285
humaneval,33,fixed_2,4.611649751663208,0.44151376069714504,0.17073170731707318
humaneval,34,fixed_2,4.138916015625,0.5870050193918481,0.0
humaneval,35,fixed_2,4.304163455963135,0.5562954461232694,0.06976744186046512
humaneval,36,fixed_2,4.420569181442261,0.5453849805171841,0.12195121951219512
humaneval,37,fixed_2,4.373284339904785,0.5712393972507268,0.09523809523809523
humaneval,38,fixed_2,4.917749404907227,0.4996377966712393,0.3333333333333333
humaneval,39,fixed_2,4.653162479400635,0.5198642419358359,0.17073170731707318
humaneval,40,fixed_2,4.356928110122681,0.5605432027667737,0.023255813953488372
humaneval,41,fixed_2,6.465087652206421,0.3835617615416537,0.8823529411764706
humaneval,42,fixed_2,4.187358140945435,0.5904913001173543,0.0
humaneval,43,fixed_2,4.794638633728027,0.5037772924070465,0.25
humaneval,44,fixed_2,4.547340154647827,0.528600355886645,0.17073170731707318
humaneval,45,fixed_2,4.385892868041992,0.5367786764868964,0.09523809523809523
humaneval,46,fixed_2,4.660024881362915,0.5180180809340801,0.17073170731707318
humaneval,47,fixed_2,4.164731740951538,0.5757497172997875,0.047619047619047616
humaneval,48,fixed_2,4.336465358734131,0.565169310156872,0.12195121951219512
humaneval,49,fixed_2,4.423380613327026,0.5615438104548358,0.12195121951219512
humaneval,50,fixed_2,4.382950305938721,0.29211513675416106,0.0
humaneval,51,fixed_2,5.062829494476318,0.28491292178034366,0.2
humaneval,52,fixed_2,4.527434587478638,0.29205763182973776,0.14285714285714285
humaneval,53,fixed_2,4.414696216583252,0.5633004111234808,0.06976744186046512
humaneval,54,fixed_2,4.8513078689575195,0.5033330286329866,0.28205128205128205
humaneval,55,fixed_2,4.3640358448028564,0.5591900674892768,0.09523809523809523
humaneval,56,fixed_2,4.385894775390625,0.5513473853997787,0.06976744186046512
humaneval,57,fixed_2,4.449515104293823,0.5378919218144035,0.12195121951219512
humaneval,58,fixed_2,4.792797803878784,0.25677545489353515,0.2
humaneval,59,fixed_2,4.452926158905029,0.543990215520477,0.06976744186046512
humaneval,60,fixed_2,4.996906280517578,0.29913418603887754,0.25
humaneval,61,fixed_2,4.3969244956970215,0.548769067713666,0.06976744186046512
humaneval,62,fixed_2,4.538428068161011,0.5309663546836874,0.2
humaneval,63,fixed_2,4.486228704452515,0.5402877362534063,0.0
humaneval,64,fixed_2,4.756218671798706,0.5039766099870435,0.17073170731707318
humaneval,65,fixed_2,4.591172218322754,0.50117210714236,0.12195121951219512
humaneval,66,fixed_2,4.318652153015137,0.5461356958861063,0.023255813953488372
humaneval,67,fixed_2,4.818374872207642,0.4943219179237881,0.2
humaneval,68,fixed_2,4.400328636169434,0.568499964998432,0.0
humaneval,69,fixed_2,4.328737735748291,0.5411973600854196,0.023255813953488372
humaneval,70,fixed_2,4.662269115447998,0.5190327023702511,0.14285714285714285
humaneval,71,fixed_2,4.2008867263793945,0.5902524070085715,0.0
humaneval,72,fixed_2,4.250077962875366,0.5826018551766652,0.047619047619047616
humaneval,73,fixed_2,4.444242000579834,0.5318232845875074,0.06976744186046512
humaneval,74,fixed_2,4.423575401306152,0.5650304357808796,0.023255813953488372
humaneval,75,fixed_2,4.199613809585571,0.585917862810077,0.0
humaneval,76,fixed_2,4.394129037857056,0.5516956223152586,0.023255813953488372
humaneval,77,fixed_2,4.584028959274292,0.5441936782964164,0.2
humaneval,78,fixed_2,4.483138561248779,0.5627819732407214,0.12195121951219512
humaneval,79,fixed_2,4.384518146514893,0.5749736188174422,0.06976744186046512
humaneval,80,fixed_2,4.401923894882202,0.5653049906767624,0.0
humaneval,81,fixed_2,4.517467737197876,0.5390205731766073,0.0
humaneval,82,fixed_2,4.4266932010650635,0.5390802243368937,0.09523809523809523
humaneval,83,fixed_2,4.833017826080322,0.4906122229103377,0.28205128205128205
humaneval,84,fixed_2,4.898131847381592,0.49956747030094156,0.25
humaneval,85,fixed_2,4.741142988204956,0.5150840084593048,0.28205128205128205
humaneval,86,fixed_2,4.627456188201904,0.5180688216234999,0.17073170731707318
humaneval,87,fixed_2,4.471100568771362,0.5381071078439867,0.09523809523809523
humaneval,88,fixed_2,4.387591361999512,0.5434145350632933,0.06976744186046512
humaneval,89,fixed_2,4.578941106796265,0.5332698167100406,0.14285714285714285
humaneval,90,fixed_2,4.337944507598877,0.5486397710800611,0.12195121951219512
humaneval,91,fixed_2,4.022742748260498,0.5938872750303064,0.047619047619047616
humaneval,92,fixed_2,4.2004616260528564,0.5801474320628552,0.047619047619047616
humaneval,93,fixed_2,4.440698623657227,0.5319998131607827,0.2
humaneval,94,fixed_2,4.475198745727539,0.5404924384976642,0.14285714285714285
humaneval,95,fixed_2,4.639512300491333,0.503708440981987,0.2
humaneval,96,fixed_2,4.094916582107544,0.5760331172772568,0.047619047619047616
humaneval,97,fixed_2,5.171390533447266,0.4527337090943157,0.5135135135135135
humaneval,98,fixed_2,4.310060977935791,0.5383635512160668,0.12195121951219512
humaneval,99,fixed_2,4.622591018676758,0.5090405926136207,0.14285714285714285
humaneval,100,fixed_2,4.620269536972046,0.5094218093314787,0.17073170731707318
humaneval,101,fixed_2,5.657956600189209,0.4208379352236445,0.28205128205128205
humaneval,102,fixed_2,6.337522983551025,0.37176433773596956,0.023255813953488372
humaneval,103,fixed_2,4.887115240097046,0.49133417442159244,0.14285714285714285
humaneval,104,fixed_2,5.349682331085205,0.44673439404258647,0.3
humaneval,105,fixed_2,5.512596130371094,0.43381905433141366,0.3333333333333333
humaneval,106,fixed_2,4.386740446090698,0.5554392952392868,0.12195121951219512
humaneval,107,fixed_2,4.341708421707153,0.5746879881298892,0.023255813953488372
humaneval,108,fixed_2,4.828633785247803,0.3186302823546304,0.28205128205128205
humaneval,109,fixed_2,4.520851135253906,0.527452580511242,0.12195121951219512
humaneval,110,fixed_2,4.634492635726929,0.5164378926717024,0.2
humaneval,111,fixed_2,4.683194637298584,0.50321737158692,0.17073170731707318
humaneval,112,fixed_2,4.943227767944336,0.4677868559908168,0.25
humaneval,113,fixed_2,4.358625650405884,0.5493328438011944,0.09523809523809523
humaneval,114,fixed_2,4.323818206787109,0.5530045422744281,0.12195121951219512
humaneval,115,fixed_2,5.137059688568115,0.4776110522458751,0.3
humaneval,116,fixed_2,4.3273680210113525,0.352631915609976,0.06976744186046512
humaneval,117,fixed_2,4.343623399734497,0.5626052056930994,0.09523809523809523
humaneval,118,fixed_2,4.231463670730591,0.5722704669725596,0.06976744186046512
humaneval,119,fixed_2,4.987348794937134,0.4875123915688428,0.14285714285714285
humaneval,120,fixed_2,4.385157823562622,0.5580334247011788,0.06976744186046512
humaneval,121,fixed_2,5.137737035751343,0.4547283845070852,0.38461538461538464
humaneval,122,fixed_2,4.4690101146698,0.540134814758146,0.06976744186046512
humaneval,123,fixed_2,4.6043925285339355,0.5393158798609502,0.17073170731707318
humaneval,124,fixed_2,5.23105263710022,0.4635305056259792,0.21951219512195122
humaneval,125,fixed_2,5.196168899536133,0.46697698004873933,0.21951219512195122
humaneval,126,fixed_2,4.352386236190796,0.576684239164106,0.023255813953488372
humaneval,127,fixed_2,4.555225849151611,0.5274868075487483,0.06976744186046512
humaneval,128,fixed_2,4.777252435684204,0.49795862695522725,0.28205128205128205
humaneval,129,fixed_2,5.612805604934692,0.42965556645955855,0.25
humaneval,130,fixed_2,4.302867650985718,0.5549974553311574,0.09523809523809523
humaneval,131,fixed_2,4.281713008880615,0.5431376117098208,0.09523809523809523
humaneval,132,fixed_2,4.43942666053772,0.5367295004029203,0.14285714285714285
humaneval,133,fixed_2,4.717836380004883,0.4899360927105464,0.14285714285714285
humaneval,134,fixed_2,4.671645402908325,0.5116249362505966,0.28205128205128205
humaneval,135,fixed_2,4.093431234359741,0.563084542312801,0.047619047619047616
humaneval,136,fixed_2,4.339872360229492,0.5336943155383606,0.047619047619047616
humaneval,137,fixed_2,5.116302490234375,0.453701765497969,0.4594594594594595
humaneval,138,fixed_2,4.644998550415039,0.495385405678193,0.17073170731707318
humaneval,139,fixed_2,4.205584287643433,0.5570933732301581,0.047619047619047616
humaneval,140,fixed_2,4.57167911529541,0.5113697451662611,0.17073170731707318
humaneval,141,fixed_2,4.21392035484314,0.573039079037366,0.09523809523809523
humaneval,142,fixed_2,4.220336675643921,0.3895484955264775,0.12195121951219512
humaneval,143,fixed_2,3.961082696914673,0.6013089574837103,0.023255813953488372
humaneval,144,fixed_2,4.125185251235962,0.5740040865132175,0.09523809523809523
humaneval,145,fixed_2,4.221232652664185,0.5499903897926098,0.12195121951219512
humaneval,146,fixed_2,3.9117002487182617,0.6030204438874959,0.023255813953488372
humaneval,147,fixed_2,3.9735324382781982,0.6064596117063978,0.023255813953488372
humaneval,148,fixed_2,4.024075269699097,0.6054085167282401,0.023255813953488372
humaneval,149,fixed_2,4.286083221435547,0.5425209555070397,0.14285714285714285
humaneval,150,fixed_2,3.9111580848693848,0.5879310821985998,0.023255813953488372
humaneval,151,fixed_2,4.319328308105469,0.5624122350713512,0.17073170731707318
humaneval,152,fixed_2,3.993412494659424,0.21112199429884415,0.023255813953488372
humaneval,153,fixed_2,4.224191427230835,0.5576553701605239,0.12195121951219512
humaneval,154,fixed_2,4.377071857452393,0.539284930308512,0.21951219512195122
humaneval,155,fixed_2,4.4244065284729,0.5388801046876093,0.21951219512195122
humaneval,156,fixed_2,4.105148077011108,0.5802647994373873,0.06976744186046512
humaneval,157,fixed_2,3.8981387615203857,0.6233530330528253,0.047619047619047616
humaneval,158,fixed_2,4.281371831893921,0.5673445589903869,0.2
humaneval,159,fixed_2,5.407587766647339,0.4419600277182727,0.6666666666666666
humaneval,160,fixed_2,4.147011041641235,0.5874082900109665,0.06976744186046512
humaneval,161,fixed_2,4.236970901489258,0.5648792784527547,0.06976744186046512
humaneval,162,fixed_2,4.590909957885742,0.5018976226848899,0.17073170731707318
humaneval,163,fixed_2,4.26260781288147,0.5626863358371172,0.09523809523809523
humaneval,0,fixed_4,3.601661205291748,0.9767880791677098,0.2
humaneval,1,fixed_4,4.160295486450195,0.5617821302379019,0.5
humaneval,2,fixed_4,3.837202787399292,0.2633767842780049,0.4166666666666667
humaneval,3,fixed_4,3.5016613006591797,0.5489426999273918,0.2
humaneval,4,fixed_4,3.696037769317627,0.4639980658361408,0.17647058823529413
humaneval,5,fixed_4,3.4621739387512207,0.610347755486554,0.2
humaneval,6,fixed_4,3.9708101749420166,0.42346863078688796,0.3877551020408163
humaneval,7,fixed_4,3.451735019683838,0.1488375235000545,0.2
humaneval,8,fixed_4,3.34077525138855,0.5821300211593774,0.07692307692307693
humaneval,9,fixed_4,3.476058006286621,0.6591712390233946,0.1320754716981132
humaneval,10,fixed_4,3.8180387020111084,0.6095410801101411,0.3877551020408163
humaneval,11,fixed_4,2.93542742729187,0.7987119149290433,0.0196078431372549
humaneval,12,fixed_4,3.191678285598755,0.7009314874150184,0.07692307692307693
humaneval,13,fixed_4,3.200756788253784,0.7151979072990009,0.07692307692307693
humaneval,14,fixed_4,3.170628786087036,0.7372705403681792,0.05660377358490566
humaneval,15,fixed_4,3.6326498985290527,0.6296800472656404,0.2549019607843137
humaneval,16,fixed_4,3.1468026638031006,0.7341693432667757,0.037037037037037035
humaneval,17,fixed_4,3.3751413822174072,0.6754808383420918,0.1320754716981132
humaneval,18,fixed_4,3.3925490379333496,0.6740598432173653,0.1320754716981132
humaneval,19,fixed_4,3.4285285472869873,0.6511435686524008,0.22448979591836735
humaneval,20,fixed_4,3.6293628215789795,0.619602787976943,0.28
humaneval,21,fixed_4,3.151378870010376,0.742351644266261,0.05660377358490566
humaneval,22,fixed_4,3.3771510124206543,0.6756047633012486,0.1320754716981132
humaneval,23,fixed_4,3.4070115089416504,0.6538259999515746,0.15384615384615385
humaneval,24,fixed_4,3.1460797786712646,0.7256920575509365,0.12
humaneval,25,fixed_4,2.9648001194000244,0.7919609806716749,0.0
humaneval,26,fixed_4,3.1619436740875244,0.7150225909774983,0.09803921568627451
humaneval,27,fixed_4,3.3634896278381348,0.6811205643977408,0.1320754716981132
humaneval,28,fixed_4,4.022209882736206,0.06340897897266158,0.44
humaneval,29,fixed_4,3.0829555988311768,0.7029864928477649,0.0
humaneval,30,fixed_4,3.168539524078369,0.8238317484859462,0.05660377358490566
humaneval,31,fixed_4,3.3882181644439697,0.904551172499864,0.17647058823529413
humaneval,32,fixed_4,3.89858341217041,0.7623633762650867,0.3333333333333333
humaneval,33,fixed_4,3.848433017730713,0.529074253207478,0.4166666666666667
humaneval,34,fixed_4,2.9602577686309814,0.8207273372469773,0.0
humaneval,35,fixed_4,3.2457804679870605,0.7376920754617193,0.05660377358490566
humaneval,36,fixed_4,3.588141918182373,0.6719110034859033,0.23076923076923078
humaneval,37,fixed_4,3.6025633811950684,0.693448538164104,0.3333333333333333
humaneval,38,fixed_4,3.8437280654907227,0.6392474793701234,0.4166666666666667
humaneval,39,fixed_4,3.3968746662139893,0.7121289487121447,0.17647058823529413
humaneval,40,fixed_4,3.4268035888671875,0.7126893543029401,0.1320754716981132
humaneval,41,fixed_4,5.010237455368042,0.49493869911188293,0.9555555555555556
humaneval,42,fixed_4,2.939728260040283,0.8410976573290401,0.0
humaneval,43,fixed_4,4.062892913818359,0.5945099022311356,0.44
humaneval,44,fixed_4,3.371283769607544,0.7130000879054729,0.2
humaneval,45,fixed_4,3.3382015228271484,0.705246149108177,0.17647058823529413
humaneval,46,fixed_4,3.2000200748443604,0.7543631257582315,0.12
humaneval,47,fixed_4,3.138359308242798,0.7640435294277629,0.037037037037037035
humaneval,48,fixed_4,3.864774227142334,0.6341475572111552,0.3333333333333333
humaneval,49,fixed_4,3.750486135482788,0.6622933441080324,0.3333333333333333
humaneval,50,fixed_4,3.5180716514587402,0.36392838317409043,0.22448979591836735
humaneval,51,fixed_4,3.7523813247680664,0.38441336817923394,0.23076923076923078
humaneval,52,fixed_4,3.438431978225708,0.38455663286535985,0.17647058823529413
humaneval,53,fixed_4,3.379880666732788,0.7357656790263318,0.1320754716981132
humaneval,54,fixed_4,4.13105845451355,0.5910890657684881,0.5652173913043478
humaneval,55,fixed_4,3.1987829208374023,0.7628918744952174,0.05660377358490566
humaneval,56,fixed_4,3.1315245628356934,0.7721962796486767,0.09803921568627451
humaneval,57,fixed_4,3.593601703643799,0.6660054251877804,0.28
humaneval,58,fixed_4,3.5932979583740234,0.3424911740023345,0.2549019607843137
humaneval,59,fixed_4,3.1724557876586914,0.7635561921155211,0.12
humaneval,60,fixed_4,3.7687361240386963,0.396617179802274,0.3333333333333333
humaneval,61,fixed_4,3.3319904804229736,0.7241605792357289,0.2
humaneval,62,fixed_4,3.6326358318328857,0.6633620100943932,0.23076923076923078
humaneval,63,fixed_4,2.9260363578796387,0.8283746524599424,0.0
humaneval,64,fixed_4,3.1078848838806152,0.771271476302939,0.12
humaneval,65,fixed_4,3.651569128036499,0.6301311502618442,0.23076923076923078
humaneval,66,fixed_4,3.1860179901123047,0.7402877529871749,0.12
humaneval,67,fixed_4,3.405771493911743,0.6993505913016462,0.22448979591836735
humaneval,68,fixed_4,2.955524206161499,0.8464104846202117,0.0
humaneval,69,fixed_4,3.1569578647613525,0.7420756105866514,0.037037037037037035
humaneval,70,fixed_4,3.4653186798095703,0.6983109958306386,0.2
humaneval,71,fixed_4,3.1714346408843994,0.7818491574287431,0.037037037037037035
humaneval,72,fixed_4,3.1622891426086426,0.7830097736648008,0.09803921568627451
humaneval,73,fixed_4,3.1871538162231445,0.7415868560278613,0.09803921568627451
humaneval,74,fixed_4,3.192502975463867,0.7829138315357175,0.09803921568627451
humaneval,75,fixed_4,3.134004592895508,0.7851388455262881,0.037037037037037035
humaneval,76,fixed_4,3.376579761505127,0.717951870028827,0.15384615384615385
humaneval,77,fixed_4,4.061317443847656,0.614234079274879,0.5652173913043478
humaneval,78,fixed_4,3.599863052368164,0.7008682077923453,0.3333333333333333
humaneval,79,fixed_4,3.614877462387085,0.6973907944884198,0.23076923076923078
humaneval,80,fixed_4,2.919311761856079,0.8524028090696535,0.0
humaneval,81,fixed_4,3.1947760581970215,0.7621842672708122,0.05660377358490566
humaneval,82,fixed_4,3.3710358142852783,0.707895998549842,0.17647058823529413
humaneval,83,fixed_4,4.224029302597046,0.5613449739945497,0.5833333333333334
humaneval,84,fixed_4,4.105610609054565,0.5960008313502432,0.5652173913043478
humaneval,85,fixed_4,4.179147243499756,0.5843505367851674,0.46938775510204084
humaneval,86,fixed_4,3.579683780670166,0.6697074159123959,0.3333333333333333
humaneval,87,fixed_4,3.223695993423462,0.7463268871659764,0.12
humaneval,88,fixed_4,3.650235414505005,0.6531855207349716,0.23076923076923078
humaneval,89,fixed_4,3.5554163455963135,0.6867862571908648,0.2549019607843137
humaneval,90,fixed_4,3.6340410709381104,0.6549097368876677,0.28
humaneval,91,fixed_4,3.4107890129089355,0.7004407836047343,0.2
humaneval,92,fixed_4,3.6169521808624268,0.6737404599172993,0.28
humaneval,93,fixed_4,3.3421709537506104,0.7068611602401214,0.22448979591836735
humaneval,94,fixed_4,3.1783220767974854,0.7610339746553276,0.09803921568627451
humaneval,95,fixed_4,3.86443829536438,0.6047351074541838,0.4166666666666667
humaneval,96,fixed_4,3.4242026805877686,0.6888633015662631,0.1320754716981132
humaneval,97,fixed_4,4.060208082199097,0.5766361649412642,0.5652173913043478
humaneval,98,fixed_4,3.8370847702026367,0.6047246472265888,0.3333333333333333
humaneval,99,fixed_4,3.593090295791626,0.6548921061943943,0.2549019607843137
humaneval,100,fixed_4,3.6035032272338867,0.6531605270491541,0.23076923076923078
humaneval,101,fixed_4,4.922810316085815,0.4836836319750474,1.0
humaneval,102,fixed_4,3.8110506534576416,0.618219291503972,0.44680851063829785
humaneval,103,fixed_4,3.5765299797058105,0.671378891109918,0.28
humaneval,104,fixed_4,3.856926679611206,0.6196350859173166,0.44680851063829785
humaneval,105,fixed_4,3.8555989265441895,0.6202588199006723,0.3877551020408163
humaneval,106,fixed_4,3.140002965927124,0.7759763440398108,0.12
humaneval,107,fixed_4,3.214979410171509,0.7760944502547757,0.12
humaneval,108,fixed_4,4.070838212966919,0.3779440169053749,0.5652173913043478
humaneval,109,fixed_4,3.1775307655334473,0.7504363524223918,0.12
humaneval,110,fixed_4,3.8588151931762695,0.6202493487197193,0.3877551020408163
humaneval,111,fixed_4,3.816657066345215,0.6174683381412799,0.3877551020408163
humaneval,112,fixed_4,3.8488101959228516,0.6008030685594076,0.36
humaneval,113,fixed_4,3.579019546508789,0.6689922176976898,0.23076923076923078
humaneval,114,fixed_4,2.941216230392456,0.8129599869653558,0.0
humaneval,115,fixed_4,4.318728446960449,0.5681108486998497,0.6888888888888889
humaneval,116,fixed_4,4.693885564804077,0.3250969913371286,0.7872340425531915
humaneval,117,fixed_4,3.3564059734344482,0.7280838955725072,0.22448979591836735
humaneval,118,fixed_4,3.409919261932373,0.7101463421319097,0.2
humaneval,119,fixed_4,3.6342265605926514,0.6690266272808508,0.2549019607843137
humaneval,120,fixed_4,3.6434993743896484,0.6716248273125461,0.23076923076923078
humaneval,121,fixed_4,4.519914865493774,0.5168847050914983,0.7391304347826086
humaneval,122,fixed_4,3.3854928016662598,0.7130034213191664,0.15384615384615385
humaneval,123,fixed_4,3.8111908435821533,0.6515606564108647,0.3877551020408163
humaneval,124,fixed_4,3.8606526851654053,0.6280680163611483,0.3333333333333333
humaneval,125,fixed_4,3.8278894424438477,0.6338979474233233,0.4166666666666667
humaneval,126,fixed_4,3.146918535232544,0.7975905690169197,0.12
humaneval,127,fixed_4,3.3960208892822266,0.7075402711496198,0.22448979591836735
humaneval,128,fixed_4,3.7814676761627197,0.6290875044331481,0.3877551020408163
humaneval,129,fixed_4,3.8517799377441406,0.6260931856423705,0.4166666666666667
humaneval,130,fixed_4,3.39382266998291,0.7036550901865045,0.17647058823529413
humaneval,131,fixed_4,3.534982442855835,0.6578701352167168,0.3333333333333333
humaneval,132,fixed_4,3.612131357192993,0.659657974187705,0.2549019607843137
humaneval,133,fixed_4,4.037035226821899,0.5725583732116474,0.5
humaneval,134,fixed_4,4.249886989593506,0.5623985501969726,0.5510204081632653
humaneval,135,fixed_4,3.359992504119873,0.6859979152519402,0.1320754716981132
humaneval,136,fixed_4,3.126762628555298,0.7407550504998516,0.12
humaneval,137,fixed_4,4.232159376144409,0.5484848906507214,0.6170212765957447
humaneval,138,fixed_4,3.574183464050293,0.6438014484752801,0.3333333333333333
humaneval,139,fixed_4,3.573099136352539,0.6557061664957592,0.23076923076923078
humaneval,140,fixed_4,3.8177294731140137,0.6123583141850121,0.4166666666666667
humaneval,141,fixed_4,3.1406495571136475,0.7688667568168107,0.09803921568627451
humaneval,142,fixed_4,3.3836312294006348,0.4858761759636325,0.22448979591836735
humaneval,143,fixed_4,3.135132074356079,0.759723817210389,0.05660377358490566
humaneval,144,fixed_4,3.350890636444092,0.7066399500122877,0.22448979591836735
humaneval,145,fixed_4,3.3444857597351074,0.6941687179520081,0.1320754716981132
humaneval,146,fixed_4,2.928790807723999,0.8053955967479955,0.0196078431372549
humaneval,147,fixed_4,3.143174171447754,0.7666730534728905,0.05660377358490566
humaneval,148,fixed_4,3.1769235134124756,0.7668454811537095,0.05660377358490566
humaneval,149,fixed_4,3.395644187927246,0.6847861071378321,0.17647058823529413
humaneval,150,fixed_4,3.111924409866333,0.7389290685199615,0.05660377358490566
humaneval,151,fixed_4,3.7890424728393555,0.6411232138942422,0.44680851063829785
humaneval,152,fixed_4,3.3646152019500732,0.2505776022891935,0.2
humaneval,153,fixed_4,3.383502721786499,0.6962143162508044,0.22448979591836735
humaneval,154,fixed_4,3.149503231048584,0.7494797491652898,0.09803921568627451
humaneval,155,fixed_4,3.720188856124878,0.6408880692491343,0.3333333333333333
humaneval,156,fixed_4,3.3251540660858154,0.7163797160146836,0.1320754716981132
humaneval,157,fixed_4,3.1240172386169434,0.7778179294971762,0.12
humaneval,158,fixed_4,3.569356918334961,0.6805183873213809,0.30612244897959184
humaneval,159,fixed_4,4.454623460769653,0.5365072177892957,0.7391304347826086
humaneval,160,fixed_4,3.6374411582946777,0.6696984387148484,0.23076923076923078
humaneval,161,fixed_4,3.3272318840026855,0.7193298060065829,0.15384615384615385
humaneval,162,fixed_4,4.008077621459961,0.5748807811221827,0.36
humaneval,163,fixed_4,3.5818870067596436,0.6696222317495037,0.23076923076923078
humaneval,0,fixed_8,3.5486888885498047,0.9913688804564279,0.3559322033898305
humaneval,1,fixed_8,4.164633750915527,0.5611969264484129,0.6271186440677966
humaneval,2,fixed_8,3.7912325859069824,0.2665703324361061,0.6296296296296297
humaneval,3,fixed_8,3.520453929901123,0.5460123742250195,0.3114754098360656
humaneval,4,fixed_8,4.833926439285278,0.35477461185244435,1.0363636363636364
humaneval,5,fixed_8,3.4542293548583984,0.6117515299465326,0.3559322033898305
humaneval,6,fixed_8,4.166419982910156,0.4035871455097134,0.8461538461538461
humaneval,7,fixed_8,3.799840211868286,0.13520244627748634,0.543859649122807
humaneval,8,fixed_8,3.1226694583892822,0.6227894414360075,0.14285714285714285
humaneval,9,fixed_8,3.1057963371276855,0.7377552209492937,0.16129032258064516
humaneval,10,fixed_8,3.8156232833862305,0.6099269402352578,0.660377358490566
humaneval,11,fixed_8,3.1168899536132812,0.7522116264867075,0.14285714285714285
humaneval,12,fixed_8,2.7963924407958984,0.800012106826545,0.12280701754385964
humaneval,13,fixed_8,2.7735071182250977,0.8253717979267824,0.10344827586206896
humaneval,14,fixed_8,2.7604403495788574,0.8468254707195275,0.015873015873015872
humaneval,15,fixed_8,3.7804298400878906,0.6050653646708382,0.660377358490566
humaneval,16,fixed_8,2.7324113845825195,0.845511791566279,0.0847457627118644
humaneval,17,fixed_8,3.149472236633301,0.7238810692995314,0.2
humaneval,18,fixed_8,3.1070618629455566,0.7359947028697598,0.2631578947368421
humaneval,19,fixed_8,3.4503345489501953,0.6470283625645327,0.45454545454545453
humaneval,20,fixed_8,3.8378031253814697,0.5859506726538187,0.44262295081967207
humaneval,21,fixed_8,2.880715847015381,0.8121006756990509,0.12280701754385964
humaneval,22,fixed_8,3.0879790782928467,0.7388713629628588,0.2631578947368421
humaneval,23,fixed_8,3.076246500015259,0.724126856111579,0.18032786885245902
humaneval,24,fixed_8,2.785611152648926,0.8195993563682737,0.12280701754385964
humaneval,25,fixed_8,2.9071929454803467,0.807653999610125,0.12280701754385964
humaneval,26,fixed_8,3.103008985519409,0.7286028396700015,0.2413793103448276
humaneval,27,fixed_8,2.7484447956085205,0.8335411929391985,0.0847457627118644
humaneval,28,fixed_8,3.7931621074676514,0.06723789140884398,0.5714285714285714
humaneval,29,fixed_8,2.7613980770111084,0.7848474155430476,0.0
humaneval,30,fixed_8,3.223242998123169,0.809850035442026,0.16129032258064516
humaneval,31,fixed_8,3.4563915729522705,0.8867099252632775,0.3559322033898305
humaneval,32,fixed_8,4.134306907653809,0.7188961243421486,0.7777777777777778
humaneval,33,fixed_8,4.526557445526123,0.44981353918026346,1.0
humaneval,34,fixed_8,2.751399040222168,0.8830287575505599,0.0
humaneval,35,fixed_8,2.9118010997772217,0.8223042879218904,0.10344827586206896
humaneval,36,fixed_8,3.4512410163879395,0.698563799354415,0.40350877192982454
humaneval,37,fixed_8,3.162710428237915,0.7898896743844819,0.2857142857142857
humaneval,38,fixed_8,4.998793840408325,0.491537269928387,0.9310344827586206
humaneval,39,fixed_8,3.4624783992767334,0.6986362096766253,0.45454545454545453
humaneval,40,fixed_8,3.2077102661132812,0.7613675283809144,0.18032786885245902
humaneval,41,fixed_8,7.054698467254639,0.351504804905786,2.4782608695652173
humaneval,42,fixed_8,2.777303457260132,0.8902875003594773,0.0
humaneval,43,fixed_8,4.584580659866333,0.526859542490883,1.0
humaneval,44,fixed_8,3.778557062149048,0.6361490866879639,0.46666666666666673
humaneval,45,fixed_8,3.2527496814727783,0.7237734223233989,0.2857142857142857
humaneval,46,fixed_8,3.481619358062744,0.6933489557261296,0.45454545454545453
humaneval,47,fixed_8,2.7462754249572754,0.8731255068925229,0.0847457627118644
humaneval,48,fixed_8,3.7595386505126953,0.6518983745467588,0.6
humaneval,49,fixed_8,3.8676321506500244,0.6422332600276476,0.46666666666666673
humaneval,50,fixed_8,3.1397500038146973,0.4077796405606897,0.22033898305084745
humaneval,51,fixed_8,4.002264499664307,0.3604123475267405,0.4915254237288136
humaneval,52,fixed_8,3.458818197250366,0.3822900622340354,0.3793103448275862
humaneval,53,fixed_8,3.1324286460876465,0.7938888558220136,0.2631578947368421
humaneval,54,fixed_8,4.5093324184417725,0.5415044303514034,1.0392156862745099
humaneval,55,fixed_8,3.084196090698242,0.7912355203162386,0.16129032258064516
humaneval,56,fixed_8,3.5431628227233887,0.682483910008827,0.3559322033898305
humaneval,57,fixed_8,3.5072975158691406,0.6823938430548924,0.48148148148148145
humaneval,58,fixed_8,4.29135799407959,0.2867793453730876,0.7454545454545455
humaneval,59,fixed_8,3.118044137954712,0.776880683436528,0.2631578947368421
humaneval,60,fixed_8,4.96125054359436,0.3012840169632428,0.9649122807017544
humaneval,61,fixed_8,3.5923643112182617,0.6716735685119756,0.3559322033898305
humaneval,62,fixed_8,3.7665412425994873,0.6397786330045558,0.660377358490566
humaneval,63,fixed_8,2.9044272899627686,0.8345377966321106,0.0
humaneval,64,fixed_8,3.5722224712371826,0.6710172677851219,0.3793103448275862
humaneval,65,fixed_8,3.4887547492980957,0.6595383224840357,0.40350877192982454
humaneval,66,fixed_8,2.8685784339904785,0.8222086839005992,0.12280701754385964
humaneval,67,fixed_8,3.8561816215515137,0.6176649706522778,0.660377358490566
humaneval,68,fixed_8,2.803581476211548,0.8922824953973838,0.0
humaneval,69,fixed_8,2.8586678504943848,0.8195080917441876,0.12280701754385964
humaneval,70,fixed_8,3.8321359157562256,0.6314677222743554,0.5714285714285714
humaneval,71,fixed_8,2.8176732063293457,0.8800110304651021,0.10344827586206896
humaneval,72,fixed_8,2.832843780517578,0.8740698385296245,0.14285714285714285
humaneval,73,fixed_8,3.8059802055358887,0.621009897742579,0.3559322033898305
humaneval,74,fixed_8,3.8800606727600098,0.644179291900519,0.2857142857142857
humaneval,75,fixed_8,3.0014591217041016,0.8198108480461405,0.10344827586206896
humaneval,76,fixed_8,3.4177098274230957,0.7093117545037243,0.2857142857142857
humaneval,77,fixed_8,4.413106203079224,0.5652706882567602,0.6551724137931034
humaneval,78,fixed_8,4.048009872436523,0.6232765347216234,0.4915254237288136
humaneval,79,fixed_8,4.415602445602417,0.5709260053479467,0.6
humaneval,80,fixed_8,2.9331600666046143,0.8483783666251713,0.0
humaneval,81,fixed_8,2.9795784950256348,0.8172323880966529,0.10344827586206896
humaneval,82,fixed_8,3.9155046939849854,0.6094598143546263,0.45454545454545453
humaneval,83,fixed_8,5.105336904525757,0.46444292773638485,1.0
humaneval,84,fixed_8,5.294743537902832,0.4621465267732492,0.9649122807017544
humaneval,85,fixed_8,5.453083038330078,0.44783600724172834,1.24
humaneval,86,fixed_8,5.008694648742676,0.4786358408049357,0.8909090909090909
humaneval,87,fixed_8,3.6425135135650635,0.6605139519678509,0.45454545454545453
humaneval,88,fixed_8,3.298790454864502,0.7227742873187806,0.2631578947368421
humaneval,89,fixed_8,5.004687070846558,0.48790484803164225,0.8245614035087718
humaneval,90,fixed_8,3.935636520385742,0.6047227352626022,0.48148148148148145
humaneval,91,fixed_8,3.449068784713745,0.6926668843198012,0.3090909090909091
humaneval,92,fixed_8,3.9232301712036133,0.6211430172310063,0.4915254237288136
humaneval,93,fixed_8,4.667570352554321,0.5061414525431076,0.8571428571428571
humaneval,94,fixed_8,3.967381715774536,0.6096744039583171,0.5172413793103449
humaneval,95,fixed_8,4.284233093261719,0.545479542528355,0.8461538461538461
humaneval,96,fixed_8,3.2728054523468018,0.7207295386563014,0.3090909090909091
humaneval,97,fixed_8,6.616698265075684,0.35384155716159627,2.234042553191489
humaneval,98,fixed_8,3.4963769912719727,0.663652615216175,0.3333333333333333
humaneval,99,fixed_8,3.64107346534729,0.6462617395535514,0.2903225806451613
humaneval,100,fixed_8,3.9023020267486572,0.6031481036039782,0.543859649122807
humaneval,101,fixed_8,6.34418797492981,0.37531718521233787,2.130434782608696
humaneval,102,fixed_8,4.289205551147461,0.5493010318043703,0.6271186440677966
humaneval,103,fixed_8,3.9712185859680176,0.6046523705042921,0.44262295081967207
humaneval,104,fixed_8,4.362449645996094,0.5478314452732186,0.8461538461538461
humaneval,105,fixed_8,5.554729461669922,0.4305284814842538,1.4
humaneval,106,fixed_8,3.2928547859191895,0.7399561110904355,0.3090909090909091
humaneval,107,fixed_8,3.318068265914917,0.7519820202461927,0.22033898305084745
humaneval,108,fixed_8,4.958686113357544,0.3102735102018503,1.0740740740740742
humaneval,109,fixed_8,3.590100049972534,0.6641972547297375,0.48148148148148145
humaneval,110,fixed_8,4.220945596694946,0.5670358822609377,0.6271186440677966
humaneval,111,fixed_8,3.87589955329895,0.6080304361875143,0.543859649122807
humaneval,112,fixed_8,4.24108624458313,0.5452322453868125,0.7454545454545455
humaneval,113,fixed_8,4.371228456497192,0.5477490475345584,0.7454545454545455
humaneval,114,fixed_8,3.2332043647766113,0.739542212169242,0.18032786885245902
humaneval,115,fixed_8,6.058772087097168,0.40495276073049885,1.6666666666666667
humaneval,116,fixed_8,4.694620847702026,0.3250460738582395,0.44262295081967207
humaneval,117,fixed_8,4.134477615356445,0.5910650301223856,0.3793103448275862
humaneval,118,fixed_8,4.135938882827759,0.5854877838936532,0.3559322033898305
humaneval,119,fixed_8,3.8989851474761963,0.6235967172590088,0.5714285714285714
humaneval,120,fixed_8,3.679790735244751,0.6650010324500308,0.2903225806451613
humaneval,121,fixed_8,5.33879828453064,0.4376031342219595,1.3529411764705883
humaneval,122,fixed_8,3.252255916595459,0.7422134088901433,0.2631578947368421
humaneval,123,fixed_8,4.363431930541992,0.5690983719420639,0.7777777777777778
humaneval,124,fixed_8,4.315441370010376,0.5618782103452252,0.7777777777777778
humaneval,125,fixed_8,4.985593557357788,0.4867005768947059,1.1132075471698113
humaneval,126,fixed_8,2.9098615646362305,0.8625676821432541,0.06666666666666667
humaneval,127,fixed_8,3.9598095417022705,0.6068023008499489,0.6
humaneval,128,fixed_8,3.5964913368225098,0.6614430122869558,0.3793103448275862
humaneval,129,fixed_8,4.247159481048584,0.5678084805565639,0.8113207547169812
humaneval,130,fixed_8,3.6892974376678467,0.6472995569675266,0.42857142857142855
humaneval,131,fixed_8,3.9882850646972656,0.5830975820297368,0.543859649122807
humaneval,132,fixed_8,3.363374948501587,0.708446512824079,0.2
humaneval,133,fixed_8,5.4439826011657715,0.42458591281542496,1.2222222222222223
humaneval,134,fixed_8,5.18484902381897,0.4609835832187611,1.3076923076923077
humaneval,135,fixed_8,3.501880168914795,0.658202948675615,0.3333333333333333
humaneval,136,fixed_8,3.114506959915161,0.7436699415433704,0.2413793103448276
humaneval,137,fixed_8,5.594902515411377,0.4148911381828276,1.3703703703703705
humaneval,138,fixed_8,3.8132381439208984,0.6034410662078245,0.543859649122807
humaneval,139,fixed_8,3.4708240032196045,0.6750279285361944,0.3333333333333333
humaneval,140,fixed_8,3.894162654876709,0.6003391720792279,0.6296296296296297
humaneval,141,fixed_8,3.194088935852051,0.7560030693484651,0.22033898305084745
humaneval,142,fixed_8,3.564321279525757,0.4612451217728182,0.48148148148148145
humaneval,143,fixed_8,3.2832179069519043,0.7254573331685403,0.2413793103448276
humaneval,144,fixed_8,3.300837278366089,0.7173553229517545,0.2857142857142857
humaneval,145,fixed_8,3.6969401836395264,0.6279888980401315,0.48148148148148145
humaneval,146,fixed_8,2.847517251968384,0.8283831182080945,0.12280701754385964
humaneval,147,fixed_8,2.892031192779541,0.8332506736571252,0.12280701754385964
humaneval,148,fixed_8,2.893225908279419,0.8420391346765314,0.12280701754385964
humaneval,149,fixed_8,3.573721408843994,0.6506634677570109,0.40350877192982454
humaneval,150,fixed_8,2.7842347621917725,0.8258970962911483,0.12280701754385964
humaneval,151,fixed_8,4.66594386100769,0.5206327294396376,0.8909090909090909
humaneval,152,fixed_8,3.6874780654907227,0.22863789152281294,0.45454545454545453
humaneval,153,fixed_8,3.649780511856079,0.6454204646907307,0.48148148148148145
humaneval,154,fixed_8,2.8520941734313965,0.8276335731094123,0.14285714285714285
humaneval,155,fixed_8,3.8432435989379883,0.6203678200109034,0.543859649122807
humaneval,156,fixed_8,3.1830391883850098,0.7483643098897026,0.2631578947368421
humaneval,157,fixed_8,2.7832260131835938,0.8730575988958424,0.12280701754385964
humaneval,158,fixed_8,4.003100633621216,0.60678290059434,0.660377358490566
humaneval,159,fixed_8,6.437490701675415,0.37125298505121684,2.0
humaneval,160,fixed_8,3.9848074913024902,0.6113190335904629,0.44262295081967207
humaneval,161,fixed_8,3.9902467727661133,0.5998067793685441,0.44262295081967207
humaneval,162,fixed_8,4.162069320678711,0.5536108642821692,0.6271186440677966
humaneval,163,fixed_8,3.441133499145508,0.697011950258987,0.42857142857142855
humaneval,0,entropy,4.921046495437622,0.7149007297109329,3.230769230769231
humaneval,1,entropy,6.469083070755005,0.3612845337174419,2.714285714285714
humaneval,2,entropy,5.502084493637085,0.18368131785990766,1.6111111111111112
humaneval,3,entropy,6.571588039398193,0.2925033336068861,0.8695652173913042
humaneval,4,entropy,7.6571502685546875,0.22396770548743672,4.0
humaneval,5,entropy,6.283889532089233,0.33627740937041706,2.785714285714285
humaneval,6,entropy,6.265272378921509,0.26838634399272376,2.3333333333333335
humaneval,7,entropy,5.864103317260742,0.08760890869640027,3.0
humaneval,8,entropy,5.945176601409912,0.3271165346574121,2.1250000000000004
humaneval,9,entropy,4.682565689086914,0.4893294862389731,0.9545454545454546
humaneval,10,entropy,5.702935218811035,0.4080795844655174,2.714285714285714
humaneval,11,entropy,5.268331527709961,0.4450291044243866,1.7222222222222223
humaneval,12,entropy,5.528332948684692,0.40466951409053903,2.533333333333333
humaneval,13,entropy,4.349903106689453,0.526258746594101,0.5769230769230769
humaneval,14,entropy,4.773926496505737,0.4896621680573216,1.1428571428571428
humaneval,15,entropy,5.144941091537476,0.44459345969338326,1.8823529411764706
humaneval,16,entropy,4.635773420333862,0.4983604321429668,1.0909090909090908
humaneval,17,entropy,5.520675182342529,0.4129645840558073,3.0
humaneval,18,entropy,4.719404458999634,0.48454865279787934,1.4210526315789473
humaneval,19,entropy,4.222435712814331,0.5287148142319736,0.9545454545454546
humaneval,20,entropy,5.270566940307617,0.42666440788985616,3.0
humaneval,21,entropy,5.2224812507629395,0.44795398461533825,2.1250000000000004
humaneval,22,entropy,4.45558762550354,0.5120804486750893,1.1428571428571428
humaneval,23,entropy,5.773175954818726,0.3858522110037166,6.25
humaneval,24,entropy,4.4784979820251465,0.5097881291823089,1.1904761904761905
humaneval,25,entropy,4.792665004730225,0.48991657204042566,1.5
humaneval,26,entropy,4.537452220916748,0.4982666589741384,1.35
humaneval,27,entropy,4.976191759109497,0.4603805609912886,2.714285714285714
humaneval,28,entropy,4.6544342041015625,0.05479596674786005,1.9411764705882353
humaneval,29,entropy,4.721763849258423,0.4589971487811894,1.5454545454545454
humaneval,30,entropy,4.4810028076171875,0.5825355547269526,1.4210526315789473
humaneval,31,entropy,4.752583026885986,0.6448738919436146,1.8823529411764706
humaneval,32,entropy,4.695883274078369,0.6329239973147796,1.5789473684210527
humaneval,33,entropy,5.102337837219238,0.39905370632701015,3.0
humaneval,34,entropy,4.788468837738037,0.507378153297298,1.4210526315789473
humaneval,35,entropy,4.824681520462036,0.49627867036769435,2.0625
humaneval,36,entropy,4.669360399246216,0.5163259698876425,1.894736842105263
humaneval,37,entropy,4.229187726974487,0.5907026293487403,0.9130434782608694
humaneval,38,entropy,4.90946102142334,0.5004813087479795,3.0
humaneval,39,entropy,5.1356000900268555,0.47102826204390774,3.6666666666666665
humaneval,40,entropy,5.109319448471069,0.4779983834840431,3.5
humaneval,41,entropy,4.9105823040008545,0.5049829643179233,2.125
humaneval,42,entropy,4.148521661758423,0.5960191977534001,1.0952380952380953
humaneval,43,entropy,4.951402902603149,0.48782741305496247,3.4166666666666665
humaneval,44,entropy,4.409656763076782,0.5451049261274711,1.6666666666666667
humaneval,45,entropy,4.055134296417236,0.5805612334469199,0.9545454545454546
humaneval,46,entropy,4.826682090759277,0.5001317884122223,2.6428571428571423
humaneval,47,entropy,4.412003993988037,0.5434816300596489,1.631578947368421
humaneval,48,entropy,4.4879443645477295,0.5460934753726439,1.5789473684210527
humaneval,49,entropy,4.5762248039245605,0.5427884579816754,2.0625
humaneval,50,entropy,3.5402634143829346,0.36164713699111606,0.45161290322580644
humaneval,51,entropy,4.1230432987213135,0.3498545708201276,1.1428571428571428
humaneval,52,entropy,4.57173752784729,0.28922741426620774,2.125
humaneval,53,entropy,4.398407936096191,0.5653864375285257,1.5
humaneval,54,entropy,4.784044504165649,0.5104098593537831,2.3333333333333335
humaneval,55,entropy,3.9013402462005615,0.6255095286696712,0.826086956521739
humaneval,56,entropy,5.5234739780426025,0.4377954212626001,5.444444444444445
humaneval,57,entropy,5.283968210220337,0.4529471290083744,4.0
humaneval,58,entropy,5.085775852203369,0.24198330246318905,3.5
humaneval,59,entropy,4.70807957649231,0.514508776141854,2.375
humaneval,60,entropy,5.052772521972656,0.2958267933961168,3.8181818181818183
humaneval,61,entropy,5.563963413238525,0.43366499329775426,7.571428571428571
humaneval,62,entropy,4.6015424728393555,0.5236836607657469,2.0625
humaneval,63,entropy,4.332792043685913,0.5594208830252846,1.217391304347826
humaneval,64,entropy,4.960585117340088,0.48321375520626014,2.8571428571428568
humaneval,65,entropy,4.453718423843384,0.5166396336579882,1.8823529411764706
humaneval,66,entropy,4.81658411026001,0.48967692557322173,2.6428571428571423
humaneval,67,entropy,4.559115886688232,0.5224320607993236,1.8235294117647058
humaneval,68,entropy,4.433605909347534,0.5642329802858062,1.5555555555555556
humaneval,69,entropy,4.6400065422058105,0.5048918387893945,2.3333333333333335
humaneval,70,entropy,4.915949106216431,0.49224881826142264,3.4166666666666665
humaneval,71,entropy,4.495572328567505,0.5515612519587477,1.7647058823529411
humaneval,72,entropy,4.365420341491699,0.5672084500734575,1.4736842105263157
humaneval,73,entropy,4.744901895523071,0.49812439335788783,2.4
humaneval,74,entropy,4.62098503112793,0.5408921950347687,2.0625
humaneval,75,entropy,4.630280017852783,0.5314211534621485,2.0625
humaneval,76,entropy,5.192517280578613,0.4668683074279457,4.5
humaneval,77,entropy,4.814507961273193,0.5181421654779184,2.533333333333333
humaneval,78,entropy,3.63079833984375,0.6948966397069947,0.5
humaneval,79,entropy,4.746370553970337,0.53113894855167,2.6428571428571423
humaneval,80,entropy,4.7541913986206055,0.5234180405690442,2.571428571428571
humaneval,81,entropy,4.593661546707153,0.5300799861401854,1.9411764705882353
humaneval,82,entropy,4.336832046508789,0.5502502145135633,1.5555555555555556
humaneval,83,entropy,5.158615350723267,0.45964613715308467,2.0625
humaneval,84,entropy,5.64119291305542,0.43376416547179697,2.714285714285714
humaneval,85,entropy,5.32730507850647,0.45840943949243157,2.6666666666666665
humaneval,86,entropy,6.015526533126831,0.3985255091693546,2.1176470588235294
humaneval,87,entropy,7.793375253677368,0.30871489151069736,2.3333333333333335
humaneval,88,entropy,6.342488527297974,0.3759219917807936,1.9411764705882353
humaneval,89,entropy,6.719538927078247,0.3633896776618644,3.3333333333333335
humaneval,90,entropy,6.798994302749634,0.3500471945747262,2.0
humaneval,91,entropy,6.215299129486084,0.3843830649402539,3.3076923076923075
humaneval,92,entropy,5.397292613983154,0.45150174358153405,2.0
humaneval,93,entropy,5.336019515991211,0.4427365437868238,1.7647058823529411
humaneval,94,entropy,5.767377138137817,0.41939533776023474,2.533333333333333
humaneval,95,entropy,5.84751296043396,0.3996505050283478,2.6428571428571423
humaneval,96,entropy,5.911730766296387,0.39900456516552374,3.5
humaneval,97,entropy,5.972003936767578,0.3920397310806279,4.4
humaneval,98,entropy,4.749393463134766,0.4885633822614003,0.8
humaneval,99,entropy,5.688352584838867,0.41366747867023657,2.466666666666667
humaneval,100,entropy,5.446955680847168,0.43210670419065095,2.3333333333333335
humaneval,101,entropy,6.242206335067749,0.3814489053064561,7.142857142857143
humaneval,102,entropy,5.541763544082642,0.4251471604886645,2.6428571428571423
humaneval,103,entropy,5.030364751815796,0.4773424692373467,1.4736842105263157
humaneval,104,entropy,5.288100481033325,0.4519367782570355,1.8235294117647058
humaneval,105,entropy,5.699638843536377,0.4195825921322404,3.0
humaneval,106,entropy,5.094557523727417,0.47826882127176074,1.6666666666666667
humaneval,107,entropy,7.184205532073975,0.3473073907445927,6.125
humaneval,108,entropy,5.8056640625,0.26500826258936083,2.375
humaneval,109,entropy,5.8309080600738525,0.40894738398030045,1.7647058823529411
humaneval,110,entropy,6.0383617877960205,0.39637035581979113,2.0625
humaneval,111,entropy,5.689033269882202,0.41424698788238057,1.2
humaneval,112,entropy,6.4940996170043945,0.35607353018705923,3.1538461538461537
humaneval,113,entropy,6.852399110794067,0.3494157571514884,3.9166666666666665
humaneval,114,entropy,5.7808544635772705,0.41362243650785574,2.0625
humaneval,115,entropy,5.732416152954102,0.42800739127121945,2.4
humaneval,116,entropy,6.590453147888184,0.23154220818450982,4.9
humaneval,117,entropy,5.056199073791504,0.4833166377740126,1.25
humaneval,118,entropy,5.003654479980469,0.48395461767293496,1.35
humaneval,119,entropy,5.639660358428955,0.43112424934843124,2.4
humaneval,120,entropy,5.670874118804932,0.43151454024049235,2.6428571428571423
humaneval,121,entropy,5.750379323959351,0.40628186953775014,2.6666666666666665
humaneval,122,entropy,5.051814079284668,0.4778220086003748,1.5263157894736843
humaneval,123,entropy,5.722337484359741,0.43395238650963747,3.076923076923077
humaneval,124,entropy,6.244408369064331,0.3883077996377909,5.111111111111111
humaneval,125,entropy,5.926774978637695,0.40941174066411207,4.4
humaneval,126,entropy,5.294551134109497,0.4740633306940704,1.0454545454545454
humaneval,127,entropy,7.9039082527160645,0.3040042298070482,2.4
humaneval,128,entropy,5.669131755828857,0.4196187645570106,2.923076923076923
humaneval,129,entropy,5.982790231704712,0.40308502859349904,2.3333333333333335
humaneval,130,entropy,5.656030654907227,0.42221846779629923,2.2666666666666666
humaneval,131,entropy,5.96443772315979,0.3899042098537115,4.4
humaneval,132,entropy,5.4692223072052,0.43566911706015904,2.2666666666666666
humaneval,133,entropy,5.081806182861328,0.45484582427852405,1.368421052631579
humaneval,134,entropy,5.260189533233643,0.4543810192289893,1.5263157894736843
humaneval,135,entropy,4.99345326423645,0.46159395735144204,1.5263157894736843
humaneval,136,entropy,5.936990737915039,0.3901244436891142,3.5
humaneval,137,entropy,6.18016505241394,0.3756008865385097,3.8181818181818183
humaneval,138,entropy,5.13922643661499,0.44774530168154936,0.7083333333333334
humaneval,139,entropy,4.774171829223633,0.4907454572258305,1.2380952380952381
humaneval,140,entropy,5.354310035705566,0.43662364872049564,2.3333333333333335
humaneval,141,entropy,5.267597913742065,0.4584140776911933,1.7647058823529411
humaneval,142,entropy,5.618896245956421,0.29258874530659124,2.571428571428571
humaneval,143,entropy,6.0347816944122314,0.39468445216401626,4.4
humaneval,144,entropy,6.13538670539856,0.38593707381964887,5.222222222222222
humaneval,145,entropy,5.455977439880371,0.4255218093597858,2.1875
humaneval,146,entropy,5.178923606872559,0.4554682400039039,1.5555555555555556
humaneval,147,entropy,5.03037166595459,0.4790474938323823,1.4210526315789473
humaneval,148,entropy,5.239176511764526,0.46499854218708525,2.1250000000000004
humaneval,149,entropy,5.352523565292358,0.43442872064196036,3.0
humaneval,150,entropy,5.521458864212036,0.4164644638378954,2.1875000000000004
humaneval,151,entropy,5.323992490768433,0.4562822152699792,2.571428571428571
humaneval,152,entropy,5.174638748168945,0.16292870883571367,2.0625
humaneval,153,entropy,6.078274488449097,0.3875512760172135,4.5
humaneval,154,entropy,5.685283184051514,0.4151928435549631,4.4
humaneval,155,entropy,5.641163349151611,0.4226476890804072,3.5833333333333335
humaneval,156,entropy,5.308493375778198,0.44872862353688575,2.4
humaneval,157,entropy,4.702914476394653,0.5166831403060806,1.35
humaneval,158,entropy,5.540338516235352,0.4384232130801695,3.4166666666666665
humaneval,159,entropy,5.278788089752197,0.45274362194536233,2.6428571428571423
humaneval,160,entropy,5.202926158905029,0.4681958940466178,2.571428571428571
humaneval,161,entropy,5.2778160572052,0.45347868127976243,3.3333333333333335
humaneval,162,entropy,4.992778539657593,0.4614998994089698,1.8333333333333333
humaneval,163,entropy,4.596582412719727,0.5218031476393742,1.2380952380952381
humaneval,0,epsilon_greedy,4.511048793792725,0.7798762308602584,0.06451612903225806
humaneval,1,epsilon_greedy,4.068589448928833,0.5744447037811705,0.14583333333333334
humaneval,2,epsilon_greedy,4.259169578552246,0.23728337464115493,0.3076923076923077
humaneval,3,epsilon_greedy,4.40305495262146,0.43656312021967375,0.08571428571428572
humaneval,4,epsilon_greedy,4.801788091659546,0.3571491168465949,0.23333333333333334
humaneval,5,epsilon_greedy,4.228022813796997,0.49979155403921355,0.08571428571428572
humaneval,6,epsilon_greedy,4.76445746421814,0.3529286514835703,0.34375
humaneval,7,epsilon_greedy,4.750507593154907,0.10814585221343982,0.38235294117647056
humaneval,8,epsilon_greedy,4.429372787475586,0.43906116307900855,0.06060606060606061
humaneval,9,epsilon_greedy,4.344093084335327,0.5274558851382735,0.14285714285714285
humaneval,10,epsilon_greedy,4.683318614959717,0.49692357613516536,0.24242424242424243
humaneval,11,epsilon_greedy,4.441169261932373,0.5279152230661426,0.09375
humaneval,12,epsilon_greedy,4.372395992279053,0.5116526069517477,0.15384615384615385
humaneval,13,epsilon_greedy,4.644560813903809,0.49287212471831093,0.030303030303030304
humaneval,14,epsilon_greedy,3.916264295578003,0.5968982228969518,0.04878048780487805
humaneval,15,epsilon_greedy,4.493414640426636,0.5090576639034843,0.125
humaneval,16,epsilon_greedy,4.298087120056152,0.5375149410755267,0.02857142857142857
humaneval,17,epsilon_greedy,4.314939022064209,0.5283604979642689,0.05263157894736842
humaneval,18,epsilon_greedy,4.663944482803345,0.4903105260039604,0.02631578947368421
humaneval,19,epsilon_greedy,4.62351655960083,0.48284985783630874,0.029411764705882353
humaneval,20,epsilon_greedy,5.2371437549591064,0.4293873584624868,0.05555555555555555
humaneval,21,epsilon_greedy,4.796016454696655,0.4877863343373624,0.15789473684210525
humaneval,22,epsilon_greedy,5.030957460403442,0.453515921837284,0.18181818181818182
humaneval,23,epsilon_greedy,5.1489880084991455,0.4326272857896223,0.3939393939393939
humaneval,24,epsilon_greedy,5.278250217437744,0.43254582745257536,0.05714285714285714
humaneval,25,epsilon_greedy,6.367327690124512,0.36875846890952574,0.0
humaneval,26,epsilon_greedy,5.383590936660767,0.41995411333634813,0.11764705882352941
humaneval,27,epsilon_greedy,5.713123798370361,0.40099637860333726,0.027777777777777776
humaneval,28,epsilon_greedy,6.1324663162231445,0.04158917615305028,0.28125
humaneval,29,epsilon_greedy,5.407639026641846,0.40078047616532436,0.0
humaneval,30,epsilon_greedy,5.3371710777282715,0.4890874619255009,0.025
humaneval,31,epsilon_greedy,5.784320116043091,0.5298490837034957,0.08823529411764706
humaneval,32,epsilon_greedy,5.12426233291626,0.580012696395625,0.2647058823529412
humaneval,33,epsilon_greedy,5.183687925338745,0.39279116609663994,0.29411764705882354
humaneval,34,epsilon_greedy,4.527759552001953,0.5365930871790552,0.0
humaneval,35,epsilon_greedy,4.702363014221191,0.5091879386345176,0.07894736842105263
humaneval,36,epsilon_greedy,4.9926042556762695,0.4828966834602803,0.21212121212121213
humaneval,37,epsilon_greedy,5.075606107711792,0.49219585943391864,0.3055555555555556
humaneval,38,epsilon_greedy,5.356189966201782,0.4587390463657389,0.45161290322580644
humaneval,39,epsilon_greedy,4.569643259048462,0.5293657836786142,0.08333333333333333
humaneval,40,epsilon_greedy,4.592422723770142,0.5317991360925494,0.0
humaneval,41,epsilon_greedy,5.2110350131988525,0.47586715539630586,0.2413793103448276
humaneval,42,epsilon_greedy,4.315296173095703,0.5729846697706653,0.0
humaneval,43,epsilon_greedy,5.1255834102630615,0.47124978283121116,0.6060606060606061
humaneval,44,epsilon_greedy,4.049011945724487,0.5936573308020645,0.02702702702702703
humaneval,45,epsilon_greedy,4.57616925239563,0.5144595051173957,0.1875
humaneval,46,epsilon_greedy,4.4834144115448,0.5384238271467136,0.029411764705882353
humaneval,47,epsilon_greedy,3.83488392829895,0.625271368655457,0.0
humaneval,48,epsilon_greedy,4.580148696899414,0.5350999055934722,0.13333333333333333
humaneval,49,epsilon_greedy,4.313274621963501,0.5758784734112221,0.02857142857142857
humaneval,50,epsilon_greedy,4.519501447677612,0.2832892394943006,0.030303030303030304
humaneval,51,epsilon_greedy,4.4061119556427,0.3273783231721224,0.23684210526315788
humaneval,52,epsilon_greedy,4.309622526168823,0.3068184779186525,0.0
humaneval,53,epsilon_greedy,4.1615986824035645,0.5975588670530696,0.05405405405405406
humaneval,54,epsilon_greedy,4.909031391143799,0.49741451784533935,0.3
humaneval,55,epsilon_greedy,4.0022687911987305,0.6097355339919646,0.0
humaneval,56,epsilon_greedy,4.3681113719940186,0.553592024359557,0.11428571428571428
humaneval,57,epsilon_greedy,4.18694281578064,0.5716242938810207,0.027777777777777776
humaneval,58,epsilon_greedy,4.978583574295044,0.24719336693629199,0.35294117647058826
humaneval,59,epsilon_greedy,4.771770238876343,0.5076414285717855,0.03125
humaneval,60,epsilon_greedy,4.9607157707214355,0.301316495848703,0.18181818181818182
humaneval,61,epsilon_greedy,4.744508266448975,0.5085661191432524,0.05714285714285714
humaneval,62,epsilon_greedy,4.8855321407318115,0.493242606522822,0.06060606060606061
humaneval,63,epsilon_greedy,4.404367208480835,0.5503297605105326,0.0
humaneval,64,epsilon_greedy,4.781377792358398,0.501324736648318,0.16666666666666666
humaneval,65,epsilon_greedy,4.602232933044434,0.49996762188830807,0.11764705882352941
humaneval,66,epsilon_greedy,4.49514627456665,0.5246926250702105,0.047619047619047616
humaneval,67,epsilon_greedy,4.908374547958374,0.48525805943154526,0.06451612903225806
humaneval,68,epsilon_greedy,4.142576694488525,0.6038721453177069,0.0
humaneval,69,epsilon_greedy,4.285208702087402,0.5466948281767327,0.0
humaneval,70,epsilon_greedy,4.572765350341797,0.5291918462397067,0.08823529411764706
humaneval,71,epsilon_greedy,4.623813629150391,0.5362637209647679,0.03125
humaneval,72,epsilon_greedy,4.446266412734985,0.5568949486977661,0.15384615384615385
humaneval,73,epsilon_greedy,4.289828538894653,0.5509663980321067,0.0
humaneval,74,epsilon_greedy,4.516565322875977,0.5533972295385816,0.17647058823529413
humaneval,75,epsilon_greedy,4.022982358932495,0.6116429376023899,0.02564102564102564
humaneval,76,epsilon_greedy,4.451558351516724,0.5445782269142045,0.08571428571428572
humaneval,77,epsilon_greedy,4.7713844776153564,0.5228251029586956,0.30303030303030304
humaneval,78,epsilon_greedy,4.653951644897461,0.5421262957421092,0.1935483870967742
humaneval,79,epsilon_greedy,4.694805860519409,0.5369726332397275,0.3055555555555556
humaneval,80,epsilon_greedy,4.722560405731201,0.5269238151694777,0.0
humaneval,81,epsilon_greedy,4.269887924194336,0.5702744643984257,0.05263157894736842
humaneval,82,epsilon_greedy,4.225205898284912,0.5647873313983153,0.0
humaneval,83,epsilon_greedy,4.827645540237427,0.4911581845136751,0.3333333333333333
humaneval,84,epsilon_greedy,4.334159851074219,0.5645724708539361,0.21052631578947367
humaneval,85,epsilon_greedy,4.288699388504028,0.5694236676017473,0.11764705882352941
humaneval,86,epsilon_greedy,4.240495920181274,0.5653444360426717,0.10810810810810811
humaneval,87,epsilon_greedy,4.052590370178223,0.593677321459794,0.02564102564102564
humaneval,88,epsilon_greedy,4.1109888553619385,0.5799774710940613,0.15384615384615385
humaneval,89,epsilon_greedy,4.65074896812439,0.5250360966552184,0.25
humaneval,90,epsilon_greedy,4.461367607116699,0.5334617299436544,0.06451612903225806
humaneval,91,epsilon_greedy,4.4123077392578125,0.5414526524648556,0.17142857142857143
humaneval,92,epsilon_greedy,4.690023422241211,0.5195895215100269,0.1282051282051282
humaneval,93,epsilon_greedy,4.575402736663818,0.5163372437486419,0.16129032258064516
humaneval,94,epsilon_greedy,4.397320985794067,0.5500647077286711,0.06060606060606061
humaneval,95,epsilon_greedy,4.375729322433472,0.5340735990720715,0.2222222222222222
humaneval,96,epsilon_greedy,4.30219030380249,0.5482806192224706,0.0
humaneval,97,epsilon_greedy,4.753721714019775,0.49251154321421703,0.2068965517241379
humaneval,98,epsilon_greedy,4.4539406299591064,0.5209723089776818,0.12121212121212122
humaneval,99,epsilon_greedy,4.425944805145264,0.5316574370340316,0.06451612903225806
humaneval,100,epsilon_greedy,4.362720727920532,0.5394950110055006,0.10526315789473684
humaneval,101,epsilon_greedy,5.594135999679565,0.4256390572815905,0.8965517241379309
humaneval,102,epsilon_greedy,4.2446863651275635,0.5550622194899263,0.14705882352941177
humaneval,103,epsilon_greedy,4.215849161148071,0.5695665665472627,0.0
humaneval,104,epsilon_greedy,4.494259595870972,0.5317643637437746,0.12121212121212122
humaneval,105,epsilon_greedy,4.825565576553345,0.49558320206202705,0.5294117647058824
humaneval,106,epsilon_greedy,4.304367303848267,0.5660687970554716,0.03125
humaneval,107,epsilon_greedy,4.186068058013916,0.5960552106028817,0.0
humaneval,108,epsilon_greedy,4.886702299118042,0.3148440097646821,0.16129032258064516
humaneval,109,epsilon_greedy,4.813536167144775,0.4953810493152012,0.06451612903225806
humaneval,110,epsilon_greedy,4.90509819984436,0.48794693049637267,0.13333333333333333
humaneval,111,epsilon_greedy,4.609724998474121,0.5112376327853482,0.08333333333333333
humaneval,112,epsilon_greedy,4.998563528060913,0.4626082999709762,0.36363636363636365
humaneval,113,epsilon_greedy,4.731855392456055,0.5060036761519718,0.08108108108108109
humaneval,114,epsilon_greedy,4.596903085708618,0.5201526035551725,0.029411764705882353
humaneval,115,epsilon_greedy,5.030790090560913,0.48770003103693943,0.2727272727272727
humaneval,116,epsilon_greedy,6.111180782318115,0.24970102000807579,0.5
humaneval,117,epsilon_greedy,5.459031343460083,0.44765178701320185,0.19444444444444445
humaneval,118,epsilon_greedy,5.99605655670166,0.4038557121546681,0.08823529411764706
humaneval,119,epsilon_greedy,5.443357467651367,0.4466718111123531,0.36666666666666664
humaneval,120,epsilon_greedy,5.4332194328308105,0.4503894363903595,0.2903225806451613
humaneval,121,epsilon_greedy,5.310014247894287,0.43997525302608936,0.42424242424242425
humaneval,122,epsilon_greedy,6.515513181686401,0.3704800962147198,0.21875
humaneval,123,epsilon_greedy,6.768908977508545,0.3668570542169519,0.14285714285714285
humaneval,124,epsilon_greedy,6.044548988342285,0.401146963736688,0.11428571428571428
humaneval,125,epsilon_greedy,5.823592901229858,0.41666567386881126,0.4838709677419355
humaneval,126,epsilon_greedy,5.437722206115723,0.46158160531685694,0.07894736842105263
humaneval,127,epsilon_greedy,4.731873035430908,0.5077950153862711,0.13513513513513514
humaneval,128,epsilon_greedy,4.876166343688965,0.4878574469820347,0.1891891891891892
humaneval,129,epsilon_greedy,4.62335467338562,0.5216067859768236,0.05405405405405406
humaneval,130,epsilon_greedy,4.8463380336761475,0.49275980757627225,0.08108108108108109
humaneval,131,epsilon_greedy,5.089198112487793,0.4569598837121054,0.25
humaneval,132,epsilon_greedy,5.295597076416016,0.44995327612773006,0.22857142857142856
humaneval,133,epsilon_greedy,5.059617757797241,0.45684050312005586,0.16129032258064516
humaneval,134,epsilon_greedy,5.1724183559417725,0.46209144677996167,0.25806451612903225
humaneval,135,epsilon_greedy,4.650650978088379,0.49561832611137235,0.1388888888888889
humaneval,136,epsilon_greedy,4.647547721862793,0.4983628673506512,0.10810810810810811
humaneval,137,epsilon_greedy,5.135079383850098,0.4520427629495734,0.39473684210526316
humaneval,138,epsilon_greedy,4.89898419380188,0.46970237099014206,0.175
humaneval,139,epsilon_greedy,4.0196144580841064,0.5828676261463502,0.09523809523809523
humaneval,140,epsilon_greedy,4.947258949279785,0.47254821470601777,0.13333333333333333
humaneval,141,epsilon_greedy,4.927581071853638,0.49004592802524005,0.19444444444444445
humaneval,142,epsilon_greedy,4.99625825881958,0.3290514055613938,0.12903225806451613
humaneval,143,epsilon_greedy,4.7505974769592285,0.50137577821329,0.1388888888888889
humaneval,144,epsilon_greedy,4.34650731086731,0.5447760747838261,0.024390243902439025
humaneval,145,epsilon_greedy,5.409417629241943,0.42918435054706866,0.0
humaneval,146,epsilon_greedy,5.021173000335693,0.4697777232888038,0.0
humaneval,147,epsilon_greedy,4.610202312469482,0.5227074163541763,0.0
humaneval,148,epsilon_greedy,4.20019268989563,0.580023256097772,0.0
humaneval,149,epsilon_greedy,4.606060981750488,0.5048326485230771,0.08823529411764706
humaneval,150,epsilon_greedy,4.169053077697754,0.5515620364221633,0.0
humaneval,151,epsilon_greedy,4.962374448776245,0.48953240285356187,0.21212121212121213
humaneval,152,epsilon_greedy,4.83655858039856,0.17431758468661904,0.058823529411764705
humaneval,153,epsilon_greedy,4.710692405700684,0.5000630122082738,0.06060606060606061
humaneval,154,epsilon_greedy,4.602293968200684,0.5128939845892593,0.0
humaneval,155,epsilon_greedy,4.204529047012329,0.5670610493078198,0.04878048780487805
humaneval,156,epsilon_greedy,4.521472215652466,0.5268356880135964,0.02857142857142857
humaneval,157,epsilon_greedy,4.899658918380737,0.4959358724214148,0.0
humaneval,158,epsilon_greedy,4.871716022491455,0.4985949514761525,0.08108108108108109
humaneval,159,epsilon_greedy,5.843776702880859,0.4089714170731851,0.4838709677419355
humaneval,160,epsilon_greedy,5.1394853591918945,0.47397521237614676,0.09375
humaneval,161,epsilon_greedy,4.727362871170044,0.5062816481160453,0.2
humaneval,162,epsilon_greedy,5.015280246734619,0.4594293200910266,0.12121212121212122
humaneval,163,epsilon_greedy,4.939806938171387,0.4855475530444153,0.1282051282051282
humaneval,0,ucb,4.327234745025635,0.813004132621639,0.27450980392156865
humaneval,1,ucb,4.915163516998291,0.4755039486915063,0.5869565217391305
humaneval,2,ucb,4.245811462402344,0.23802991247190067,0.34
humaneval,3,ucb,4.043203115463257,0.47541796781457807,0.21153846153846154
humaneval,4,ucb,4.100341320037842,0.4182467366411526,0.27450980392156865
humaneval,5,ucb,4.093788385391235,0.516179610104322,0.2037037037037037
humaneval,6,ucb,5.3486082553863525,0.3143833811728423,0.813953488372093
humaneval,7,ucb,4.454936742782593,0.11532098473462565,0.3673469387755102
humaneval,8,ucb,3.5677411556243896,0.5450971589443091,0.018518518518518517
humaneval,9,ucb,3.692136526107788,0.6205939153979838,0.07547169811320754
humaneval,10,ucb,4.033769130706787,0.5769421498642875,0.1836734693877551
humaneval,11,ucb,3.546720504760742,0.6610503586173294,0.07407407407407407
humaneval,12,ucb,3.8617658615112305,0.579306951353981,0.16
humaneval,13,ucb,3.6894397735595703,0.6204667096445331,0.03773584905660377
humaneval,14,ucb,3.923079013824463,0.5958613604742168,0.13725490196078433
humaneval,15,ucb,5.487609386444092,0.4168312645312956,0.3829787234042553
humaneval,16,ucb,4.1022889614105225,0.5631699928520147,0.03773584905660377
humaneval,17,ucb,5.273810148239136,0.4322952981431298,0.24528301886792453
humaneval,18,ucb,4.566259860992432,0.5007995914011709,0.05454545454545454
humaneval,19,ucb,4.48246693611145,0.4980436766910651,0.23076923076923078
humaneval,20,ucb,4.8573057651519775,0.4629651563143544,0.18518518518518517
humaneval,21,ucb,4.375911712646484,0.5346157416972432,0.19230769230769232
humaneval,22,ucb,4.071874141693115,0.5603364030869368,0.057692307692307696
humaneval,23,ucb,4.2331836223602295,0.5262216112983764,0.17307692307692307
humaneval,24,ucb,3.748084545135498,0.6091338336448353,0.057692307692307696
humaneval,25,ucb,3.5434811115264893,0.6626269298904345,0.018518518518518517
humaneval,26,ucb,3.8607940673828125,0.5855948592211715,0.05357142857142857
humaneval,27,ucb,3.70477294921875,0.6183758046878861,0.09433962264150944
humaneval,28,ucb,4.364670515060425,0.058433785780166926,0.38
humaneval,29,ucb,3.5030901432037354,0.6186755280141427,0.0
humaneval,30,ucb,3.757006883621216,0.6947933653377589,0.10714285714285714
humaneval,31,ucb,4.323172569274902,0.7089276831359919,0.3076923076923077
humaneval,32,ucb,4.51958155632019,0.6576133599352918,0.30434782608695654
humaneval,33,ucb,5.123266696929932,0.39742354738139934,0.7209302325581395
humaneval,34,ucb,3.239182710647583,0.750054780184802,0.0
humaneval,35,ucb,3.5415561199188232,0.6760831817560942,0.038461538461538464
humaneval,36,ucb,4.325705051422119,0.5573454519519634,0.1320754716981132
humaneval,37,ucb,3.921623468399048,0.63703013062422,0.23529411764705882
humaneval,38,ucb,5.997648477554321,0.40967613998129504,1.0526315789473684
humaneval,39,ucb,4.200039386749268,0.5759500238473109,0.28846153846153844
humaneval,40,ucb,3.65590763092041,0.6680273911783419,0.0392156862745098
humaneval,41,ucb,5.914822101593018,0.4192451380293626,0.9767441860465116
humaneval,42,ucb,3.407261610031128,0.7256849739463558,0.0
humaneval,43,ucb,5.054483652114868,0.4778786984421398,0.5306122448979592
humaneval,44,ucb,4.069401025772095,0.5906829061233673,0.28
humaneval,45,ucb,4.590251922607422,0.5128811683136556,0.4222222222222222
humaneval,46,ucb,3.923452377319336,0.6152686241595241,0.16326530612244897
humaneval,47,ucb,4.186493396759033,0.5727569340820139,0.13725490196078433
humaneval,48,ucb,5.24190616607666,0.46754693000338216,0.29411764705882354
humaneval,49,ucb,4.581273794174194,0.5421902545659686,0.061224489795918366
humaneval,50,ucb,5.0786519050598145,0.2520996027962468,0.21153846153846154
humaneval,51,ucb,5.076786041259766,0.28412967023306174,0.4444444444444444
humaneval,52,ucb,3.945251941680908,0.33515523049706464,0.07547169811320754
humaneval,53,ucb,3.841289520263672,0.6473868165021635,0.19230769230769232
humaneval,54,ucb,4.9362242221832275,0.49467434472282573,0.5813953488372093
humaneval,55,ucb,3.8265750408172607,0.6377309924803514,0.07692307692307693
humaneval,56,ucb,4.189603090286255,0.5771791658872751,0.32653061224489793
humaneval,57,ucb,3.7735812664031982,0.6342405427701463,0.16326530612244897
humaneval,58,ucb,4.082104921340942,0.3014799619357759,0.28
humaneval,59,ucb,3.9073612689971924,0.6199447898763664,0.17307692307692307
humaneval,60,ucb,5.002096891403198,0.29882377838464297,0.38461538461538464
humaneval,61,ucb,4.27921986579895,0.563863562046849,0.28888888888888886
humaneval,62,ucb,4.503349542617798,0.5351022798787214,0.4
humaneval,63,ucb,3.4466004371643066,0.7032594567410689,0.0
humaneval,64,ucb,3.8308653831481934,0.6257131803990262,0.18
humaneval,65,ucb,3.980675220489502,0.5780344608539376,0.14814814814814814
humaneval,66,ucb,3.857296943664551,0.6114567100546423,0.01818181818181818
humaneval,67,ucb,4.266981601715088,0.5581998073645564,0.3333333333333333
humaneval,68,ucb,3.5331971645355225,0.7080235150060701,0.0
humaneval,69,ucb,3.7710018157958984,0.6212411315412393,0.09615384615384616
humaneval,70,ucb,4.1578428745269775,0.5820013432911735,0.3673469387755102
humaneval,71,ucb,4.066359996795654,0.6097796318500429,0.07547169811320754
humaneval,72,ucb,3.861018419265747,0.6413083380958159,0.17647058823529413
humaneval,73,ucb,3.643115520477295,0.6487720098264868,0.14285714285714285
humaneval,74,ucb,3.811103343963623,0.6558349409937838,0.14
humaneval,75,ucb,3.4370014667510986,0.7159231009191355,0.07547169811320754
humaneval,76,ucb,4.266228199005127,0.5682353688064362,0.4090909090909091
humaneval,77,ucb,4.326756238937378,0.5765519116411854,0.3958333333333333
humaneval,78,ucb,3.9397082328796387,0.6404102579867968,0.25
humaneval,79,ucb,4.092584848403931,0.6159877825026819,0.22916666666666666
humaneval,80,ucb,3.444237232208252,0.7224907515330352,0.0
humaneval,81,ucb,3.838367462158203,0.6343863824966085,0.16981132075471697
humaneval,82,ucb,4.081721782684326,0.584641210487254,0.3333333333333333
humaneval,83,ucb,4.082807540893555,0.5807615458894769,0.4222222222222222
humaneval,84,ucb,4.801415681838989,0.5096303878567112,0.6904761904761905
humaneval,85,ucb,4.155907392501831,0.5876182273573747,0.3181818181818182
humaneval,86,ucb,4.156198263168335,0.5768109754967758,0.3125
humaneval,87,ucb,4.021705865859985,0.5982364390108593,0.28888888888888886
humaneval,88,ucb,3.89754581451416,0.6117390361775372,0.13725490196078433
humaneval,89,ucb,3.830706834793091,0.6374309468344384,0.2916666666666667
humaneval,90,ucb,3.9395999908447266,0.6041143484460068,0.3
humaneval,91,ucb,4.2658116817474365,0.560047162685275,0.32558139534883723
humaneval,92,ucb,4.515265703201294,0.539699584922631,0.5434782608695652
humaneval,93,ucb,4.057603597640991,0.5822281012030033,0.29545454545454547
humaneval,94,ucb,3.929213523864746,0.6155967519069416,0.2857142857142857
humaneval,95,ucb,4.3836870193481445,0.5331040965020235,0.3902439024390244
humaneval,96,ucb,3.692718267440796,0.6387726853087247,0.08695652173913043
humaneval,97,ucb,5.556955099105835,0.42132116881051335,1.0714285714285714
humaneval,98,ucb,4.5007829666137695,0.5155502389809918,0.42857142857142855
humaneval,99,ucb,4.263937950134277,0.5518575783879583,0.23076923076923078
humaneval,100,ucb,3.7684688568115234,0.6245682680564419,0.1875
humaneval,101,ucb,5.363462924957275,0.44394504194835754,0.8
humaneval,102,ucb,4.747411727905273,0.4962841164623218,0.4878048780487805
humaneval,103,ucb,3.836261749267578,0.6259235914376032,0.2127659574468085
humaneval,104,ucb,4.30138087272644,0.5556092718157378,0.36585365853658536
humaneval,105,ucb,5.472281455993652,0.4370150291829895,0.925
humaneval,106,ucb,4.065962791442871,0.5992597932529622,0.35555555555555557
humaneval,107,ucb,3.77547025680542,0.6608786477445886,0.1276595744680851
humaneval,108,ucb,4.948967218399048,0.3108828324141383,0.7804878048780488
humaneval,109,ucb,3.9155466556549072,0.608991491380408,0.2391304347826087
humaneval,110,ucb,4.5311620235443115,0.5282149695731208,0.4090909090909091
humaneval,111,ucb,4.088224411010742,0.5764519407653329,0.3333333333333333
humaneval,112,ucb,3.815067768096924,0.6061168808979429,0.1836734693877551
humaneval,113,ucb,3.8621041774749756,0.619956405517704,0.30434782608695654
humaneval,114,ucb,3.223559617996216,0.7417548895244136,0.04081632653061224
humaneval,115,ucb,5.6020801067352295,0.4379652622883932,0.813953488372093
humaneval,116,ucb,3.886162757873535,0.3926670522759002,0.20454545454545456
humaneval,117,ucb,3.5419702529907227,0.6899394861370077,0.17307692307692307
humaneval,118,ucb,3.730783700942993,0.6490705130437734,0.16981132075471697
humaneval,119,ucb,4.464970588684082,0.5445487916023137,0.24489795918367346
humaneval,120,ucb,4.967939615249634,0.4925713329176315,0.4666666666666667
humaneval,121,ucb,5.811042070388794,0.40204060373170175,0.675
humaneval,122,ucb,5.701674222946167,0.4233612542654463,0.23913043478260865
humaneval,123,ucb,5.620496988296509,0.44181537912434565,0.4772727272727273
humaneval,124,ucb,4.963107585906982,0.4885552915911787,0.24444444444444444
humaneval,125,ucb,4.749542474746704,0.5108894748136705,0.5
humaneval,126,ucb,4.55764365196228,0.5507127666914817,0.17073170731707318
humaneval,127,ucb,3.9837236404418945,0.6031596962298285,0.1875
humaneval,128,ucb,5.489795684814453,0.4333265207067945,0.5111111111111111
humaneval,129,ucb,5.320977210998535,0.4532199774565553,0.5384615384615384
humaneval,130,ucb,3.8534131050109863,0.6197312698756235,0.08163265306122448
humaneval,131,ucb,4.244978904724121,0.5478376759616489,0.28
humaneval,132,ucb,4.809727668762207,0.4954066877967389,0.3333333333333333
humaneval,133,ucb,5.287953853607178,0.4371139359490653,0.6190476190476191
humaneval,134,ucb,5.42141580581665,0.4408682836841232,0.627906976744186
humaneval,135,ucb,4.490299463272095,0.5133171789412808,0.15555555555555556
humaneval,136,ucb,5.110129117965698,0.45324984072781616,0.20454545454545456
humaneval,137,ucb,5.811948776245117,0.3993970976015175,0.6511627906976745
humaneval,138,ucb,4.733688592910767,0.4861039010293319,0.23255813953488372
humaneval,139,ucb,3.9772398471832275,0.5890776586849116,0.1836734693877551
humaneval,140,ucb,4.572315216064453,0.511298603376425,0.3023255813953488
humaneval,141,ucb,4.311384439468384,0.560084834275153,0.30612244897959184
humaneval,142,ucb,4.749967813491821,0.34611304058579295,0.4883720930232558
humaneval,143,ucb,3.5878758430480957,0.6638564463158868,0.0392156862745098
humaneval,144,ucb,3.6586852073669434,0.6471923813138301,0.18181818181818182
humaneval,145,ucb,4.353894233703613,0.5332323817313267,0.1276595744680851
humaneval,146,ucb,3.317570209503174,0.7110129014240708,0.018518518518518517
humaneval,147,ucb,3.943392276763916,0.6110949077575732,0.1346153846153846
humaneval,148,ucb,3.772932767868042,0.6457070905103733,0.1
humaneval,149,ucb,4.881800651550293,0.4763180905261814,0.40476190476190477
humaneval,150,ucb,3.978745698928833,0.5779437992496316,0.04081632653061224
humaneval,151,ucb,5.05583930015564,0.48048265452063965,0.6341463414634146
humaneval,152,ucb,4.015665292739868,0.20995206235307998,0.16666666666666666
humaneval,153,ucb,4.504886865615845,0.5229083669028596,0.225
humaneval,154,ucb,3.4039275646209717,0.6934603768116328,0.0
humaneval,155,ucb,4.803873777389526,0.49631292655229386,0.4883720930232558
humaneval,156,ucb,4.3137431144714355,0.5522055584572062,0.08
humaneval,157,ucb,3.3945224285125732,0.7158346045512117,0.1111111111111111
humaneval,158,ucb,5.163593292236328,0.47041137370207703,0.2682926829268293
humaneval,159,ucb,6.060622453689575,0.39433864384367123,1.1944444444444444
humaneval,160,ucb,4.443951606750488,0.5481582339750819,0.13043478260869565
humaneval,161,ucb,4.519275188446045,0.5295931240871246,0.38095238095238093
humaneval,162,ucb,4.656720399856567,0.4948046255674301,0.2564102564102564
humaneval,163,ucb,3.796210765838623,0.6318171775194062,0.16666666666666666
humaneval,0,history,3.951068639755249,0.8904071407748849,0.2407407407407407
humaneval,1,history,4.634253263473511,0.5043271327483154,0.58
humaneval,2,history,4.549867868423462,0.22212296268682805,0.6981132075471698
humaneval,3,history,3.9697937965393066,0.48420938394604085,0.3114754098360656
humaneval,4,history,5.445996046066284,0.31490187684940346,1.0588235294117647
humaneval,5,history,3.768226385116577,0.5607757806078512,0.08928571428571429
humaneval,6,history,4.765838146209717,0.3528264066698637,0.8461538461538461
humaneval,7,history,4.156167268753052,0.12361092778209833,0.4716981132075472
humaneval,8,history,3.6710152626037598,0.5297623215001747,0.14516129032258066
humaneval,9,history,3.620993137359619,0.6327870216821072,0.16129032258064516
humaneval,10,history,4.443468809127808,0.523746544489187,0.660377358490566
humaneval,11,history,3.5560293197631836,0.6593198904624504,0.14285714285714285
humaneval,12,history,3.2094614505767822,0.6970477267059576,0.12280701754385964
humaneval,13,history,3.3021633625030518,0.6932347995639365,0.10344827586206896
humaneval,14,history,3.241568088531494,0.7211359239053606,0.015873015873015872
humaneval,15,history,4.425042629241943,0.5169231918105057,0.660377358490566
humaneval,16,history,3.2198610305786133,0.7175111047135166,0.0847457627118644
humaneval,17,history,3.7841908931732178,0.6024652018734572,0.2
humaneval,18,history,3.640206813812256,0.6282008659342393,0.2631578947368421
humaneval,19,history,4.017193555831909,0.5557273460886963,0.45454545454545453
humaneval,20,history,4.448049068450928,0.5055617166591536,0.44262295081967207
humaneval,21,history,3.2039902210235596,0.7301618058967703,0.12280701754385964
humaneval,22,history,3.670193672180176,0.6216618288221548,0.2631578947368421
humaneval,23,history,3.808856725692749,0.5848454975095306,0.18032786885245902
humaneval,24,history,3.350069046020508,0.681503896319804,0.12280701754385964
humaneval,25,history,3.458531141281128,0.6789026653626663,0.12280701754385964
humaneval,26,history,3.640303611755371,0.6210639000192554,0.2413793103448276
humaneval,27,history,3.223743438720703,0.7106464882230782,0.0847457627118644
humaneval,28,history,4.388445138931274,0.058117217785286716,0.5714285714285714
humaneval,29,history,3.2693846225738525,0.6629003296410877,0.0
humaneval,30,history,3.6240227222442627,0.7202889320329076,0.16129032258064516
humaneval,31,history,4.053389310836792,0.7561121023187436,0.3559322033898305
humaneval,32,history,4.763748407363892,0.6239072592832381,0.8076923076923077
humaneval,33,history,5.467453241348267,0.3724049818069915,0.7619047619047619
humaneval,34,history,3.229386806488037,0.7523299689996996,0.0
humaneval,35,history,3.5445048809051514,0.675520731491005,0.10344827586206896
humaneval,36,history,4.730696439743042,0.5096315241539163,0.40350877192982454
humaneval,37,history,4.980964660644531,0.501547888920374,0.2857142857142857
humaneval,38,history,6.094122409820557,0.40319069949917447,1.0
humaneval,39,history,4.02392840385437,0.6011570142850464,0.3888888888888889
humaneval,40,history,3.630152940750122,0.6727668164218162,0.18032786885245902
humaneval,41,history,6.882224082946777,0.3603138140395633,1.6756756756756757
humaneval,42,history,3.635082721710205,0.6802042049652638,0.0
humaneval,43,history,5.577937841415405,0.4330328048899178,0.9019607843137255
humaneval,44,history,4.242331504821777,0.566604854277048,0.3666666666666667
humaneval,45,history,3.603090763092041,0.6533984081212997,0.2857142857142857
humaneval,46,history,4.1556761264801025,0.5808867372427657,0.45454545454545453
humaneval,47,history,3.2365291118621826,0.7408687021210407,0.0847457627118644
humaneval,48,history,4.42035698890686,0.5544432590999908,0.6
humaneval,49,history,4.629420042037964,0.5365514431924899,0.4912280701754385
humaneval,50,history,3.669010639190674,0.3489567771567981,0.0
humaneval,51,history,4.643876075744629,0.31061671763401955,0.4915254237288136
humaneval,52,history,4.103689193725586,0.3222153924095347,0.3793103448275862
humaneval,53,history,3.681844711303711,0.6754223463449835,0.2631578947368421
humaneval,54,history,5.506563186645508,0.4434387474995888,1.0392156862745099
humaneval,55,history,3.5350966453552246,0.6903136585494161,0.03389830508474576
humaneval,56,history,4.109994173049927,0.5883588918219121,0.3559322033898305
humaneval,57,history,4.108693838119507,0.5825107260087862,0.48148148148148145
humaneval,58,history,4.865319728851318,0.2529479879823371,0.7454545454545455
humaneval,59,history,3.6901450157165527,0.6564371455762816,0.2631578947368421
humaneval,60,history,5.265796422958374,0.2838593391909782,1.04
humaneval,61,history,4.5259668827056885,0.5331228042191442,0.3584905660377358
humaneval,62,history,4.664048671722412,0.5166654074507482,0.5614035087719298
humaneval,63,history,3.2708120346069336,0.7410558373266427,0.0
humaneval,64,history,4.312797546386719,0.5557930639657378,0.3793103448275862
humaneval,65,history,4.031862020492554,0.5706959819595165,0.40350877192982454
humaneval,66,history,3.4439828395843506,0.6848379358247922,0.12280701754385964
humaneval,67,history,4.838325262069702,0.4922836268941928,0.660377358490566
humaneval,68,history,3.411231279373169,0.7333383376173779,0.0
humaneval,69,history,3.7355401515960693,0.6271386037941943,0.12280701754385964
humaneval,70,history,5.167315721511841,0.46830313233895743,0.5714285714285714
humaneval,71,history,3.5113325119018555,0.7061659621841881,0.10344827586206896
humaneval,72,history,3.5459744930267334,0.6982857069857616,0.14285714285714285
humaneval,73,history,4.128315210342407,0.5725220235918193,0.3559322033898305
humaneval,74,history,3.988898277282715,0.6266027767477322,0.2857142857142857
humaneval,75,history,3.3142735958099365,0.742433802402707,0.10344827586206896
humaneval,76,history,3.686305522918701,0.6576290920549293,0.2857142857142857
humaneval,77,history,4.875476121902466,0.5116627624444912,0.6551724137931034
humaneval,78,history,4.417368412017822,0.5711612277905195,0.4915254237288136
humaneval,79,history,4.796405076980591,0.5255982814235967,0.6
humaneval,80,history,3.264596700668335,0.7622471547088082,0.0
humaneval,81,history,3.343632459640503,0.7282523059586026,0.10344827586206896
humaneval,82,history,3.965620517730713,0.6017577206974706,0.45454545454545453
humaneval,83,history,5.762471675872803,0.41147926660470996,1.0232558139534884
humaneval,84,history,5.470103979110718,0.447331046272854,0.6122448979591837
humaneval,85,history,5.482136487960815,0.4454626294705252,0.5102040816326531
humaneval,86,history,4.192831993103027,0.5717712463746755,0.3333333333333333
humaneval,87,history,3.9980058670043945,0.6017827576986189,0.20689655172413793
humaneval,88,history,3.961406946182251,0.6018773007722681,0.3508771929824561
humaneval,89,history,4.881517648696899,0.5002155600931086,0.7142857142857143
humaneval,90,history,4.640777111053467,0.5128384373251655,0.6153846153846154
humaneval,91,history,4.5757386684417725,0.5221136743208993,0.5272727272727272
humaneval,92,history,4.693016290664673,0.5192581646649245,0.5555555555555556
humaneval,93,history,4.180432081222534,0.5651212104845653,0.4807692307692308
humaneval,94,history,4.1691343784332275,0.5801710530973486,0.4107142857142857
humaneval,95,history,5.027840852737427,0.46480419254417604,0.6666666666666666
humaneval,96,history,3.546903133392334,0.665032980905155,0.125
humaneval,97,history,6.3249828815460205,0.37016113106230825,1.4390243902439024
humaneval,98,history,4.5057878494262695,0.5149775825186187,0.2926829268292683
humaneval,99,history,4.512562274932861,0.5214524095609576,0.38461538461538464
humaneval,100,history,5.725343942642212,0.411096012868916,0.3090909090909091
humaneval,101,history,8.924070119857788,0.2668157848637077,1.2
humaneval,102,history,5.295727491378784,0.4448992208722796,0.09259259259259259
humaneval,103,history,4.887590169906616,0.49128643121117965,0.44262295081967207
humaneval,104,history,4.905837059020996,0.48715174714233256,0.8461538461538461
humaneval,105,history,6.244070529937744,0.3829984348707288,1.170731707317073
humaneval,106,history,3.6995832920074463,0.6586060724834163,0.21153846153846154
humaneval,107,history,3.645354986190796,0.6844676821240824,0.22033898305084745
humaneval,108,history,5.203585386276245,0.29567093305287745,0.9803921568627451
humaneval,109,history,3.7323732376098633,0.6388789238355643,0.2962962962962963
humaneval,110,history,4.754476308822632,0.5034050976247334,0.5964912280701754
humaneval,111,history,4.049037218093872,0.5820309295948576,0.42592592592592593
humaneval,112,history,4.393991470336914,0.526258867734188,0.5272727272727272
humaneval,113,history,5.037356615066528,0.4753160053113835,0.8627450980392157
humaneval,114,history,3.2101452350616455,0.7448544951195104,0.0
humaneval,115,history,6.432988405227661,0.3813960680098654,1.3658536585365855
humaneval,116,history,5.339582443237305,0.28578415840947546,0.9347826086956522
humaneval,117,history,4.126322507858276,0.5922331886581949,0.25
humaneval,118,history,4.0628578662872314,0.5960192973817462,0.3559322033898305
humaneval,119,history,4.438162088394165,0.5478381118539827,0.5714285714285714
humaneval,120,history,4.067407846450806,0.6016275550712502,0.2903225806451613
humaneval,121,history,5.859886884689331,0.3986894129976519,1.3111111111111111
humaneval,122,history,4.499020338058472,0.5365319045170498,0.32727272727272727
humaneval,123,history,5.036162614822388,0.49307820213010367,0.7755102040816326
humaneval,124,history,4.830964803695679,0.5019188862597893,0.6153846153846154
humaneval,125,history,6.182431221008301,0.3924817234170257,0.9607843137254902
humaneval,126,history,4.3649210929870605,0.5750281601192411,0.1111111111111111
humaneval,127,history,4.687204360961914,0.5126342603801917,0.6
humaneval,128,history,4.321208715438843,0.550511262044012,0.3793103448275862
humaneval,129,history,4.961414575576782,0.486065644158601,0.8113207547169812
humaneval,130,history,4.1765735149383545,0.5717798545583785,0.42857142857142855
humaneval,131,history,4.485856771469116,0.5184203366592707,0.543859649122807
humaneval,132,history,4.085311412811279,0.5832532732054636,0.2
humaneval,133,history,6.7331223487854,0.3432936759992524,1.0784313725490196
humaneval,134,history,5.737411737442017,0.4165868497550058,0.8857142857142857
humaneval,135,history,3.328146457672119,0.6925620258612599,0.09433962264150944
humaneval,136,history,3.7236266136169434,0.6220186525540814,0.2413793103448276
humaneval,137,history,6.1861732006073,0.37523609465268615,1.2195121951219512
humaneval,138,history,4.447789669036865,0.5173501137634169,0.24074074074074073
humaneval,139,history,4.159233093261719,0.563301715646261,0.3333333333333333
humaneval,140,history,4.582066059112549,0.5102105369086098,0.6296296296296297
humaneval,141,history,3.856768846511841,0.6261046838365945,0.22033898305084745
humaneval,142,history,4.283287048339844,0.38382340106052704,0.48148148148148145
humaneval,143,history,3.8454384803771973,0.619392175727875,0.2413793103448276
humaneval,144,history,3.8543872833251953,0.6143319333989506,0.2857142857142857
humaneval,145,history,4.207759141921997,0.5517514937852651,0.48148148148148145
humaneval,146,history,3.299633741378784,0.7148778940996195,0.12280701754385964
humaneval,147,history,3.3270184993743896,0.7243082477822431,0.12280701754385964
humaneval,148,history,3.417523145675659,0.712858212332509,0.12280701754385964
humaneval,149,history,4.587446928024292,0.5068810606768922,0.40350877192982454
humaneval,150,history,3.336667776107788,0.6891580342378016,0.12280701754385964
humaneval,151,history,5.631798267364502,0.4313441235716281,0.9019607843137255
humaneval,152,history,5.0002195835113525,0.16861203710145137,0.1724137931034483
humaneval,153,history,5.226020812988281,0.45075270808849827,0.48148148148148145
humaneval,154,history,3.541199207305908,0.6665789619323301,0.14285714285714285
humaneval,155,history,4.820464849472046,0.4946047171166796,0.543859649122807
humaneval,156,history,3.7930474281311035,0.6280103190645611,0.2631578947368421
humaneval,157,history,3.368335723876953,0.7213997711183265,0.12280701754385964
humaneval,158,history,4.704898834228516,0.516273165358723,0.660377358490566
humaneval,159,history,6.474225997924805,0.3691464647669855,1.441860465116279
humaneval,160,history,4.5289647579193115,0.5378687613692567,0.2727272727272727
humaneval,161,history,3.8947877883911133,0.6145076948203236,0.14814814814814814
humaneval,162,history,4.79468297958374,0.4805670789152535,0.6271186440677966
humaneval,163,history,3.85636568069458,0.6219615487577258,0.37037037037037035
humaneval,0,ucb_coarse,4.169342517852783,0.843792448201543,0.25
humaneval,1,ucb_coarse,3.8496253490448,0.6071187320545464,0.19607843137254902
humaneval,2,ucb_coarse,4.207969665527344,0.24017048864376023,0.3469387755102041
humaneval,3,ucb_coarse,4.1506288051605225,0.4631133013448964,0.2653061224489796
humaneval,4,ucb_coarse,4.153775930404663,0.41286636663948106,0.2978723404255319
humaneval,5,ucb_coarse,4.3004255294799805,0.49137697610040354,0.3404255319148936
humaneval,6,ucb_coarse,4.813562870025635,0.34932826126947086,0.5581395348837209
humaneval,7,ucb_coarse,6.636204719543457,0.07741588962666872,1.5588235294117647
humaneval,8,ucb_coarse,3.976011276245117,0.4891247616420613,0.17307692307692307
humaneval,9,ucb_coarse,3.4915223121643066,0.6562517028570305,0.06
humaneval,10,ucb_coarse,4.696842193603516,0.495492788217493,0.4318181818181818
humaneval,11,ucb_coarse,3.7355425357818604,0.6276359696428409,0.037037037037037035
humaneval,12,ucb_coarse,3.8960328102111816,0.5742117474502706,0.10638297872340426
humaneval,13,ucb_coarse,3.3336315155029297,0.6866909393214146,0.07547169811320754
humaneval,14,ucb_coarse,3.817983627319336,0.6122632851798175,0.20408163265306123
humaneval,15,ucb_coarse,4.158421277999878,0.5500662407406441,0.2391304347826087
humaneval,16,ucb_coarse,3.2116780281066895,0.7193392441135812,0.018867924528301886
humaneval,17,ucb_coarse,4.0503249168396,0.5628791213526209,0.16666666666666666
humaneval,18,ucb_coarse,4.639797687530518,0.4928622381019574,0.01818181818181818
humaneval,19,ucb_coarse,3.960784435272217,0.5636419628460915,0.22
humaneval,20,ucb_coarse,4.528134107589722,0.4966203008565913,0.29545454545454547
humaneval,21,ucb_coarse,4.319739103317261,0.5415677266392391,0.1346153846153846
humaneval,22,ucb_coarse,7.282777547836304,0.31328971609971695,0.24390243902439024
humaneval,23,ucb_coarse,3.660928249359131,0.6084775649646377,0.0784313725490196
humaneval,24,ucb_coarse,4.825629472732544,0.47311653758416994,0.1702127659574468
humaneval,25,ucb_coarse,4.390391111373901,0.5348056586513933,0.08
humaneval,26,ucb_coarse,4.083536624908447,0.5536527196989841,0.0784313725490196
humaneval,27,ucb_coarse,3.5930964946746826,0.6375954436666134,0.055555555555555546
humaneval,28,ucb_coarse,4.563274145126343,0.05589062014835191,0.22916666666666666
humaneval,29,ucb_coarse,3.379499912261963,0.6413008434070683,0.0
humaneval,30,ucb_coarse,4.305988788604736,0.6062123206582097,0.10909090909090909
humaneval,31,ucb_coarse,4.448495388031006,0.6889558032541155,0.2653061224489796
humaneval,32,ucb_coarse,4.236736297607422,0.7015157432459809,0.26666666666666666
humaneval,33,ucb_coarse,4.250806093215942,0.4789931086540021,0.28888888888888886
humaneval,34,ucb_coarse,3.903372049331665,0.6224270823554147,0.0
humaneval,35,ucb_coarse,3.7874915599823,0.6321826707737073,0.041666666666666664
humaneval,36,ucb_coarse,4.040943622589111,0.5966210524241449,0.2708333333333333
humaneval,37,ucb_coarse,4.379833936691284,0.5703851667537182,0.32558139534883723
humaneval,38,ucb_coarse,5.2844367027282715,0.4649679077394543,0.675
humaneval,39,ucb_coarse,3.8118557929992676,0.6346023869529817,0.22
humaneval,40,ucb_coarse,3.6812267303466797,0.6634327673815286,0.0
humaneval,41,ucb_coarse,6.2559802532196045,0.3963823906134126,1.2424242424242424
humaneval,42,ucb_coarse,3.80509090423584,0.6498132672602782,0.0
humaneval,43,ucb_coarse,5.290066242218018,0.4565973200284512,0.6216216216216216
humaneval,44,ucb_coarse,4.921381711959839,0.48842495152184373,0.3783783783783784
humaneval,45,ucb_coarse,3.937943935394287,0.5978383155130365,0.15217391304347827
humaneval,46,ucb_coarse,3.8582615852355957,0.6256644586738869,0.19148936170212766
humaneval,47,ucb_coarse,4.492363214492798,0.533759851551323,0.10526315789473684
humaneval,48,ucb_coarse,4.5110626220703125,0.5432948599126631,0.325
humaneval,49,ucb_coarse,3.8092164993286133,0.6520821289988391,0.1875
humaneval,50,ucb_coarse,4.154017210006714,0.3082139681371017,0.1111111111111111
humaneval,51,ucb_coarse,4.824126720428467,0.29901070750041,0.43902439024390244
humaneval,52,ucb_coarse,4.441227912902832,0.2977266309710294,0.15217391304347827
humaneval,53,ucb_coarse,4.467872381210327,0.5565960666747957,0.18604651162790697
humaneval,54,ucb_coarse,5.511504650115967,0.4430411725157576,0.6060606060606061
humaneval,55,ucb_coarse,3.8451356887817383,0.6346526354585176,0.08888888888888889
humaneval,56,ucb_coarse,3.6494157314300537,0.6626133592356162,0.16
humaneval,57,ucb_coarse,3.873615264892578,0.6178616271683843,0.14
humaneval,58,ucb_coarse,4.773861646652222,0.25779398889089045,0.3409090909090909
humaneval,59,ucb_coarse,4.149514198303223,0.5837667122262261,0.11764705882352941
humaneval,60,ucb_coarse,5.092661380767822,0.29350969584979897,0.5
humaneval,61,ucb_coarse,4.283564567565918,0.5632916507389389,0.25
humaneval,62,ucb_coarse,4.025148630142212,0.5986741928733306,0.1111111111111111
humaneval,63,ucb_coarse,3.284785032272339,0.7379034936015081,0.0
humaneval,64,ucb_coarse,4.996367692947388,0.47975311463840087,0.46153846153846156
humaneval,65,ucb_coarse,4.537344694137573,0.507117622754828,0.0975609756097561
humaneval,66,ucb_coarse,3.7260735034942627,0.6329907600226129,0.12727272727272726
humaneval,67,ucb_coarse,4.684558153152466,0.5084424678350127,0.2
humaneval,68,ucb_coarse,3.4746763706207275,0.7199481070511984,0.0
humaneval,69,ucb_coarse,3.8841941356658936,0.6031370609356751,0.15217391304347827
humaneval,70,ucb_coarse,4.066787004470825,0.5950324262146134,0.10416666666666667
humaneval,71,ucb_coarse,3.3315296173095703,0.7442777902776752,0.037037037037037035
humaneval,72,ucb_coarse,4.567612648010254,0.5421001071304267,0.25
humaneval,73,ucb_coarse,4.587201356887817,0.5152491016556708,0.10810810810810811
humaneval,74,ucb_coarse,3.767662525177002,0.6633966603981264,0.20754716981132076
humaneval,75,ucb_coarse,3.804105043411255,0.6468351214964201,0.021739130434782608
humaneval,76,ucb_coarse,4.593669891357422,0.5277309452808205,0.25
humaneval,77,ucb_coarse,5.0328049659729,0.4956678428095087,0.35
humaneval,78,ucb_coarse,4.871212720870972,0.517946907758945,0.42105263157894735
humaneval,79,ucb_coarse,5.424113988876343,0.4647730985451981,0.4375
humaneval,80,ucb_coarse,3.6826717853546143,0.6757130940238226,0.0
humaneval,81,ucb_coarse,3.895486354827881,0.6250844765489673,0.06521739130434782
humaneval,82,ucb_coarse,4.030765533447266,0.5920321447871131,0.1590909090909091
humaneval,83,ucb_coarse,5.313560247421265,0.44624272777734975,0.38636363636363635
humaneval,84,ucb_coarse,5.1064605712890625,0.47918657199759757,0.27906976744186046
humaneval,85,ucb_coarse,4.946876525878906,0.4936623993479304,0.35135135135135137
humaneval,86,ucb_coarse,4.779366731643677,0.5016021806118361,0.4146341463414634
humaneval,87,ucb_coarse,3.932812213897705,0.6117584224945,0.1276595744680851
humaneval,88,ucb_coarse,4.586275100708008,0.5198730707760231,0.10526315789473684
humaneval,89,ucb_coarse,5.085546255111694,0.4801472570017328,0.38095238095238093
humaneval,90,ucb_coarse,4.013826370239258,0.5929426592175162,0.1875
humaneval,91,ucb_coarse,4.188642263412476,0.5703651872542573,0.17777777777777778
humaneval,92,ucb_coarse,4.8130011558532715,0.5063134096424515,0.28205128205128205
humaneval,93,ucb_coarse,3.7265117168426514,0.6339577110173733,0.22641509433962265
humaneval,94,ucb_coarse,4.853145122528076,0.498400732261633,0.2222222222222222
humaneval,95,ucb_coarse,4.602836847305298,0.5077219952224465,0.2857142857142857
humaneval,96,ucb_coarse,4.595539093017578,0.513282014587949,0.0
humaneval,97,ucb_coarse,6.05175518989563,0.3868733522618238,0.9999999999999999
humaneval,98,ucb_coarse,4.4278833866119385,0.5240381309623376,0.1111111111111111
humaneval,99,ucb_coarse,4.470978260040283,0.5263023738201795,0.1590909090909091
humaneval,100,ucb_coarse,5.091997385025024,0.4622284516573541,0.29411764705882354
humaneval,101,ucb_coarse,5.997144937515259,0.3970360559928622,0.9999999999999999
humaneval,102,ucb_coarse,5.276848554611206,0.4464909330792659,0.4838709677419355
humaneval,103,ucb_coarse,4.457791566848755,0.5386538818129837,0.21951219512195122
humaneval,104,ucb_coarse,5.138549327850342,0.46508984190241587,0.30952380952380953
humaneval,105,ucb_coarse,5.515093803405762,0.43362258656630337,0.6764705882352942
humaneval,106,ucb_coarse,4.300960540771484,0.5665171764950052,0.07317073170731707
humaneval,107,ucb_coarse,4.6962831020355225,0.531298395711283,0.0
humaneval,108,ucb_coarse,5.838958978652954,0.263497132280857,0.5806451612903226
humaneval,109,ucb_coarse,5.2336132526397705,0.4556191835906332,0.1111111111111111
humaneval,110,ucb_coarse,5.426447629928589,0.4410671167628749,0.40625
humaneval,111,ucb_coarse,4.8528759479522705,0.48562232401711725,0.08695652173913043
humaneval,112,ucb_coarse,4.795766592025757,0.48217045839097517,0.34210526315789475
humaneval,113,ucb_coarse,5.196856498718262,0.46072779269406944,0.4864864864864865
humaneval,114,ucb_coarse,4.083034992218018,0.585616119597162,0.13953488372093023
humaneval,115,ucb_coarse,5.207628011703491,0.4711389672597417,0.5833333333333334
humaneval,116,ucb_coarse,5.272962331771851,0.2893948370546807,0.5263157894736842
humaneval,117,ucb_coarse,4.6957621574401855,0.5204150155665364,0.15
humaneval,118,ucb_coarse,4.07958722114563,0.5935751730652785,0.21739130434782608
humaneval,119,ucb_coarse,4.544695854187012,0.5349960517968994,0.22727272727272727
humaneval,120,ucb_coarse,4.779738903045654,0.5119661738381871,0.16279069767441862
humaneval,121,ucb_coarse,5.620877027511597,0.4156424079115132,0.625
humaneval,122,ucb_coarse,4.782753944396973,0.5047025162704252,0.2222222222222222
humaneval,123,ucb_coarse,3.732534408569336,0.6652911228494939,0.16326530612244897
humaneval,124,ucb_coarse,4.358295440673828,0.5563533970648603,0.1590909090909091
humaneval,125,ucb_coarse,5.310553550720215,0.4569187067512924,0.5882352941176471
humaneval,126,ucb_coarse,3.942782163619995,0.6365942730301762,0.125
humaneval,127,ucb_coarse,5.692302465438843,0.4221176853165121,0.34210526315789475
humaneval,128,ucb_coarse,5.013432264328003,0.4745000905703239,0.2571428571428571
humaneval,129,ucb_coarse,5.035680294036865,0.4788971957714093,0.2727272727272727
humaneval,130,ucb_coarse,4.090098142623901,0.5838687761638438,0.08695652173913043
humaneval,131,ucb_coarse,4.596264839172363,0.5059672275301362,0.15217391304347827
humaneval,132,ucb_coarse,3.7440223693847656,0.6364201434985985,0.10714285714285714
humaneval,133,ucb_coarse,4.824936628341675,0.4790608665178882,0.39473684210526316
humaneval,134,ucb_coarse,5.275748014450073,0.4530410237376555,0.4838709677419355
humaneval,135,ucb_coarse,4.571460962295532,0.5042037703261854,0.025
humaneval,136,ucb_coarse,5.343051433563232,0.4334910935476245,0.34375
humaneval,137,ucb_coarse,5.549749851226807,0.41826668496200037,0.5862068965517241
humaneval,138,ucb_coarse,4.997048377990723,0.46048473362933784,0.32432432432432434
humaneval,139,ucb_coarse,4.90348744392395,0.4778034335766861,0.08823529411764706
humaneval,140,ucb_coarse,4.552310943603516,0.5135454087237641,0.3333333333333333
humaneval,141,ucb_coarse,4.613061189651489,0.5234574049642193,0.08571428571428572
humaneval,142,ucb_coarse,4.262223482131958,0.38572022548896606,0.14634146341463414
humaneval,143,ucb_coarse,3.8745827674865723,0.6147331596515649,0.1
humaneval,144,ucb_coarse,4.302096366882324,0.5503998492598771,0.09302325581395349
humaneval,145,ucb_coarse,4.748055696487427,0.48896591372371556,0.09375
humaneval,146,ucb_coarse,3.627610921859741,0.6502448225973548,0.09615384615384616
humaneval,147,ucb_coarse,4.330584764480591,0.5564576311693558,0.0
humaneval,148,ucb_coarse,3.814647674560547,0.6386459898978687,0.058823529411764705
humaneval,149,ucb_coarse,5.145625591278076,0.4518964552371067,0.18181818181818182
humaneval,150,ucb_coarse,4.807661771774292,0.4782972502323976,0.0
humaneval,151,ucb_coarse,4.751090049743652,0.5113022616566962,0.358974358974359
humaneval,152,ucb_coarse,4.961137533187866,0.169940301854255,0.1388888888888889
humaneval,153,ucb_coarse,5.159738779067993,0.4565430799593356,0.16129032258064516
humaneval,154,ucb_coarse,3.689753293991089,0.6397416584587683,0.0
humaneval,155,ucb_coarse,4.663161993026733,0.511289261837649,0.37209302325581395
humaneval,156,ucb_coarse,4.630160808563232,0.5144687245337379,0.0
humaneval,157,ucb_coarse,4.886566877365112,0.49726457884164943,0.0
humaneval,158,ucb_coarse,5.285779714584351,0.45953731426560745,0.1935483870967742
humaneval,159,ucb_coarse,5.5790910720825195,0.4283740143973583,0.6176470588235294
humaneval,160,ucb_coarse,4.966177225112915,0.49051585438972906,0.06451612903225806
humaneval,161,ucb_coarse,4.14543342590332,0.5773526721483978,0.1836734693877551
humaneval,162,ucb_coarse,4.50519061088562,0.5114471268442723,0.2
humaneval,163,ucb_coarse,4.7735137939453125,0.5024623945537132,0.09375
humaneval,0,linucb,3.964693784713745,0.8873471500104245,0.17543859649122806
humaneval,1,linucb,4.673299551010132,0.5001133856895474,0.5084745762711864
humaneval,2,linucb,4.917021989822388,0.20553703702356807,0.627906976744186
humaneval,3,linucb,4.437012672424316,0.4332219785085367,0.21428571428571427
humaneval,4,linucb,5.231118679046631,0.3278370232910206,0.4166666666666667
humaneval,5,linucb,4.637281656265259,0.4556829300557748,0.024390243902439025
humaneval,6,linucb,5.578359365463257,0.30143514207921546,0.5806451612903226
humaneval,7,linucb,5.585507154464722,0.09197870093094322,0.6
humaneval,8,linucb,4.886508464813232,0.397986738748824,0.05555555555555555
humaneval,9,linucb,5.14198637008667,0.44560940033812685,0.125
humaneval,10,linucb,5.025689125061035,0.46307110854134026,0.13333333333333333
humaneval,11,linucb,4.875621318817139,0.48087427391845355,0.02702702702702703
humaneval,12,linucb,4.258687734603882,0.5253138871622476,0.023255813953488372
humaneval,13,linucb,4.42283034324646,0.5175813628545992,0.06976744186046512
humaneval,14,linucb,4.546276330947876,0.5141815033354808,0.044444444444444446
humaneval,15,linucb,4.5028839111328125,0.5079871488913965,0.13513513513513514
humaneval,16,linucb,4.276921272277832,0.5401750226381967,0.023255813953488372
humaneval,17,linucb,4.961683750152588,0.45948985166843576,0.32432432432432434
humaneval,18,linucb,5.029967546463013,0.45463137713971985,0.02631578947368421
humaneval,19,linucb,4.785096883773804,0.4665452691412237,0.027777777777777776
humaneval,20,linucb,4.938672065734863,0.45533764803547233,0.0
humaneval,21,linucb,4.826140880584717,0.4847416069575486,0.08823529411764706
humaneval,22,linucb,4.852121114730835,0.4702313187220592,0.04878048780487805
humaneval,23,linucb,5.0687854290008545,0.43947267799801004,0.0
humaneval,24,linucb,4.519482612609863,0.5051651490888097,0.025
humaneval,25,linucb,4.137587547302246,0.567481892095907,0.0
humaneval,26,linucb,4.806660413742065,0.47036007617830733,0.04878048780487805
humaneval,27,linucb,4.273112535476685,0.5361295623831477,0.06976744186046512
humaneval,28,linucb,4.716010093688965,0.05408050805899582,0.44
humaneval,29,linucb,3.5085606575012207,0.6177108950344422,0.0
humaneval,30,linucb,3.625499963760376,0.7199954440382498,0.05660377358490566
humaneval,31,linucb,3.8820793628692627,0.7894781190325563,0.17647058823529413
humaneval,32,linucb,4.488611459732056,0.6621506983655733,0.3333333333333333
humaneval,33,linucb,4.494307041168213,0.4530413267771819,0.4166666666666667
humaneval,34,linucb,3.4626474380493164,0.701649393847004,0.0
humaneval,35,linucb,3.663017988204956,0.6536649663289922,0.05660377358490566
humaneval,36,linucb,5.402045011520386,0.44629617705040364,0.23076923076923078
humaneval,37,linucb,4.1454150676727295,0.6026398489779596,0.3333333333333333
humaneval,38,linucb,4.733773469924927,0.5190559905030927,0.40425531914893614
humaneval,39,linucb,4.106449365615845,0.5890764915337282,0.17647058823529413
humaneval,40,linucb,3.865290641784668,0.6318403099294827,0.018867924528301886
humaneval,41,linucb,5.723240375518799,0.4332790946556573,0.8222222222222222
humaneval,42,linucb,3.539400577545166,0.6985924589577781,0.0
humaneval,43,linucb,4.813676834106445,0.5017848418605149,0.30612244897959184
humaneval,44,linucb,4.140103816986084,0.5805954947850411,0.16666666666666666
humaneval,45,linucb,4.201548099517822,0.5603300767141228,0.125
humaneval,46,linucb,3.8488473892211914,0.627194820171123,0.12244897959183673
humaneval,47,linucb,4.596204519271851,0.5217007016176417,0.0392156862745098
humaneval,48,linucb,4.955869197845459,0.49453224802229073,0.46808510638297873
humaneval,49,linucb,4.614013195037842,0.5383430648553521,0.3409090909090909
humaneval,50,linucb,4.121309757232666,0.310660009420326,0.2916666666666667
humaneval,51,linucb,4.361963272094727,0.330691813242673,0.16666666666666666
humaneval,52,linucb,4.173779249191284,0.3168044462675551,0.08695652173913043
humaneval,53,linucb,4.706204652786255,0.5284088511353494,0.14893617021276595
humaneval,54,linucb,5.839806795120239,0.41813429248272793,0.65
humaneval,55,linucb,4.675320386886597,0.5219589881851929,0.10869565217391303
humaneval,56,linucb,4.445265769958496,0.5439835866265311,0.20930232558139536
humaneval,57,linucb,4.696682929992676,0.5095847997971097,0.2558139534883721
humaneval,58,linucb,4.820863485336304,0.25528058200508436,0.3170731707317073
humaneval,59,linucb,3.868082284927368,0.6262401061938634,0.0
humaneval,60,linucb,5.35970139503479,0.2788859644904674,0.5365853658536586
humaneval,61,linucb,4.385820627212524,0.5501584221980798,0.11904761904761904
humaneval,62,linucb,4.375970363616943,0.5506784569157384,0.07317073170731707
humaneval,63,linucb,4.3326637744903564,0.5594374447689089,0.0
humaneval,64,linucb,4.348305702209473,0.5512544716789827,0.125
humaneval,65,linucb,4.827715635299683,0.47661619464201205,0.20930232558139536
humaneval,66,linucb,4.388569116592407,0.5374348759734955,0.022727272727272728
humaneval,67,linucb,4.583279609680176,0.519677722274438,0.2
humaneval,68,linucb,4.272781610488892,0.5854702869678587,0.0
humaneval,69,linucb,4.467813491821289,0.5243507678594072,0.1590909090909091
humaneval,70,linucb,4.590144634246826,0.5271882110454237,0.14634146341463414
humaneval,71,linucb,4.2950828075408936,0.5773074962518491,0.05
humaneval,72,linucb,4.642577409744263,0.5333466924255437,0.15
humaneval,73,linucb,4.470990419387817,0.5286415663073032,0.075
humaneval,74,linucb,4.420367240905762,0.5654405167018296,0.075
humaneval,75,linucb,4.613303184509277,0.5333767692100652,0.047619047619047616
humaneval,76,linucb,4.801712512969971,0.5048660759106253,0.125
humaneval,77,linucb,4.628306150436401,0.5389875906393002,0.15
humaneval,78,linucb,4.811646938323975,0.5243588314253987,0.2
humaneval,79,linucb,4.952105283737183,0.5090728328719849,0.24390243902439024
humaneval,80,linucb,4.471214532852173,0.5565444306177901,0.0
humaneval,81,linucb,4.809270620346069,0.5063154563832821,0.07692307692307693
humaneval,82,linucb,4.966827869415283,0.48045610329992927,0.3
humaneval,83,linucb,5.456501245498657,0.4345527495250964,0.5128205128205128
humaneval,84,linucb,5.2495436668396,0.46612572282307413,0.2558139534883721
humaneval,85,linucb,4.801000356674194,0.5086621023988105,0.23684210526315788
humaneval,86,linucb,4.5762779712677,0.5238625777515941,0.1891891891891892
humaneval,87,linucb,4.526205539703369,0.5315558418274655,0.07894736842105263
humaneval,88,linucb,4.98370361328125,0.4784154727168628,0.10526315789473684
humaneval,89,linucb,5.184702157974243,0.4709645820236228,0.30303030303030304
humaneval,90,linucb,4.684707164764404,0.5080293811121801,0.13157894736842105
humaneval,91,linucb,5.010602712631226,0.4768000709554928,0.24242424242424243
humaneval,92,linucb,5.730959415435791,0.4252144971171158,0.47368421052631576
humaneval,93,linucb,5.067706346511841,0.46617753211274576,0.28125
humaneval,94,linucb,4.864802360534668,0.497206444081343,0.075
humaneval,95,linucb,5.021291732788086,0.46541042268811517,0.07692307692307693
humaneval,96,linucb,4.796335458755493,0.4917937004334928,0.0
humaneval,97,linucb,4.763273477554321,0.4915239127913609,0.22857142857142856
humaneval,98,linucb,5.021575927734375,0.46208197733778184,0.12195121951219512
humaneval,99,linucb,4.959110736846924,0.4744976663000965,0.075
humaneval,100,linucb,4.959075212478638,0.47461794110337907,0.2
humaneval,101,linucb,5.179730415344238,0.45969241297867325,0.4864864864864865
humaneval,102,linucb,4.64014196395874,0.5077571016504535,0.10526315789473684
humaneval,103,linucb,4.726346254348755,0.5080471473258846,0.022727272727272728
humaneval,104,linucb,5.457555770874023,0.4379042917439471,0.7575757575757576
humaneval,105,linucb,5.698703289031982,0.419651474887514,0.7419354838709677
humaneval,106,linucb,4.684130668640137,0.5201750749796352,0.09375
humaneval,107,linucb,4.993982553482056,0.49962683113054773,0.0
humaneval,108,linucb,5.454417943954468,0.2820739008615763,0.43333333333333335
humaneval,109,linucb,5.026572227478027,0.4743858218850739,0.2903225806451613
humaneval,110,linucb,4.878140687942505,0.49064341590501265,0.13333333333333333
humaneval,111,linucb,4.8894875049591064,0.48198607596831616,0.125
humaneval,112,linucb,4.915434837341309,0.4704318239449833,0.13333333333333333
humaneval,113,linucb,4.81224513053894,0.4975507603317258,0.15151515151515152
humaneval,114,linucb,4.514842748641968,0.5296067308305183,0.0
humaneval,115,linucb,5.218687534332275,0.4701405223374442,0.36363636363636365
humaneval,116,linucb,5.077779293060303,0.30051878719583053,0.2857142857142857
humaneval,117,linucb,4.815402507781982,0.5074851234786181,0.20588235294117646
humaneval,118,linucb,4.923565864562988,0.4918268095599753,0.16129032258064516
humaneval,119,linucb,5.080536127090454,0.47857042599167793,0.125
humaneval,120,linucb,5.085279703140259,0.481205514934942,0.21875
humaneval,121,linucb,5.791140794754028,0.4034222176752757,0.6451612903225806
humaneval,122,linucb,5.138286352157593,0.46978073719574964,0.08108108108108109
humaneval,123,linucb,4.83794641494751,0.5132801802184506,0.06451612903225806
humaneval,124,linucb,5.522810220718384,0.4390432364912541,0.29411764705882354
humaneval,125,linucb,5.503053903579712,0.44093539751630323,0.45161290322580644
humaneval,126,linucb,4.74347186088562,0.5291382807312365,0.0967741935483871
humaneval,127,linucb,4.936590194702148,0.4867370889751352,0.125
humaneval,128,linucb,4.7889931201934814,0.49673783273167693,0.125
humaneval,129,linucb,5.348937749862671,0.4508508575702747,0.1935483870967742
humaneval,130,linucb,4.735812425613403,0.5042599626640646,0.06451612903225806
humaneval,131,linucb,4.610124111175537,0.5044461540705231,0.03125
humaneval,132,linucb,4.883091688156128,0.4879636520782918,0.13333333333333333
humaneval,133,linucb,4.73368763923645,0.48829548931540795,0.06451612903225806
humaneval,134,linucb,5.084263801574707,0.47010351443764364,0.2068965517241379
humaneval,135,linucb,4.660687208175659,0.4945510715769764,0.06060606060606061
humaneval,136,linucb,4.962648391723633,0.466719587202525,0.125
humaneval,137,linucb,5.503429174423218,0.42178710746909365,0.35135135135135137
humaneval,138,linucb,5.00616192817688,0.459646436588591,0.16129032258064516
humaneval,139,linucb,4.860434293746948,0.4820357596894635,0.125
humaneval,140,linucb,5.188746452331543,0.45055552543332356,0.3225806451612903
humaneval,141,linucb,4.901760578155518,0.4926272919239082,0.06451612903225806
humaneval,142,linucb,5.076643228530884,0.32384111480846867,0.16129032258064516
humaneval,143,linucb,5.011271953582764,0.475295399860639,0.06060606060606061
humaneval,144,linucb,5.0911173820495605,0.4650989191846619,0.125
humaneval,145,linucb,4.979752540588379,0.46621541394299004,0.09375
humaneval,146,linucb,4.935644626617432,0.4779183670590777,0.0
humaneval,147,linucb,4.840302228927612,0.49785877526802075,0.0
humaneval,148,linucb,4.93362021446228,0.49379752277848327,0.0
humaneval,149,linucb,4.952006816864014,0.46956517845596457,0.09375
humaneval,150,linucb,4.8001182079315186,0.47904891210543005,0.0
humaneval,151,linucb,5.045806884765625,0.4814379827145112,0.125
humaneval,152,linucb,4.99162220954895,0.1689024478490337,0.06451612903225806
humaneval,153,linucb,5.063417196273804,0.4652279167742397,0.06451612903225806
humaneval,154,linucb,4.732525825500488,0.49877992823249495,0.0
humaneval,155,linucb,5.070577383041382,0.4702077245124178,0.08823529411764706
humaneval,156,linucb,4.699649810791016,0.5068617921484434,0.0
humaneval,157,linucb,4.696458101272583,0.5173934415801752,0.0
humaneval,158,linucb,5.110854148864746,0.4752655707029458,0.125
humaneval,159,linucb,5.640753746032715,0.4236911850508195,0.2647058823529412
humaneval,160,linucb,5.0944907665252686,0.47816136612385257,0.058823529411764705
humaneval,161,linucb,5.001523971557617,0.47852956004391667,0.18181818181818182
humaneval,162,linucb,5.038980484008789,0.4572684496666575,0.14705882352941177
humaneval,163,linucb,5.047784328460693,0.475161182663357,0.3125
humaneval,0,linucb_explore,3.898282527923584,0.9024640223815886,0.24
humaneval,1,linucb_explore,5.170769214630127,0.4519984481582207,0.5789473684210527
humaneval,2,linucb_explore,4.354420185089111,0.23209292806159,0.29545454545454547
humaneval,3,linucb_explore,4.630554676055908,0.4151147201769709,0.2631578947368421
humaneval,4,linucb_explore,5.036574363708496,0.3405001599059007,0.34146341463414637
humaneval,5,linucb_explore,4.737161636352539,0.4460751510788412,0.2222222222222222
humaneval,6,linucb_explore,5.5869505405426025,0.3009716187202958,0.5757575757575758
humaneval,7,linucb_explore,5.5230185985565186,0.09301936666344489,0.4
humaneval,8,linucb_explore,5.204209327697754,0.3736908808469988,0.02564102564102564
humaneval,9,linucb_explore,5.526272773742676,0.4146225777721328,0.20512820512820512
humaneval,10,linucb_explore,4.588454246520996,0.5071972628016751,0.0975609756097561
humaneval,11,linucb_explore,4.883411169052124,0.4801071997471404,0.1794871794871795
humaneval,12,linucb_explore,4.445561408996582,0.5032317861018825,0.09302325581395349
humaneval,13,linucb_explore,4.608639717102051,0.49671371538056114,0.024390243902439025
humaneval,14,linucb_explore,3.8986706733703613,0.5995918594489674,0.022222222222222223
humaneval,15,linucb_explore,5.239308595657349,0.4365856902762394,0.6190476190476191
humaneval,16,linucb_explore,4.001789569854736,0.5773132256822603,0.0
humaneval,17,linucb_explore,3.76090145111084,0.6061959772197472,0.17307692307692307
humaneval,18,linucb_explore,4.349700450897217,0.5257330012564154,0.13207547169811323
humaneval,19,linucb_explore,4.752047538757324,0.4697899790141571,0.3404255319148936
humaneval,20,linucb_explore,4.604402780532837,0.48839413709370705,0.08510638297872339
humaneval,21,linucb_explore,5.209899663925171,0.4490357659010293,0.3
humaneval,22,linucb_explore,4.677163600921631,0.4878211465447643,0.075
humaneval,23,linucb_explore,4.63438081741333,0.48066673725005277,0.24444444444444444
humaneval,24,linucb_explore,4.3699257373809814,0.5224539832046806,0.11904761904761904
humaneval,25,linucb_explore,4.001134634017944,0.5868350417635588,0.0
humaneval,26,linucb_explore,4.598806381225586,0.49161912264904933,0.20930232558139536
humaneval,27,linucb_explore,4.120170831680298,0.5560308169855084,0.0425531914893617
humaneval,28,linucb_explore,4.584981679916382,0.05562600675052273,0.2857142857142857
humaneval,29,linucb_explore,4.4151952266693115,0.49086756819644345,0.0
humaneval,30,linucb_explore,4.72127890586853,0.5528890600010231,0.1111111111111111
humaneval,31,linucb_explore,4.946352481842041,0.6196114661427808,0.23684210526315788
humaneval,32,linucb_explore,4.886187314987183,0.6082732857246371,0.27906976744186046
humaneval,33,linucb_explore,5.051180839538574,0.4030952146747683,0.32432432432432434
humaneval,34,linucb_explore,4.417437553405762,0.5499940738585054,0.0
humaneval,35,linucb_explore,4.4147117137908936,0.542365319674846,0.15
humaneval,36,linucb_explore,5.199962615966797,0.4636402633920679,0.3684210526315789
humaneval,37,linucb_explore,4.620100021362305,0.540722559854153,0.08571428571428572
humaneval,38,linucb_explore,5.264438152313232,0.46673422807132425,0.6097560975609756
humaneval,39,linucb_explore,5.059054136276245,0.478155149124065,0.3076923076923077
humaneval,40,linucb_explore,4.958023309707642,0.49258470251459247,0.23809523809523808
humaneval,41,linucb_explore,5.5504844188690186,0.4467646823710518,0.7297297297297297
humaneval,42,linucb_explore,4.544432163238525,0.5440940614551489,0.0
humaneval,43,linucb_explore,5.02452540397644,0.48072800409331007,0.20512820512820512
humaneval,44,linucb_explore,4.648454427719116,0.5171021167274136,0.044444444444444446
humaneval,45,linucb_explore,5.120956897735596,0.4597292685595365,0.2894736842105263
humaneval,46,linucb_explore,4.739140033721924,0.5093702927053717,0.05555555555555555
humaneval,47,linucb_explore,4.621843099594116,0.5188066904938584,0.05555555555555555
humaneval,48,linucb_explore,4.857961654663086,0.5044990696792386,0.3333333333333333
humaneval,49,linucb_explore,4.978720188140869,0.49890773348064815,0.23529411764705882
humaneval,50,linucb_explore,4.2602033615112305,0.3005316928231822,0.0
humaneval,51,linucb_explore,4.959734678268433,0.29083522351855906,0.2571428571428571
humaneval,52,linucb_explore,4.784830093383789,0.2763466618619174,0.3333333333333333
humaneval,53,linucb_explore,4.528736114501953,0.549115720349298,0.02564102564102564
humaneval,54,linucb_explore,5.15345573425293,0.4738225393658896,0.5428571428571428
humaneval,55,linucb_explore,4.2157814502716064,0.5788548404053802,0.02631578947368421
humaneval,56,linucb_explore,4.72028374671936,0.5122894611432646,0.15384615384615385
humaneval,57,linucb_explore,4.872812509536743,0.49116567196186994,0.2702702702702703
humaneval,58,linucb_explore,4.595414638519287,0.2678045254040999,0.2682926829268293
humaneval,59,linucb_explore,4.3538384437561035,0.5563707271576505,0.08108108108108109
humaneval,60,linucb_explore,5.170502424240112,0.2890909567951431,0.2857142857142857
humaneval,61,linucb_explore,4.7641541957855225,0.5064689464596963,0.0975609756097561
humaneval,62,linucb_explore,4.688668966293335,0.5139523870567962,0.14634146341463414
humaneval,63,linucb_explore,4.357117414474487,0.5562976896127649,0.0
humaneval,64,linucb_explore,4.91355562210083,0.48783877642262735,0.24390243902439024
humaneval,65,linucb_explore,4.940277338027954,0.46575673742008417,0.2894736842105263
humaneval,66,linucb_explore,4.677262306213379,0.5042629522282247,0.0
humaneval,67,linucb_explore,4.836124420166016,0.4925076572003714,0.2647058823529412
humaneval,68,linucb_explore,4.774092197418213,0.5239921166576458,0.0
humaneval,69,linucb_explore,4.796124696731567,0.48845715723062855,0.04878048780487805
humaneval,70,linucb_explore,4.953211307525635,0.4885457106365962,0.3333333333333333
humaneval,71,linucb_explore,4.71027398109436,0.526420227733696,0.05405405405405406
humaneval,72,linucb_explore,4.893904447555542,0.5059566103816023,0.075
humaneval,73,linucb_explore,4.849682569503784,0.4873620787291979,0.10256410256410256
humaneval,74,linucb_explore,4.740578889846802,0.527246733951171,0.1388888888888889
humaneval,75,linucb_explore,4.75998330116272,0.5169406261024081,0.05
humaneval,76,linucb_explore,4.68025279045105,0.5179681232219226,0.13157894736842105
humaneval,77,linucb_explore,5.202164888381958,0.4795310479942653,0.2682926829268293
humaneval,78,linucb_explore,5.260663032531738,0.47960296073115477,0.19047619047619047
humaneval,79,linucb_explore,4.7882139682769775,0.526497412641645,0.1951219512195122
humaneval,80,linucb_explore,4.315993309020996,0.5765601028979944,0.0
humaneval,81,linucb_explore,4.736815452575684,0.5140601472424209,0.125
humaneval,82,linucb_explore,4.887248516082764,0.48827939812102344,0.22857142857142856
humaneval,83,linucb_explore,5.140527725219727,0.4612634627736013,0.41025641025641024
humaneval,84,linucb_explore,4.873926401138306,0.5020484789481874,0.11627906976744186
humaneval,85,linucb_explore,4.813482046127319,0.507343106641088,0.3611111111111111
humaneval,86,linucb_explore,4.8674635887146,0.4925236174533404,0.3023255813953488
humaneval,87,linucb_explore,5.168330192565918,0.46551418084739105,0.18181818181818182
humaneval,88,linucb_explore,4.543898105621338,0.5247214758357037,0.07692307692307693
humaneval,89,linucb_explore,4.7017903327941895,0.5193364467394679,0.20512820512820512
humaneval,90,linucb_explore,4.734318256378174,0.502705722920235,0.23684210526315788
humaneval,91,linucb_explore,4.765389680862427,0.5013348097232604,0.3157894736842105
humaneval,92,linucb_explore,5.36459493637085,0.45425368638954217,0.5135135135135135
humaneval,93,linucb_explore,5.180585861206055,0.4560200142188174,0.5151515151515151
humaneval,94,linucb_explore,5.02011775970459,0.48182357439007595,0.24324324324324326
humaneval,95,linucb_explore,4.531983375549316,0.5156597705996617,0.08108108108108109
humaneval,96,linucb_explore,4.81003212928772,0.4903933072336953,0.10526315789473684
humaneval,97,linucb_explore,5.583257675170898,0.4193363361670655,0.7027027027027027
humaneval,98,linucb_explore,4.678578615188599,0.4959582652958732,0.1388888888888889
humaneval,99,linucb_explore,4.668379783630371,0.5040477811613983,0.1388888888888889
humaneval,100,linucb_explore,4.947394609451294,0.475738495293476,0.18421052631578946
humaneval,101,linucb_explore,5.1376776695251465,0.46345507179875134,0.5405405405405406
humaneval,102,linucb_explore,4.895680665969849,0.48125382262848015,0.09523809523809523
humaneval,103,linucb_explore,4.791555404663086,0.5011330411539097,0.023809523809523808
humaneval,104,linucb_explore,5.171629428863525,0.46211491510962,0.6111111111111112
humaneval,105,linucb_explore,5.433212041854858,0.44015753881237596,0.5882352941176471
humaneval,106,linucb_explore,4.593506336212158,0.5304375009926524,0.1388888888888889
humaneval,107,linucb_explore,4.766205310821533,0.5235040278798658,0.10526315789473684
humaneval,108,linucb_explore,5.125110387802124,0.30019820647032225,0.2972972972972973
humaneval,109,linucb_explore,4.750759840011597,0.501926992249524,0.2
humaneval,110,linucb_explore,5.0516884326934814,0.4737876538282866,0.21621621621621623
humaneval,111,linucb_explore,4.764828681945801,0.4945959347795412,0.1111111111111111
humaneval,112,linucb_explore,5.395073175430298,0.4286090106328826,0.4857142857142857
humaneval,113,linucb_explore,4.777259588241577,0.5011944985144939,0.19444444444444445
humaneval,114,linucb_explore,4.586731433868408,0.521306107147747,0.030303030303030304
humaneval,115,linucb_explore,5.196974515914917,0.472104774767199,0.5
humaneval,116,linucb_explore,5.1824774742126465,0.29444760394842207,0.4722222222222222
humaneval,117,linucb_explore,4.96860933303833,0.4918368445696703,0.21052631578947367
humaneval,118,linucb_explore,4.962194442749023,0.48799814653875145,0.07894736842105263
humaneval,119,linucb_explore,4.721197128295898,0.5149953015169677,0.14285714285714285
humaneval,120,linucb_explore,5.266860246658325,0.46461544896514223,0.17073170731707318
humaneval,121,linucb_explore,5.163527965545654,0.4524570948155102,0.39473684210526316
humaneval,122,linucb_explore,4.99802041053772,0.4829648044954169,0.3055555555555556
humaneval,123,linucb_explore,5.435606241226196,0.45684361551385755,0.5
humaneval,124,linucb_explore,5.01732873916626,0.4832755834599953,0.34210526315789475
humaneval,125,linucb_explore,5.38171648979187,0.45087682807728235,0.4857142857142857
humaneval,126,linucb_explore,4.877549886703491,0.5145929008349673,0.025
humaneval,127,linucb_explore,4.88995885848999,0.4913786823913087,0.10810810810810811
humaneval,128,linucb_explore,5.0994086265563965,0.4664999880776886,0.20512820512820512
humaneval,129,linucb_explore,4.958075284957886,0.4863930120085066,0.3333333333333333
humaneval,130,linucb_explore,4.629906177520752,0.5157945982833309,0.1111111111111111
humaneval,131,linucb_explore,4.610697507858276,0.504383420015454,0.05263157894736842
humaneval,132,linucb_explore,4.708601713180542,0.5060464653266061,0.13513513513513514
humaneval,133,linucb_explore,4.769756555557251,0.48460299705950405,0.02564102564102564
humaneval,134,linucb_explore,5.28105616569519,0.45258565833369263,0.4
humaneval,135,linucb_explore,4.7659478187561035,0.4836284283301202,0.04878048780487805
humaneval,136,linucb_explore,4.552410840988159,0.5087777201395502,0.10810810810810811
humaneval,137,linucb_explore,5.160627126693726,0.44980492014895285,0.42857142857142855
humaneval,138,linucb_explore,5.025200605392456,0.4579050016038643,0.25
humaneval,139,linucb_explore,4.5244269371032715,0.517834229566995,0.08333333333333333
humaneval,140,linucb_explore,4.8374364376068115,0.4832763002312653,0.2647058823529412
humaneval,141,linucb_explore,4.905458927154541,0.49225588780473534,0.07894736842105263
humaneval,142,linucb_explore,4.4122474193573,0.3726050799870553,0.16216216216216217
humaneval,143,linucb_explore,4.745524168014526,0.5019117852233083,0.05128205128205128
humaneval,144,linucb_explore,4.695808410644531,0.5042525130424752,0.22857142857142856
humaneval,145,linucb_explore,5.007118463516235,0.4636673585736783,0.2
humaneval,146,linucb_explore,4.809506177902222,0.49045268538687586,0.1388888888888889
humaneval,147,linucb_explore,4.942827463150024,0.4875320770523586,0.07317073170731707
humaneval,148,linucb_explore,4.522824764251709,0.538647762674128,0.08571428571428572
humaneval,149,linucb_explore,5.0061070919036865,0.46449065551085905,0.1
humaneval,150,linucb_explore,4.966991662979126,0.4629545530800953,0.1891891891891892
humaneval,151,linucb_explore,5.308224439620972,0.45763759905035445,0.3333333333333333
humaneval,152,linucb_explore,5.247993469238281,0.16065134510405385,0.34210526315789475
humaneval,153,linucb_explore,4.60239577293396,0.5118297404657217,0.030303030303030304
humaneval,154,linucb_explore,5.948128700256348,0.3968456317194065,0.9166666666666666
humaneval,155,linucb_explore,5.628087282180786,0.42362965137245934,0.6
humaneval,156,linucb_explore,4.78015398979187,0.4983255624514606,0.0
humaneval,157,linucb_explore,4.712332010269165,0.5156505558095685,0.0
humaneval,158,linucb_explore,5.281320810317993,0.4599252916229243,0.5454545454545454
humaneval,159,linucb_explore,5.887332439422607,0.40594575961653023,1.0303030303030303
humaneval,160,linucb_explore,4.780719995498657,0.5095443085812825,0.24242424242424243
humaneval,161,linucb_explore,4.741831064224243,0.5047368902945348,0.15151515151515152
humaneval,162,linucb_explore,4.76258111000061,0.4838063101927826,0.1111111111111111
humaneval,163,linucb_explore,4.833960294723511,0.4961793281502596,0.16216216216216217
humaneval,0,linucb_fine,3.577622890472412,0.9833511910656515,0.02040816326530612
humaneval,1,linucb_fine,4.48592209815979,0.521003176081875,0.56
humaneval,2,linucb_fine,4.13210391998291,0.2445800372736033,0.2608695652173913
humaneval,3,linucb_fine,3.7751882076263428,0.509169689800368,0.10204081632653061
humaneval,4,linucb_fine,5.285244941711426,0.3244796400420716,0.7560975609756098
humaneval,5,linucb_fine,4.319743633270264,0.4891795143456473,0.02631578947368421
humaneval,6,linucb_fine,5.4569785594940186,0.3081400319911193,0.4666666666666667
humaneval,7,linucb_fine,4.356024742126465,0.11793957163277267,0.05128205128205128
humaneval,8,linucb_fine,4.289157867431641,0.45341431299288404,0.05
humaneval,9,linucb_fine,3.585880994796753,0.6389831302951575,0.03333333333333334
humaneval,10,linucb_fine,4.714154005050659,0.4936731875608639,0.7115384615384616
humaneval,11,linucb_fine,4.07524561882019,0.5753176816533305,0.21311475409836064
humaneval,12,linucb_fine,3.031465768814087,0.7379756126852542,0.0
humaneval,13,linucb_fine,3.109700918197632,0.7361397822331328,0.017543859649122806
humaneval,14,linucb_fine,3.484055280685425,0.6709454960098711,0.08196721311475409
humaneval,15,linucb_fine,4.102945566177368,0.5575036575336361,0.49019607843137253
humaneval,16,linucb_fine,3.3913204669952393,0.6812349548084469,0.08196721311475409
humaneval,17,linucb_fine,3.5598273277282715,0.6404364932605309,0.08620689655172414
humaneval,18,linucb_fine,3.327216863632202,0.6872954683573529,0.03636363636363636
humaneval,19,linucb_fine,4.228518962860107,0.5279541922633532,0.37037037037037035
humaneval,20,linucb_fine,4.137133598327637,0.5435558870371562,0.2542372881355932
humaneval,21,linucb_fine,4.030641317367554,0.5804116768658683,0.25925925925925924
humaneval,22,linucb_fine,3.8180618286132812,0.5975857418756657,0.19230769230769232
humaneval,23,linucb_fine,4.140752077102661,0.537968143274826,0.18867924528301888
humaneval,24,linucb_fine,3.7303714752197266,0.6120262078373485,0.04
humaneval,25,linucb_fine,3.803004264831543,0.6174081979788547,0.0
humaneval,26,linucb_fine,3.885244846343994,0.5819095701261754,0.0
humaneval,27,linucb_fine,3.8485848903656006,0.5952686556022484,0.11538461538461539
humaneval,28,linucb_fine,4.047487020492554,0.06301298079197161,0.09433962264150944
humaneval,29,linucb_fine,3.950263261795044,0.5486409386909761,0.0
humaneval,30,linucb_fine,3.9921631813049316,0.6538669231990308,0.037037037037037035
humaneval,31,linucb_fine,4.774691820144653,0.6418878597363125,0.11538461538461539
humaneval,32,linucb_fine,4.206878185272217,0.7064947169514908,0.1568627450980392
humaneval,33,linucb_fine,4.362355709075928,0.4667447958539318,0.36
humaneval,34,linucb_fine,3.7903335094451904,0.6409896305849907,0.0
humaneval,35,linucb_fine,3.8559699058532715,0.6209557098170977,0.0196078431372549
humaneval,36,linucb_fine,4.896044492721558,0.49242036923475785,0.4318181818181818
humaneval,37,linucb_fine,4.881776571273804,0.5117383546460419,0.3
humaneval,38,linucb_fine,5.166083097457886,0.4756202002360794,0.35294117647058826
humaneval,39,linucb_fine,4.831511735916138,0.5006740989524264,0.2631578947368421
humaneval,40,linucb_fine,4.159563064575195,0.5871401392785888,0.045454545454545456
humaneval,41,linucb_fine,6.008455514907837,0.41271178628997907,0.8
humaneval,42,linucb_fine,3.9883503913879395,0.6199551970265574,0.0
humaneval,43,linucb_fine,4.6392295360565186,0.5206532787819146,0.28888888888888886
humaneval,44,linucb_fine,4.2626097202301025,0.5639093845905075,0.09523809523809523
humaneval,45,linucb_fine,4.054021596908569,0.5807205789717933,0.125
humaneval,46,linucb_fine,3.8680598735809326,0.6240795709074417,0.10638297872340426
humaneval,47,linucb_fine,3.7491815090179443,0.6395644267194702,0.0851063829787234
humaneval,48,linucb_fine,4.461953163146973,0.5492745095482781,0.26086956521739124
humaneval,49,linucb_fine,4.180197238922119,0.5942116753658726,0.18181818181818182
humaneval,50,linucb_fine,4.241469860076904,0.3018590654285039,0.075
humaneval,51,linucb_fine,4.203727722167969,0.34313962251652025,0.125
humaneval,52,linucb_fine,4.114868402481079,0.32134000277767977,0.11627906976744186
humaneval,53,linucb_fine,4.075985431671143,0.6101101771521887,0.2222222222222222
humaneval,54,linucb_fine,5.3443639278411865,0.4568969320732212,0.40476190476190477
humaneval,55,linucb_fine,4.297888994216919,0.5677963069461647,0.020408163265306124
humaneval,56,linucb_fine,4.733103275299072,0.5109019339742538,0.10869565217391304
humaneval,57,linucb_fine,4.380018711090088,0.5464264854693206,0.22916666666666666
humaneval,58,linucb_fine,4.456201076507568,0.27617084937922476,0.16279069767441862
humaneval,59,linucb_fine,3.9615092277526855,0.6114710635809081,0.04081632653061224
humaneval,60,linucb_fine,5.100106239318848,0.29308124631043253,0.5609756097560976
humaneval,61,linucb_fine,4.01137375831604,0.6015136712974759,0.11538461538461539
humaneval,62,linucb_fine,5.267596244812012,0.4574672194587646,0.2
humaneval,63,linucb_fine,3.5411200523376465,0.684488047628775,0.0
humaneval,64,linucb_fine,4.475181579589844,0.5356258556082725,0.3404255319148936
humaneval,65,linucb_fine,4.496395587921143,0.5117359916221483,0.07317073170731707
humaneval,66,linucb_fine,4.338814735412598,0.5435977894208627,0.045454545454545456
humaneval,67,linucb_fine,4.735375642776489,0.5029861383307139,0.23809523809523808
humaneval,68,linucb_fine,4.587829351425171,0.5452658510209897,0.0
humaneval,69,linucb_fine,4.8601884841918945,0.4820186383118501,0.04
humaneval,70,linucb_fine,4.682653903961182,0.5167732204426431,0.2222222222222222
humaneval,71,linucb_fine,3.9758682250976562,0.6236583713120653,0.022222222222222223
humaneval,72,linucb_fine,4.499777317047119,0.5502724093559233,0.09302325581395349
humaneval,73,linucb_fine,3.5259206295013428,0.6703359566503884,0.03773584905660377
humaneval,74,linucb_fine,3.880765438079834,0.6440623059007403,0.06382978723404255
humaneval,75,linucb_fine,3.8094701766967773,0.6459241400529075,0.02040816326530612
humaneval,76,linucb_fine,4.4398674964904785,0.5460121852713709,0.23809523809523808
humaneval,77,linucb_fine,4.815337896347046,0.5180528624288638,0.35714285714285715
humaneval,78,linucb_fine,4.7680675983428955,0.5291513834006917,0.1951219512195122
humaneval,79,linucb_fine,4.475592851638794,0.5632733693703446,0.13636363636363635
humaneval,80,linucb_fine,3.5054843425750732,0.709867539881305,0.0
humaneval,81,linucb_fine,4.694770812988281,0.5186638807318726,0.061224489795918366
humaneval,82,linucb_fine,4.431513786315918,0.538493814747807,0.10638297872340426
humaneval,83,linucb_fine,5.415027379989624,0.43788100274076514,0.30952380952380953
humaneval,84,linucb_fine,5.169008255004883,0.4733881656752332,0.35
humaneval,85,linucb_fine,4.684247255325317,0.5213403140210057,0.25
humaneval,86,linucb_fine,4.515941858291626,0.5308617448505069,0.27906976744186046
humaneval,87,linucb_fine,4.102320194244385,0.5864805480851345,0.09090909090909091
humaneval,88,linucb_fine,4.597248077392578,0.51863220776656,0.09302325581395349
humaneval,89,linucb_fine,4.816456079483032,0.5069725633228245,0.20512820512820512
humaneval,90,linucb_fine,4.376785755157471,0.5437709348241626,0.13043478260869565
humaneval,91,linucb_fine,4.584101438522339,0.5211611830480026,0.12195121951219512
humaneval,92,linucb_fine,4.801289319992065,0.507548465302057,0.225
humaneval,93,linucb_fine,4.314728736877441,0.5475317180191237,0.18604651162790697
humaneval,94,linucb_fine,4.447697639465332,0.5438344237650868,0.13636363636363635
humaneval,95,linucb_fine,5.022980690002441,0.4652539302905633,0.425
humaneval,96,linucb_fine,4.030592918395996,0.5852259485238324,0.041666666666666664
humaneval,97,linucb_fine,5.028735160827637,0.465576878182124,0.43243243243243246
humaneval,98,linucb_fine,4.061148405075073,0.5713604878707732,0.06382978723404255
humaneval,99,linucb_fine,4.527968406677246,0.5196782000703888,0.21739130434782605
humaneval,100,linucb_fine,4.137409210205078,0.5688743722322669,0.125
humaneval,101,linucb_fine,5.724423885345459,0.41595151248393686,0.6774193548387096
humaneval,102,linucb_fine,4.274946689605713,0.5511331967238258,0.17391304347826086
humaneval,103,linucb_fine,4.289274215698242,0.5598165589432657,0.09803921568627451
humaneval,104,linucb_fine,5.470189094543457,0.43689295802984324,0.6216216216216216
humaneval,105,linucb_fine,5.519692897796631,0.433261285449999,0.717948717948718
humaneval,106,linucb_fine,4.36388373374939,0.558348519446192,0.18604651162790697
humaneval,107,linucb_fine,4.4373438358306885,0.5623020821081769,0.04
humaneval,108,linucb_fine,4.8833582401275635,0.31505961076908934,0.3684210526315789
humaneval,109,linucb_fine,4.439256191253662,0.537147327089372,0.17073170731707318
humaneval,110,linucb_fine,4.739643573760986,0.5049805060548285,0.24324324324324326
humaneval,111,linucb_fine,4.514113187789917,0.5220659735307084,0.17391304347826086
humaneval,112,linucb_fine,4.735793828964233,0.4882765296644944,0.2682926829268293
humaneval,113,linucb_fine,4.5766823291778564,0.5231598025359141,0.125
humaneval,114,linucb_fine,4.374091863632202,0.5466485805208046,0.21428571428571427
humaneval,115,linucb_fine,5.160985708236694,0.4753968761027929,0.4857142857142857
humaneval,116,linucb_fine,5.184566020965576,0.29432898889276504,0.5588235294117647
humaneval,117,linucb_fine,4.41028356552124,0.5541015900577736,0.11363636363636363
humaneval,118,linucb_fine,4.2779624462127686,0.5660502450109582,0.06976744186046512
humaneval,119,linucb_fine,4.3645899295806885,0.5570728013024067,0.13636363636363635
humaneval,120,linucb_fine,4.480915069580078,0.5461082390850002,0.07999999999999999
humaneval,121,linucb_fine,5.0011351108551025,0.46714891929603725,0.34285714285714286
humaneval,122,linucb_fine,4.264660120010376,0.5660164895939187,0.0975609756097561
humaneval,123,linucb_fine,4.133119821548462,0.6008105535205928,0.06666666666666667
humaneval,124,linucb_fine,4.303635835647583,0.5634195286103514,0.13636363636363635
humaneval,125,linucb_fine,5.047541856765747,0.480727318244243,0.35294117647058826
humaneval,126,linucb_fine,4.348901748657227,0.5771462981294054,0.06521739130434782
humaneval,127,linucb_fine,4.252938270568848,0.5649791715672215,0.043478260869565216
humaneval,128,linucb_fine,4.505414724349976,0.5280033490890311,0.2727272727272727
humaneval,129,linucb_fine,4.753260612487793,0.5073513464167948,0.2894736842105263
humaneval,130,linucb_fine,4.4510273933410645,0.5365234553479727,0.18181818181818182
humaneval,131,linucb_fine,4.473430633544922,0.5198603863959825,0.18181818181818182
humaneval,132,linucb_fine,4.402553558349609,0.541224819188582,0.16279069767441862
humaneval,133,linucb_fine,4.50374436378479,0.513225915008375,0.175
humaneval,134,linucb_fine,5.366685152053833,0.44536435690356463,0.5675675675675675
humaneval,135,linucb_fine,4.237328290939331,0.5439625383799135,0.06976744186046512
humaneval,136,linucb_fine,4.386439323425293,0.5280285530104805,0.09523809523809523
humaneval,137,linucb_fine,5.289648532867432,0.4388335932373688,0.3055555555555556
humaneval,138,linucb_fine,5.108209133148193,0.45046403373344757,0.2222222222222222
humaneval,139,linucb_fine,4.170733690261841,0.561748438332907,0.06666666666666667
humaneval,140,linucb_fine,4.567657232284546,0.5118200130357101,0.2558139534883721
humaneval,141,linucb_fine,4.742406845092773,0.5091804896019807,0.13333333333333333
humaneval,142,linucb_fine,4.829929828643799,0.34038295812548747,0.1891891891891892
humaneval,143,linucb_fine,4.14466667175293,0.5746745626666188,0.045454545454545456
humaneval,144,linucb_fine,4.128955364227295,0.5734799684076088,0.045454545454545456
humaneval,145,linucb_fine,4.2812230587005615,0.5422836792691507,0.06818181818181818
humaneval,146,linucb_fine,4.424576044082642,0.5331211842299746,0.04347826086956521
humaneval,147,linucb_fine,4.076107978820801,0.5911980134339111,0.0
humaneval,148,linucb_fine,4.368379354476929,0.5576918217358061,0.0
humaneval,149,linucb_fine,4.637395858764648,0.5014214950576454,0.1951219512195122
humaneval,150,linucb_fine,4.569677114486694,0.5032065390784967,0.0
humaneval,151,linucb_fine,4.654009103775024,0.5219678418329937,0.11627906976744186
humaneval,152,linucb_fine,4.541962385177612,0.18562399650904438,0.045454545454545456
humaneval,153,linucb_fine,4.518842697143555,0.5212934354785949,0.09523809523809523
humaneval,154,linucb_fine,5.536633014678955,0.42634013945719984,0.36363636363636365
humaneval,155,linucb_fine,4.814359903335571,0.4952319105998156,0.30434782608695654
humaneval,156,linucb_fine,4.243072748184204,0.5614028009741336,0.0
humaneval,157,linucb_fine,4.416358709335327,0.5502081647304019,0.12195121951219512
humaneval,158,linucb_fine,4.529676198959351,0.5362442936644708,0.27906976744186046
humaneval,159,linucb_fine,5.690782308578491,0.4199664491881497,0.6363636363636364
humaneval,160,linucb_fine,4.819385766983032,0.5054562515654397,0.18181818181818182
humaneval,161,linucb_fine,4.234645366668701,0.565189492489045,0.023255813953488372
humaneval,162,linucb_fine,4.97280216217041,0.46335380308344587,0.32432432432432434
humaneval,163,linucb_fine,4.4213011264801025,0.5424898921667548,0.09523809523809523
gsm8k,0,baseline,2.6817450523376465,1.0,0.0
gsm8k,1,baseline,2.834803342819214,1.0,0.0
gsm8k,2,baseline,2.385549306869507,1.0,0.0
gsm8k,3,baseline,2.4307353496551514,1.0,0.0
gsm8k,4,baseline,2.428865432739258,1.0,0.0
gsm8k,5,baseline,2.407052993774414,1.0,0.0
gsm8k,6,baseline,2.4332454204559326,1.0,0.0
gsm8k,7,baseline,2.6915860176086426,1.0,0.0
gsm8k,8,baseline,2.4221878051757812,1.0,0.0
gsm8k,9,baseline,2.474609136581421,1.0,0.0
gsm8k,10,baseline,2.3919007778167725,1.0,0.0
gsm8k,11,baseline,2.3619208335876465,1.0,0.0
gsm8k,12,baseline,2.477379322052002,1.0,0.0
gsm8k,13,baseline,2.4290289878845215,1.0,0.0
gsm8k,14,baseline,2.3482401371002197,1.0,0.0
gsm8k,15,baseline,2.4162697792053223,1.0,0.0
gsm8k,16,baseline,2.397735118865967,1.0,0.0
gsm8k,17,baseline,2.4163284301757812,1.0,0.0
gsm8k,18,baseline,2.3997292518615723,1.0,0.0
gsm8k,19,baseline,2.3837194442749023,1.0,0.0
gsm8k,20,baseline,2.4261527061462402,1.0,0.0
gsm8k,21,baseline,2.430046319961548,1.0,0.0
gsm8k,22,baseline,2.4617538452148438,1.0,0.0
gsm8k,23,baseline,2.4074246883392334,1.0,0.0
gsm8k,24,baseline,2.3075616359710693,1.0,0.0
gsm8k,25,baseline,2.330726385116577,1.0,0.0
gsm8k,26,baseline,2.6258552074432373,1.0,0.0
gsm8k,27,baseline,3.4134254455566406,1.0,0.0
gsm8k,28,baseline,3.5116448402404785,1.0,0.0
gsm8k,29,baseline,3.0357463359832764,1.0,0.0
gsm8k,30,baseline,3.4274332523345947,1.0,0.0
gsm8k,31,baseline,2.8843982219696045,1.0,0.0
gsm8k,32,baseline,2.7310256958007812,1.0,0.0
gsm8k,33,baseline,2.393120288848877,1.0,0.0
gsm8k,34,baseline,2.3339924812316895,1.0,0.0
gsm8k,35,baseline,2.327422618865967,1.0,0.0
gsm8k,36,baseline,2.3521034717559814,1.0,0.0
gsm8k,37,baseline,2.436441659927368,1.0,0.0
gsm8k,38,baseline,2.370669364929199,1.0,0.0
gsm8k,39,baseline,2.417367696762085,1.0,0.0
gsm8k,40,baseline,2.4153318405151367,1.0,0.0
gsm8k,41,baseline,2.43298077583313,1.0,0.0
gsm8k,42,baseline,2.405968427658081,1.0,0.0
gsm8k,43,baseline,2.3802690505981445,1.0,0.0
gsm8k,44,baseline,2.464488983154297,1.0,0.0
gsm8k,45,baseline,2.4380571842193604,1.0,0.0
gsm8k,46,baseline,2.4241864681243896,1.0,0.0
gsm8k,47,baseline,2.3363873958587646,1.0,0.0
gsm8k,48,baseline,2.3917407989501953,1.0,0.0
gsm8k,49,baseline,2.383256673812866,1.0,0.0
gsm8k,50,baseline,2.310866117477417,1.0,0.0
gsm8k,51,baseline,2.4121415615081787,1.0,0.0
gsm8k,52,baseline,2.4667086601257324,1.0,0.0
gsm8k,53,baseline,2.3789234161376953,1.0,0.0
gsm8k,54,baseline,2.411278009414673,1.0,0.0
gsm8k,55,baseline,2.371480703353882,1.0,0.0
gsm8k,56,baseline,2.4174647331237793,1.0,0.0
gsm8k,57,baseline,2.436516761779785,1.0,0.0
gsm8k,58,baseline,2.409757137298584,1.0,0.0
gsm8k,59,baseline,2.414757490158081,1.0,0.0
gsm8k,60,baseline,2.3534584045410156,1.0,0.0
gsm8k,61,baseline,2.3744354248046875,1.0,0.0
gsm8k,62,baseline,2.336754560470581,1.0,0.0
gsm8k,63,baseline,2.385528087615967,1.0,0.0
gsm8k,64,baseline,2.3970866203308105,1.0,0.0
gsm8k,65,baseline,2.3924334049224854,1.0,0.0
gsm8k,66,baseline,2.3679959774017334,1.0,0.0
gsm8k,67,baseline,2.413379192352295,1.0,0.0
gsm8k,68,baseline,2.4346506595611572,1.0,0.0
gsm8k,69,baseline,2.3507204055786133,1.0,0.0
gsm8k,70,baseline,2.349402666091919,1.0,0.0
gsm8k,71,baseline,2.37243390083313,1.0,0.0
gsm8k,72,baseline,2.37011456489563,1.0,0.0
gsm8k,73,baseline,2.361409902572632,1.0,0.0
gsm8k,74,baseline,2.398576498031616,1.0,0.0
gsm8k,75,baseline,2.3919060230255127,1.0,0.0
gsm8k,76,baseline,2.4643685817718506,1.0,0.0
gsm8k,77,baseline,2.329180955886841,1.0,0.0
gsm8k,78,baseline,2.35973858833313,1.0,0.0
gsm8k,79,baseline,2.4012720584869385,1.0,0.0
gsm8k,80,baseline,2.4448890686035156,1.0,0.0
gsm8k,81,baseline,2.3644518852233887,1.0,0.0
gsm8k,82,baseline,2.3910858631134033,1.0,0.0
gsm8k,83,baseline,2.370321273803711,1.0,0.0
gsm8k,84,baseline,2.3409135341644287,1.0,0.0
gsm8k,85,baseline,2.4236905574798584,1.0,0.0
gsm8k,86,baseline,2.396984815597534,1.0,0.0
gsm8k,87,baseline,2.4209842681884766,1.0,0.0
gsm8k,88,baseline,2.4052908420562744,1.0,0.0
gsm8k,89,baseline,2.4002938270568848,1.0,0.0
gsm8k,90,baseline,2.4233198165893555,1.0,0.0
gsm8k,91,baseline,2.4229934215545654,1.0,0.0
gsm8k,92,baseline,2.4769656658172607,1.0,0.0
gsm8k,93,baseline,2.5249876976013184,1.0,0.0
gsm8k,94,baseline,2.456427812576294,1.0,0.0
gsm8k,95,baseline,2.377182722091675,1.0,0.0
gsm8k,96,baseline,2.425881862640381,1.0,0.0
gsm8k,97,baseline,2.4330527782440186,1.0,0.0
gsm8k,98,baseline,2.43892502784729,1.0,0.0
gsm8k,99,baseline,2.5043747425079346,1.0,0.0
gsm8k,100,baseline,2.4324772357940674,1.0,0.0
gsm8k,101,baseline,2.4369239807128906,1.0,0.0
gsm8k,102,baseline,2.3438122272491455,1.0,0.0
gsm8k,103,baseline,2.398042917251587,1.0,0.0
gsm8k,104,baseline,2.3924453258514404,1.0,0.0
gsm8k,105,baseline,2.407810688018799,1.0,0.0
gsm8k,106,baseline,2.391620635986328,1.0,0.0
gsm8k,107,baseline,2.437641143798828,1.0,0.0
gsm8k,108,baseline,2.4109034538269043,1.0,0.0
gsm8k,109,baseline,2.4491333961486816,1.0,0.0
gsm8k,110,baseline,2.4293644428253174,1.0,0.0
gsm8k,111,baseline,2.3724286556243896,1.0,0.0
gsm8k,112,baseline,2.5040454864501953,1.0,0.0
gsm8k,113,baseline,2.3501975536346436,1.0,0.0
gsm8k,114,baseline,2.4317657947540283,1.0,0.0
gsm8k,115,baseline,2.508240222930908,1.0,0.0
gsm8k,116,baseline,2.404296636581421,1.0,0.0
gsm8k,117,baseline,2.3943746089935303,1.0,0.0
gsm8k,118,baseline,2.401301145553589,1.0,0.0
gsm8k,119,baseline,2.4019899368286133,1.0,0.0
gsm8k,120,baseline,2.395075559616089,1.0,0.0
gsm8k,121,baseline,2.584989070892334,1.0,0.0
gsm8k,122,baseline,2.3246171474456787,1.0,0.0
gsm8k,123,baseline,2.4204611778259277,1.0,0.0
gsm8k,124,baseline,2.393393039703369,1.0,0.0
gsm8k,125,baseline,2.421252727508545,1.0,0.0
gsm8k,126,baseline,2.383498191833496,1.0,0.0
gsm8k,127,baseline,2.4232637882232666,1.0,0.0
gsm8k,128,baseline,2.388908863067627,1.0,0.0
gsm8k,129,baseline,2.3819704055786133,1.0,0.0
gsm8k,130,baseline,2.4248061180114746,1.0,0.0
gsm8k,131,baseline,2.3978111743927,1.0,0.0
gsm8k,132,baseline,2.3869216442108154,1.0,0.0
gsm8k,133,baseline,2.3422064781188965,1.0,0.0
gsm8k,134,baseline,2.373735189437866,1.0,0.0
gsm8k,135,baseline,2.3288309574127197,1.0,0.0
gsm8k,136,baseline,2.3423194885253906,1.0,0.0
gsm8k,137,baseline,2.293522357940674,1.0,0.0
gsm8k,138,baseline,2.3559486865997314,1.0,0.0
gsm8k,139,baseline,2.3428523540496826,1.0,0.0
gsm8k,140,baseline,2.484687328338623,1.0,0.0
gsm8k,141,baseline,2.3190038204193115,1.0,0.0
gsm8k,142,baseline,2.373093366622925,1.0,0.0
gsm8k,143,baseline,2.5076656341552734,1.0,0.0
gsm8k,144,baseline,3.3733339309692383,1.0,0.0
gsm8k,145,baseline,2.546315908432007,1.0,0.0
gsm8k,146,baseline,2.3524489402770996,1.0,0.0
gsm8k,147,baseline,2.4686386585235596,1.0,0.0
gsm8k,148,baseline,2.3520281314849854,1.0,0.0
gsm8k,149,baseline,2.265240430831909,1.0,0.0
gsm8k,0,fixed_1,4.923447608947754,0.544688451130039,0.13333333333333333
gsm8k,1,fixed_1,4.781865119934082,0.592823777275067,0.06451612903225806
gsm8k,2,fixed_1,4.9787023067474365,0.4791508228231415,0.13333333333333333
gsm8k,3,fixed_1,5.029778718948364,0.483268844511588,0.0967741935483871
gsm8k,4,fixed_1,4.960985422134399,0.48959334206111615,0.06451612903225806
gsm8k,5,fixed_1,5.201048851013184,0.4628014584607317,0.16666666666666666
gsm8k,6,fixed_1,4.920292377471924,0.49453268907286946,0.0967741935483871
gsm8k,7,fixed_1,4.958221912384033,0.5428530761977256,0.0967741935483871
gsm8k,8,fixed_1,5.258854866027832,0.460592251903185,0.2413793103448276
gsm8k,9,fixed_1,5.410507678985596,0.45737096838302244,0.37037037037037035
gsm8k,10,fixed_1,4.555332899093628,0.5250770538181058,0.0
gsm8k,11,fixed_1,4.606374025344849,0.5127505540349223,0.0
gsm8k,12,fixed_1,4.85736346244812,0.5100255192357787,0.0967741935483871
gsm8k,13,fixed_1,4.7983925342559814,0.5062172322384118,0.0967741935483871
gsm8k,14,fixed_1,4.683119773864746,0.5014264529822892,0.03125
gsm8k,15,fixed_1,5.09516167640686,0.4742282841374507,0.16666666666666666
gsm8k,16,fixed_1,5.033855199813843,0.4763218296296321,0.16666666666666666
gsm8k,17,fixed_1,4.810741424560547,0.502277760729264,0.06451612903225806
gsm8k,18,fixed_1,4.668745040893555,0.5139987792955784,0.0
gsm8k,19,fixed_1,4.755319595336914,0.5012742879810618,0.06451612903225806
gsm8k,20,fixed_1,4.739142894744873,0.5119391333054223,0.06451612903225806
gsm8k,21,fixed_1,4.773378610610962,0.5090830873041763,0.06451612903225806
gsm8k,22,fixed_1,5.127396821975708,0.4801176758279987,0.16666666666666666
gsm8k,23,fixed_1,4.991182327270508,0.48233555307841547,0.0967741935483871
gsm8k,24,fixed_1,4.800755977630615,0.48066630479101186,0.06451612903225806
gsm8k,25,fixed_1,4.941519260406494,0.47166190442508754,0.13333333333333333
gsm8k,26,fixed_1,4.710263013839722,0.5574752831695247,0.03125
gsm8k,27,fixed_1,4.750714540481567,0.7185077984522789,0.06451612903225806
gsm8k,28,fixed_1,4.690801382064819,0.7486236474789103,0.03125
gsm8k,29,fixed_1,4.8118603229522705,0.6308882910634288,0.06451612903225806
gsm8k,30,fixed_1,4.895572662353516,0.7001087490113727,0.0967741935483871
gsm8k,31,fixed_1,4.964734792709351,0.5809773013868347,0.16666666666666666
gsm8k,32,fixed_1,4.958709239959717,0.5507533439938026,0.16666666666666666
gsm8k,33,fixed_1,4.6995415687561035,0.5092241985386458,0.03125
gsm8k,34,fixed_1,4.795680046081543,0.4866864467196366,0.03125
gsm8k,35,fixed_1,4.793403148651123,0.48554702091371343,0.06451612903225806
gsm8k,36,fixed_1,4.601925611495972,0.5111128841109995,0.0
gsm8k,37,fixed_1,4.840894460678101,0.5033040236093222,0.13333333333333333
gsm8k,38,fixed_1,4.943585395812988,0.47954453602380526,0.13333333333333333
gsm8k,39,fixed_1,4.918228387832642,0.49151188316965644,0.13333333333333333
gsm8k,40,fixed_1,4.566646575927734,0.5289071094853561,0.0
gsm8k,41,fixed_1,5.104460000991821,0.4766382291878847,0.2068965517241379
gsm8k,42,fixed_1,5.084320306777954,0.47321338595655793,0.13333333333333333
gsm8k,43,fixed_1,4.805806875228882,0.4952902004587485,0.13333333333333333
gsm8k,44,fixed_1,4.829469919204712,0.5103021707111356,0.03125
gsm8k,45,fixed_1,4.789458513259888,0.5090465190312142,0.06451612903225806
gsm8k,46,fixed_1,5.113713264465332,0.47405600250796465,0.16666666666666666
gsm8k,47,fixed_1,4.888508319854736,0.4779346260636396,0.0967741935483871
gsm8k,48,fixed_1,4.765897035598755,0.5018448323757614,0.06451612903225806
gsm8k,49,fixed_1,4.746939659118652,0.5020617165913916,0.06451612903225806
gsm8k,50,fixed_1,5.139596700668335,0.44962012625950204,0.03125
gsm8k,51,fixed_1,5.087984561920166,0.4740858648749231,0.16666666666666666
gsm8k,52,fixed_1,4.823467493057251,0.5113973844907707,0.06451612903225806
gsm8k,53,fixed_1,4.85551118850708,0.48994293778347586,0.06451612903225806
gsm8k,54,fixed_1,4.902693271636963,0.4918272214507864,0.06451612903225806
gsm8k,55,fixed_1,4.773500919342041,0.49680114101261275,0.03125
gsm8k,56,fixed_1,5.0121681690216064,0.482319158416362,0.13333333333333333
gsm8k,57,fixed_1,4.830519437789917,0.5044005708202992,0.03125
gsm8k,58,fixed_1,5.036056995391846,0.478500767466212,0.0967741935483871
gsm8k,59,fixed_1,4.762058734893799,0.5070826767557569,0.06451612903225806
gsm8k,60,fixed_1,5.104502439498901,0.4610553981382855,0.16666666666666666
gsm8k,61,fixed_1,5.011144161224365,0.4738309951603039,0.13333333333333333
gsm8k,62,fixed_1,4.990875244140625,0.4682053640218661,0.0967741935483871
gsm8k,63,fixed_1,5.015047311782837,0.47567409424257606,0.03125
gsm8k,64,fixed_1,5.5510945320129395,0.43182233819058713,0.2857142857142857
gsm8k,65,fixed_1,5.042203903198242,0.4744816851625096,0.06451612903225806
gsm8k,66,fixed_1,6.147498846054077,0.3851966526063994,0.06451612903225806
gsm8k,67,fixed_1,4.976500749588013,0.48495505452341997,0.06451612903225806
gsm8k,68,fixed_1,5.065453767776489,0.4806382154840713,0.06451612903225806
gsm8k,69,fixed_1,5.3102476596832275,0.4426762283472935,0.0967741935483871
gsm8k,70,fixed_1,5.187101364135742,0.4529317052363731,0.06451612903225806
gsm8k,71,fixed_1,4.715925455093384,0.5030685754947226,0.0
gsm8k,72,fixed_1,5.795956134796143,0.408925552535948,0.0967741935483871
gsm8k,73,fixed_1,5.165385484695435,0.4571604403135591,0.03125
gsm8k,74,fixed_1,6.057861089706421,0.3959444534156291,0.0967741935483871
gsm8k,75,fixed_1,5.649347543716431,0.4233950920024287,0.06451612903225806
gsm8k,76,fixed_1,5.172817707061768,0.4764073898076038,0.13333333333333333
gsm8k,77,fixed_1,4.767709255218506,0.48853250716524527,0.03125
gsm8k,78,fixed_1,4.780056476593018,0.4936633280147,0.06451612903225806
gsm8k,79,fixed_1,4.733094692230225,0.5073365767282936,0.03125
gsm8k,80,fixed_1,4.654149293899536,0.5253138466804608,0.0
gsm8k,81,fixed_1,4.926583290100098,0.4799374629420602,0.13333333333333333
gsm8k,82,fixed_1,4.494521379470825,0.5320001088513955,0.0
gsm8k,83,fixed_1,4.687450408935547,0.505673888151486,0.03125
gsm8k,84,fixed_1,4.8112404346466064,0.48655093545254774,0.0967741935483871
gsm8k,85,fixed_1,4.819401502609253,0.5029028098546381,0.0967741935483871
gsm8k,86,fixed_1,4.7639453411102295,0.5031512001014942,0.06451612903225806
gsm8k,87,fixed_1,4.924506664276123,0.4916196551729814,0.13333333333333333
gsm8k,88,fixed_1,4.689516067504883,0.5129081140638975,0.0
gsm8k,89,fixed_1,4.785364866256714,0.5015905566537253,0.0967741935483871
gsm8k,90,fixed_1,4.712528228759766,0.5142292414929724,0.06451612903225806
gsm8k,91,fixed_1,4.648576736450195,0.5212333922672517,0.06451612903225806
gsm8k,92,fixed_1,5.121231555938721,0.4836660164184342,0.2413793103448276
gsm8k,93,fixed_1,4.712816476821899,0.5357704273059346,0.03125
gsm8k,94,fixed_1,4.807432174682617,0.5109646321195297,0.0967741935483871
gsm8k,95,fixed_1,4.8255228996276855,0.49262696945756634,0.06451612903225806
gsm8k,96,fixed_1,4.674705743789673,0.5189378745096748,0.0
gsm8k,97,fixed_1,4.8719682693481445,0.4993983219372556,0.0967741935483871
gsm8k,98,fixed_1,5.502857208251953,0.4432106695754228,0.2857142857142857
gsm8k,99,fixed_1,4.7975568771362305,0.5220104329441222,0.0
gsm8k,100,fixed_1,4.906980991363525,0.4957176806014371,0.03125
gsm8k,101,fixed_1,5.0174195766448975,0.4856926839557714,0.0967741935483871
gsm8k,102,fixed_1,5.05085301399231,0.46404284994160677,0.0967741935483871
gsm8k,103,fixed_1,5.09423303604126,0.47073679203241,0.13333333333333333
gsm8k,104,fixed_1,4.90658164024353,0.4875992088318121,0.03125
gsm8k,105,fixed_1,4.771437644958496,0.5046300228952784,0.06451612903225806
gsm8k,106,fixed_1,4.948775053024292,0.48327527728801545,0.13333333333333333
gsm8k,107,fixed_1,5.011794567108154,0.48638089833066855,0.0967741935483871
gsm8k,108,fixed_1,4.892830848693848,0.4927420400136049,0.13333333333333333
gsm8k,109,fixed_1,4.9165003299713135,0.49814567919757907,0.0967741935483871
gsm8k,110,fixed_1,4.719588279724121,0.5147407567863788,0.06451612903225806
gsm8k,111,fixed_1,4.9219582080841064,0.4820091019317833,0.13333333333333333
gsm8k,112,fixed_1,4.755708694458008,0.5265346654575892,0.03125
gsm8k,113,fixed_1,4.769694805145264,0.49273541592208164,0.0
gsm8k,114,fixed_1,5.0626232624053955,0.4803371036537741,0.16666666666666666
gsm8k,115,fixed_1,4.908438444137573,0.5110057407211945,0.06451612903225806
gsm8k,116,fixed_1,4.911834478378296,0.48949056552394854,0.0967741935483871
gsm8k,117,fixed_1,4.818533420562744,0.49690941205797373,0.06451612903225806
gsm8k,118,fixed_1,4.800709247589111,0.5001971629003586,0.03125
gsm8k,119,fixed_1,4.935409069061279,0.48668507578956866,0.0967741935483871
gsm8k,120,fixed_1,4.998444318771362,0.47916419727264425,0.16666666666666666
gsm8k,121,fixed_1,4.552976369857788,0.5677580687670197,0.0
gsm8k,122,fixed_1,4.970977306365967,0.46763785150833653,0.0967741935483871
gsm8k,123,fixed_1,4.735412120819092,0.5111405546276417,0.03125
gsm8k,124,fixed_1,5.239916563034058,0.4567616699448985,0.16666666666666666
gsm8k,125,fixed_1,5.689742565155029,0.42554697330890096,0.16666666666666666
gsm8k,126,fixed_1,5.56259298324585,0.4284868943337091,0.03125
gsm8k,127,fixed_1,4.836648464202881,0.5010212766460876,0.03125
gsm8k,128,fixed_1,5.3780224323272705,0.4441983820498601,0.16666666666666666
gsm8k,129,fixed_1,5.1783127784729,0.4599896737564515,0.16666666666666666
gsm8k,130,fixed_1,4.855589151382446,0.4993845324250925,0.13333333333333333
gsm8k,131,fixed_1,5.174496173858643,0.4633902690867472,0.16666666666666666
gsm8k,132,fixed_1,4.938686370849609,0.4833110396115698,0.0
gsm8k,133,fixed_1,5.93192720413208,0.39484747494665057,0.03125
gsm8k,134,fixed_1,5.405782461166382,0.4391103797628023,0.0
gsm8k,135,fixed_1,5.547991991043091,0.41976105249836,0.06451612903225806
gsm8k,136,fixed_1,5.421825408935547,0.432016767759634,0.0967741935483871
gsm8k,137,fixed_1,5.311205625534058,0.43182706896422474,0.03125
gsm8k,138,fixed_1,6.9742751121521,0.3378055279888063,0.2413793103448276
gsm8k,139,fixed_1,5.326873779296875,0.43981750856483204,0.03125
gsm8k,140,fixed_1,5.662317752838135,0.4388110022778602,0.06451612903225806
gsm8k,141,fixed_1,5.322811603546143,0.4356727220768727,0.13333333333333333
gsm8k,142,fixed_1,5.637509107589722,0.42094714550936213,0.0
gsm8k,143,fixed_1,6.130960702896118,0.4090167521332689,0.37037037037037035
gsm8k,144,fixed_1,5.897191524505615,0.5720238043739029,0.06451612903225806
gsm8k,145,fixed_1,5.719193458557129,0.4452229019499554,0.16666666666666666
gsm8k,146,fixed_1,5.461026906967163,0.43077043573542034,0.0967741935483871
gsm8k,147,fixed_1,6.1901679039001465,0.3987999512853571,0.2068965517241379
gsm8k,148,fixed_1,5.156965017318726,0.4560876646605374,0.03125
gsm8k,149,fixed_1,5.702275037765503,0.39725204691627214,0.0967741935483871
gsm8k,0,fixed_2,5.8022027015686035,0.462194306243842,0.25
gsm8k,1,fixed_2,4.946558475494385,0.5730859863201938,0.12195121951219512
gsm8k,2,fixed_2,5.260526895523071,0.4534810588839892,0.047619047619047616
gsm8k,3,fixed_2,4.374286413192749,0.555687287033631,0.12195121951219512
gsm8k,4,fixed_2,4.465507984161377,0.5439169387568342,0.09523809523809523
gsm8k,5,fixed_2,4.494161367416382,0.5355955865817494,0.17073170731707318
gsm8k,6,fixed_2,4.584789752960205,0.5307212656556146,0.25
gsm8k,7,fixed_2,4.517814874649048,0.5957716489695098,0.14285714285714285
gsm8k,8,fixed_2,4.9356420040130615,0.49075435438922715,0.3333333333333333
gsm8k,9,fixed_2,4.853575944900513,0.5098527693136045,0.3684210526315789
gsm8k,10,fixed_2,4.112474203109741,0.581620858802733,0.0
gsm8k,11,fixed_2,4.230428695678711,0.5583171360387887,0.0
gsm8k,12,fixed_2,4.47365665435791,0.5537705535892478,0.2
gsm8k,13,fixed_2,4.137141466140747,0.5871273698915581,0.047619047619047616
gsm8k,14,fixed_2,4.268937826156616,0.5500759750381216,0.047619047619047616
gsm8k,15,fixed_2,5.07855224609375,0.4757792500931412,0.3
gsm8k,16,fixed_2,4.596570730209351,0.5216356409154531,0.17073170731707318
gsm8k,17,fixed_2,4.518181085586548,0.5348011477194023,0.14285714285714285
gsm8k,18,fixed_2,4.376062631607056,0.5483763496731081,0.09523809523809523
gsm8k,19,fixed_2,4.578024625778198,0.5206873355054756,0.17073170731707318
gsm8k,20,fixed_2,4.379226446151733,0.5540139876251966,0.09523809523809523
gsm8k,21,fixed_2,4.387080669403076,0.5539096504218578,0.023255813953488372
gsm8k,22,fixed_2,4.583916187286377,0.5370416352817682,0.2
gsm8k,23,fixed_2,4.419628858566284,0.5447119578090989,0.06976744186046512
gsm8k,24,fixed_2,4.4959876537323,0.5132491042441965,0.12195121951219512
gsm8k,25,fixed_2,4.491968154907227,0.5188652957324258,0.2
gsm8k,26,fixed_2,4.438805103302002,0.5915680338138475,0.12195121951219512
gsm8k,27,fixed_2,4.337431907653809,0.7869692293113187,0.06976744186046512
gsm8k,28,fixed_2,4.367120027542114,0.8041099896713599,0.09523809523809523
gsm8k,29,fixed_2,4.374875545501709,0.6939046161220886,0.06976744186046512
gsm8k,30,fixed_2,4.509754419326782,0.7600044112482389,0.14285714285714285
gsm8k,31,fixed_2,4.85608434677124,0.5939761371499674,0.3333333333333333
gsm8k,32,fixed_2,4.662867784500122,0.5856965760168038,0.25
gsm8k,33,fixed_2,4.504270553588867,0.5313002983229128,0.17073170731707318
gsm8k,34,fixed_2,4.242396354675293,0.5501589870686021,0.09523809523809523
gsm8k,35,fixed_2,4.326289653778076,0.5379719817958716,0.06976744186046512
gsm8k,36,fixed_2,4.2766172885894775,0.5499915734876891,0.06976744186046512
gsm8k,37,fixed_2,4.277117490768433,0.5696457170480098,0.12195121951219512
gsm8k,38,fixed_2,4.5030364990234375,0.5264601709187391,0.17073170731707318
gsm8k,39,fixed_2,4.91469669342041,0.4918650829456791,0.3684210526315789
gsm8k,40,fixed_2,4.239545822143555,0.5697147623454444,0.023255813953488372
gsm8k,41,fixed_2,4.968324422836304,0.4896984513833733,0.3
gsm8k,42,fixed_2,4.495390892028809,0.535207835190556,0.2
gsm8k,43,fixed_2,4.416133880615234,0.5389938609077081,0.2
gsm8k,44,fixed_2,4.593385696411133,0.5365299467623265,0.28205128205128205
gsm8k,45,fixed_2,4.469904661178589,0.5454382965690622,0.17073170731707318
gsm8k,46,fixed_2,5.418963670730591,0.44735241190453634,0.6111111111111112
gsm8k,47,fixed_2,4.167299270629883,0.5606478546729432,0.09523809523809523
gsm8k,48,fixed_2,4.151201963424683,0.5761562121099604,0.047619047619047616
gsm8k,49,fixed_2,4.036903619766235,0.590367494072319,0.023255813953488372
gsm8k,50,fixed_2,4.2365052700042725,0.5454651818419871,0.09523809523809523
gsm8k,51,fixed_2,4.867331027984619,0.4955778737134624,0.3
gsm8k,52,fixed_2,4.24873685836792,0.5805745901320132,0.09523809523809523
gsm8k,53,fixed_2,4.421918153762817,0.5379844975451112,0.2
gsm8k,54,fixed_2,4.564471483230591,0.5282710207027179,0.2
gsm8k,55,fixed_2,4.065953731536865,0.5832532438723793,0.047619047619047616
gsm8k,56,fixed_2,4.194690227508545,0.5763154373760857,0.12195121951219512
gsm8k,57,fixed_2,4.639203786849976,0.5252014944215638,0.14285714285714285
gsm8k,58,fixed_2,4.462116003036499,0.5400480703905342,0.14285714285714285
gsm8k,59,fixed_2,4.505783796310425,0.535923958920402,0.12195121951219512
gsm8k,60,fixed_2,4.296778917312622,0.547726203705394,0.12195121951219512
gsm8k,61,fixed_2,4.438923597335815,0.5349124337778178,0.09523809523809523
gsm8k,62,fixed_2,4.498763799667358,0.519421482106565,0.2
gsm8k,63,fixed_2,4.288841962814331,0.5562172978858347,0.12195121951219512
gsm8k,64,fixed_2,4.792394638061523,0.5001855651229108,0.3
gsm8k,65,fixed_2,4.295111894607544,0.55701305661586,0.09523809523809523
gsm8k,66,fixed_2,4.625126361846924,0.5119851420569914,0.2
gsm8k,67,fixed_2,5.100100040435791,0.4732023241148183,0.21951219512195122
gsm8k,68,fixed_2,4.61841607093811,0.5271613951981208,0.17073170731707318
gsm8k,69,fixed_2,4.628615379333496,0.5078668700956329,0.14285714285714285
gsm8k,70,fixed_2,4.703197002410889,0.4995331186185908,0.25
gsm8k,71,fixed_2,4.11681866645813,0.5762784550513694,0.023255813953488372
gsm8k,72,fixed_2,4.258765935897827,0.5565261393958167,0.06976744186046512
gsm8k,73,fixed_2,4.190590858459473,0.5635028525406375,0.047619047619047616
gsm8k,74,fixed_2,4.384319305419922,0.547080705336968,0.12195121951219512
gsm8k,75,fixed_2,4.183304786682129,0.5717742658006485,0.023255813953488372
gsm8k,76,fixed_2,4.55936074256897,0.540507479209312,0.17073170731707318
gsm8k,77,fixed_2,4.542876720428467,0.5127105794909533,0.17073170731707318
gsm8k,78,fixed_2,4.142584323883057,0.5696295847808418,0.047619047619047616
gsm8k,79,fixed_2,4.404573678970337,0.5451769532093029,0.14285714285714285
gsm8k,80,fixed_2,4.534590721130371,0.5391642198734222,0.14285714285714285
gsm8k,81,fixed_2,4.7564473152160645,0.49710460949696905,0.3333333333333333
gsm8k,82,fixed_2,4.24249005317688,0.5636043533732978,0.06976744186046512
gsm8k,83,fixed_2,4.05033016204834,0.5852168043024394,0.047619047619047616
gsm8k,84,fixed_2,4.400006055831909,0.5320250709795517,0.17073170731707318
gsm8k,85,fixed_2,4.443227052688599,0.5454797895176845,0.2
gsm8k,86,fixed_2,4.507084369659424,0.5318260363026356,0.17073170731707318
gsm8k,87,fixed_2,4.6938865184783936,0.5157739239450726,0.25
gsm8k,88,fixed_2,4.097748756408691,0.5869786033842387,0.047619047619047616
gsm8k,89,fixed_2,4.3011322021484375,0.5580609277384977,0.09523809523809523
gsm8k,90,fixed_2,4.257708787918091,0.5691605361705107,0.0
gsm8k,91,fixed_2,4.27879524230957,0.5662793577022638,0.09523809523809523
gsm8k,92,fixed_2,4.764110326766968,0.5199219782758863,0.25
gsm8k,93,fixed_2,4.299176454544067,0.5873189259148694,0.09523809523809523
gsm8k,94,fixed_2,4.2874531745910645,0.5729340269262736,0.12195121951219512
gsm8k,95,fixed_2,4.304195404052734,0.55229433121307,0.12195121951219512
gsm8k,96,fixed_2,4.0429368019104,0.6000296273476459,0.0
gsm8k,97,fixed_2,4.282870531082153,0.5680892664362793,0.06976744186046512
gsm8k,98,fixed_2,4.825871467590332,0.5053854095009913,0.3333333333333333
gsm8k,99,fixed_2,4.140718936920166,0.6048164052329205,0.0
gsm8k,100,fixed_2,4.139389514923096,0.5876415415907675,0.047619047619047616
gsm8k,101,fixed_2,4.414117813110352,0.5520749748624728,0.14285714285714285
gsm8k,102,fixed_2,4.648045063018799,0.5042576385279047,0.21951219512195122
gsm8k,103,fixed_2,4.543529033660889,0.5277930215666291,0.14285714285714285
gsm8k,104,fixed_2,4.115396499633789,0.581340176108021,0.023255813953488372
gsm8k,105,fixed_2,4.3590474128723145,0.5523708415991319,0.06976744186046512
gsm8k,106,fixed_2,4.708744049072266,0.5079105194637908,0.21951219512195122
gsm8k,107,fixed_2,4.326073884963989,0.5634765398416489,0.12195121951219512
gsm8k,108,fixed_2,4.567003965377808,0.5278960719333339,0.14285714285714285
gsm8k,109,fixed_2,4.454544305801392,0.549805598062869,0.14285714285714285
gsm8k,110,fixed_2,4.2379066944122314,0.5732463260761463,0.047619047619047616
gsm8k,111,fixed_2,4.613086938858032,0.5142822337988894,0.17073170731707318
gsm8k,112,fixed_2,4.177506923675537,0.5994114509442958,0.0
gsm8k,113,fixed_2,4.103768825531006,0.5726924818506414,0.0
gsm8k,114,fixed_2,4.884961366653442,0.49780655612839914,0.3684210526315789
gsm8k,115,fixed_2,4.624011278152466,0.5424381715463897,0.2
gsm8k,116,fixed_2,4.538874864578247,0.5297120339987228,0.2
gsm8k,117,fixed_2,4.112136363983154,0.5822702354827207,0.047619047619047616
gsm8k,118,fixed_2,4.520681858062744,0.5311811848185714,0.14285714285714285
gsm8k,119,fixed_2,5.016866683959961,0.47878289142271,0.21951219512195122
gsm8k,120,fixed_2,4.442896366119385,0.5390797718984497,0.12195121951219512
gsm8k,121,fixed_2,4.298220872879028,0.6014090823491954,0.06976744186046512
gsm8k,122,fixed_2,4.4974448680877686,0.5168750736535573,0.14285714285714285
gsm8k,123,fixed_2,4.3784143924713135,0.5528168329585049,0.09523809523809523
gsm8k,124,fixed_2,4.869553804397583,0.4915015083192942,0.3684210526315789
gsm8k,125,fixed_2,4.829225540161133,0.5013749528517065,0.3684210526315789
gsm8k,126,fixed_2,4.227093458175659,0.5638621940623411,0.06976744186046512
gsm8k,127,fixed_2,4.116760730743408,0.5886336240351941,0.0
gsm8k,128,fixed_2,4.3500587940216064,0.5491670288113722,0.09523809523809523
gsm8k,129,fixed_2,4.710690498352051,0.5056520708401246,0.3333333333333333
gsm8k,130,fixed_2,4.723646879196167,0.5133334857630402,0.25
gsm8k,131,fixed_2,4.624478816986084,0.5185040886305601,0.21951219512195122
gsm8k,132,fixed_2,4.640487194061279,0.5143687600874124,0.17073170731707318
gsm8k,133,fixed_2,4.251399517059326,0.5509259877178022,0.06976744186046512
gsm8k,134,fixed_2,4.030482292175293,0.5889456936819183,0.0
gsm8k,135,fixed_2,4.294441223144531,0.5422896335992865,0.12195121951219512
gsm8k,136,fixed_2,4.259937047958374,0.5498483808928527,0.09523809523809523
gsm8k,137,fixed_2,4.3618645668029785,0.5258123728545078,0.06976744186046512
gsm8k,138,fixed_2,4.639551162719727,0.507796682043412,0.25
gsm8k,139,fixed_2,4.060322046279907,0.577011460506247,0.023255813953488372
gsm8k,140,fixed_2,4.318254232406616,0.5753916269431585,0.06976744186046512
gsm8k,141,fixed_2,4.220628976821899,0.549445078720353,0.12195121951219512
gsm8k,142,fixed_2,4.050915718078613,0.58581652440513,0.023255813953488372
gsm8k,143,fixed_2,5.102406024932861,0.4914672846303465,0.38461538461538464
gsm8k,144,fixed_2,4.367590427398682,0.7723558303012359,0.047619047619047616
gsm8k,145,fixed_2,4.5100812911987305,0.5645831513948663,0.17073170731707318
gsm8k,146,fixed_2,4.378706932067871,0.5372474058605564,0.06976744186046512
gsm8k,147,fixed_2,4.500051021575928,0.5485801486888557,0.09523809523809523
gsm8k,148,fixed_2,4.607146263122559,0.5105173565492286,0.14285714285714285
gsm8k,149,fixed_2,4.586101055145264,0.49393600437357965,0.17073170731707318
gsm8k,0,fixed_4,4.339765787124634,0.6179469547167591,0.4166666666666667
gsm8k,1,fixed_4,3.86594295501709,0.7332760404910533,0.1320754716981132
gsm8k,2,fixed_4,4.58051872253418,0.5208033088334802,0.5
gsm8k,3,fixed_4,3.876457691192627,0.6270506589502629,0.22448979591836735
gsm8k,4,fixed_4,4.164942026138306,0.583169085546979,0.17647058823529413
gsm8k,5,fixed_4,4.55325174331665,0.5286448299959545,0.5
gsm8k,6,fixed_4,4.37360692024231,0.5563475330154097,0.36
gsm8k,7,fixed_4,4.183428525924683,0.6433923756385221,0.2549019607843137
gsm8k,8,fixed_4,5.170173645019531,0.46849254425121556,0.7021276595744681
gsm8k,9,fixed_4,5.801022529602051,0.42658154212532917,1.0465116279069768
gsm8k,10,fixed_4,3.437734842300415,0.6957781468148934,0.0
gsm8k,11,fixed_4,3.630474090576172,0.6505819280513856,0.0
gsm8k,12,fixed_4,4.870736122131348,0.5086252385538687,0.5319148936170213
gsm8k,13,fixed_4,4.217756748199463,0.5759054238776242,0.037037037037037035
gsm8k,14,fixed_4,3.8407039642333984,0.611408783121072,0.12
gsm8k,15,fixed_4,5.242485046386719,0.4609016063614124,0.5319148936170213
gsm8k,16,fixed_4,4.152106046676636,0.577474441141773,0.23076923076923078
gsm8k,17,fixed_4,4.056389570236206,0.595684509176735,0.22448979591836735
gsm8k,18,fixed_4,3.7656915187835693,0.6372612413660363,0.07692307692307693
gsm8k,19,fixed_4,4.006479501724243,0.5949660901170307,0.2
gsm8k,20,fixed_4,4.183579683303833,0.5799226714453954,0.2
gsm8k,21,fixed_4,3.4029173851013184,0.7141067633909648,0.0
gsm8k,22,fixed_4,4.590980052947998,0.5362153215268453,0.3333333333333333
gsm8k,23,fixed_4,3.805053234100342,0.6326914605988264,0.037037037037037035
gsm8k,24,fixed_4,4.036205291748047,0.5717156262316091,0.17647058823529413
gsm8k,25,fixed_4,4.684727191925049,0.49751592560907154,0.3333333333333333
gsm8k,26,fixed_4,3.8437540531158447,0.6831486019025209,0.09803921568627451
gsm8k,27,fixed_4,4.273630142211914,0.7987180293964197,0.3333333333333333
gsm8k,28,fixed_4,3.861203670501709,0.9094689480040274,0.12
gsm8k,29,fixed_4,4.079934120178223,0.7440674889747158,0.1320754716981132
gsm8k,30,fixed_4,3.969761610031128,0.8633851573540002,0.2
gsm8k,31,fixed_4,5.063920021057129,0.5695979024106834,0.6888888888888889
gsm8k,32,fixed_4,5.264932870864868,0.5187199462530198,0.44
gsm8k,33,fixed_4,3.7651989459991455,0.6355893335707473,0.12
gsm8k,34,fixed_4,4.214198350906372,0.5538402056300231,0.30612244897959184
gsm8k,35,fixed_4,3.589319944381714,0.6484299686098008,0.0
gsm8k,36,fixed_4,4.049600124359131,0.5808236367851785,0.12
gsm8k,37,fixed_4,4.074084997177124,0.5980340767597004,0.17647058823529413
gsm8k,38,fixed_4,4.05959939956665,0.5839663305650948,0.22448979591836735
gsm8k,39,fixed_4,4.462641954421997,0.5416898154616089,0.44680851063829785
gsm8k,40,fixed_4,3.702916145324707,0.6522782978936017,0.07692307692307693
gsm8k,41,fixed_4,5.074558973312378,0.47944674377190677,0.5319148936170213
gsm8k,42,fixed_4,4.310611248016357,0.5581501762111467,0.30612244897959184
gsm8k,43,fixed_4,4.750597715377808,0.501046224750446,0.3877551020408163
gsm8k,44,fixed_4,4.040225505828857,0.6099879770569152,0.2
gsm8k,45,fixed_4,4.48457932472229,0.5436534862431803,0.2549019607843137
gsm8k,46,fixed_4,4.811766147613525,0.5038038827648981,0.44
gsm8k,47,fixed_4,4.33603310585022,0.5388306174845592,0.1320754716981132
gsm8k,48,fixed_4,4.773293972015381,0.5010671483827245,0.23076923076923078
gsm8k,49,fixed_4,4.0949742794036865,0.5819955172367818,0.0196078431372549
gsm8k,50,fixed_4,3.7884697914123535,0.6099734839421588,0.037037037037037035
gsm8k,51,fixed_4,5.204890012741089,0.4634375665198457,0.5833333333333334
gsm8k,52,fixed_4,4.303060531616211,0.573245168642619,0.15384615384615385
gsm8k,53,fixed_4,4.287624835968018,0.5548347878250419,0.3333333333333333
gsm8k,54,fixed_4,4.32270073890686,0.5578174745505157,0.30612244897959184
gsm8k,55,fixed_4,4.3741302490234375,0.5421605138263397,0.1320754716981132
gsm8k,56,fixed_4,4.763775110244751,0.5074682740427635,0.5652173913043478
gsm8k,57,fixed_4,4.40166449546814,0.5535444067325829,0.3333333333333333
gsm8k,58,fixed_4,3.9336090087890625,0.6126071838645735,0.12
gsm8k,59,fixed_4,4.32610821723938,0.5581824052702525,0.2
gsm8k,60,fixed_4,4.069139719009399,0.5783675585152792,0.17647058823529413
gsm8k,61,fixed_4,4.182035684585571,0.5677702448968911,0.22448979591836735
gsm8k,62,fixed_4,4.584451913833618,0.5097129611981329,0.3877551020408163
gsm8k,63,fixed_4,4.1780688762664795,0.5709642799732094,0.17647058823529413
gsm8k,64,fixed_4,5.28952431678772,0.45317621713601264,0.7391304347826086
gsm8k,65,fixed_4,3.6989541053771973,0.6467864528096163,0.07692307692307693
gsm8k,66,fixed_4,4.120522975921631,0.5746833572435275,0.23076923076923078
gsm8k,67,fixed_4,4.672338485717773,0.5165249049762599,0.23076923076923078
gsm8k,68,fixed_4,4.205716609954834,0.5788908015814465,0.17647058823529413
gsm8k,69,fixed_4,4.769946813583374,0.49281899724426037,0.4166666666666667
gsm8k,70,fixed_4,4.442527532577515,0.5288436928895782,0.2549019607843137
gsm8k,71,fixed_4,3.803663730621338,0.6237233543370004,0.05660377358490566
gsm8k,72,fixed_4,4.183505535125732,0.5665379297327493,0.17647058823529413
gsm8k,73,fixed_4,3.6935501098632812,0.6393333872110485,0.09803921568627451
gsm8k,74,fixed_4,4.715274095535278,0.5086823055106682,0.28
gsm8k,75,fixed_4,3.8311984539031982,0.6243231855005202,0.12
gsm8k,76,fixed_4,4.5475029945373535,0.5419168683851667,0.36
gsm8k,77,fixed_4,4.438170671463013,0.524806531407915,0.30612244897959184
gsm8k,78,fixed_4,4.264827489852905,0.5533022364790933,0.07692307692307693
gsm8k,79,fixed_4,4.01387357711792,0.5982430717738556,0.17647058823529413
gsm8k,80,fixed_4,3.665370225906372,0.6670237705657533,0.12
gsm8k,81,fixed_4,4.750432252883911,0.4977340501567974,0.5319148936170213
gsm8k,82,fixed_4,3.7479610443115234,0.6379697747239074,0.12
gsm8k,83,fixed_4,3.668590545654297,0.6461122450995582,0.07692307692307693
gsm8k,84,fixed_4,3.9624762535095215,0.5907703628737478,0.22448979591836735
gsm8k,85,fixed_4,3.615952253341675,0.6702772569079168,0.07692307692307693
gsm8k,86,fixed_4,3.7351937294006348,0.6417297171844858,0.12
gsm8k,87,fixed_4,4.277108907699585,0.566032878851941,0.2549019607843137
gsm8k,88,fixed_4,3.526482105255127,0.6820652339258818,0.0
gsm8k,89,fixed_4,4.035301923751831,0.5948238502127261,0.22448979591836735
gsm8k,90,fixed_4,3.9707436561584473,0.6102936946913946,0.0196078431372549
gsm8k,91,fixed_4,4.07462477684021,0.594654368011169,0.15384615384615385
gsm8k,92,fixed_4,4.476315975189209,0.5533491557669947,0.44680851063829785
gsm8k,93,fixed_4,4.55329704284668,0.5545405173089079,0.23076923076923078
gsm8k,94,fixed_4,3.9304239749908447,0.6249778212748704,0.17647058823529413
gsm8k,95,fixed_4,3.4495527744293213,0.6891278022221142,0.0196078431372549
gsm8k,96,fixed_4,3.4129538536071777,0.710786599143861,0.0
gsm8k,97,fixed_4,3.982171058654785,0.6109865052019957,0.1320754716981132
gsm8k,98,fixed_4,4.574919939041138,0.5331076959476732,0.36
gsm8k,99,fixed_4,3.505258798599243,0.7144621514133913,0.0
gsm8k,100,fixed_4,3.7654027938842773,0.6460071787658065,0.07692307692307693
gsm8k,101,fixed_4,4.639786243438721,0.5252233298805581,0.3877551020408163
gsm8k,102,fixed_4,4.6293723583221436,0.5062915760136931,0.3333333333333333
gsm8k,103,fixed_4,4.271647930145264,0.5613858998838507,0.3333333333333333
gsm8k,104,fixed_4,3.742483377456665,0.63926678746595,0.12
gsm8k,105,fixed_4,3.7815427780151367,0.6367270792273346,0.037037037037037035
gsm8k,106,fixed_4,4.807445287704468,0.49748265302220745,0.3877551020408163
gsm8k,107,fixed_4,5.695798635482788,0.4279717911046215,0.8181818181818182
gsm8k,108,fixed_4,4.655922174453735,0.5178143799428452,0.36
gsm8k,109,fixed_4,3.936927318572998,0.622092611309982,0.2
gsm8k,110,fixed_4,4.152389764785767,0.5850521218955599,0.23076923076923078
gsm8k,111,fixed_4,4.792208194732666,0.49505959658264304,0.44680851063829785
gsm8k,112,fixed_4,4.037667751312256,0.6201712574384982,0.17647058823529413
gsm8k,113,fixed_4,3.3584840297698975,0.6997792851781596,0.0
gsm8k,114,fixed_4,5.0352466106414795,0.48294869800711243,0.6888888888888889
gsm8k,115,fixed_4,4.294469118118286,0.584062931631919,0.23076923076923078
gsm8k,116,fixed_4,4.461524486541748,0.538895761714189,0.3877551020408163
gsm8k,117,fixed_4,4.413103818893433,0.5425602268278179,0.17647058823529413
gsm8k,118,fixed_4,4.244643688201904,0.5657250223918834,0.23076923076923078
gsm8k,119,fixed_4,4.569448947906494,0.525662933148447,0.3333333333333333
gsm8k,120,fixed_4,4.42382025718689,0.5414043565004875,0.3333333333333333
gsm8k,121,fixed_4,3.633753776550293,0.7113825619044545,0.12
gsm8k,122,fixed_4,3.8197851181030273,0.6085727535898995,0.17647058823529413
gsm8k,123,fixed_4,3.6178276538848877,0.6690371707526734,0.05660377358490566
gsm8k,124,fixed_4,4.794088125228882,0.4992384322491157,0.5
gsm8k,125,fixed_4,4.7068400382995605,0.5144115176651023,0.5319148936170213
gsm8k,126,fixed_4,3.799351930618286,0.6273433562775056,0.1320754716981132
gsm8k,127,fixed_4,3.3999722003936768,0.7127304711322878,0.0
gsm8k,128,fixed_4,4.065211296081543,0.587646911581274,0.2549019607843137
gsm8k,129,fixed_4,5.028324604034424,0.4737105483737991,0.6888888888888889
gsm8k,130,fixed_4,4.108551740646362,0.5901851238777392,0.30612244897959184
gsm8k,131,fixed_4,4.649915456771851,0.515667692603029,0.46938775510204084
gsm8k,132,fixed_4,3.9125876426696777,0.6100621537980798,0.15384615384615385
gsm8k,133,fixed_4,4.0305211544036865,0.5811175251021414,0.2
gsm8k,134,fixed_4,3.352138042449951,0.7081257273352003,0.0
gsm8k,135,fixed_4,4.134795665740967,0.5632275801941925,0.3333333333333333
gsm8k,136,fixed_4,4.097958564758301,0.5715820332272056,0.2549019607843137
gsm8k,137,fixed_4,3.6878910064697266,0.6219062206331778,0.07692307692307693
gsm8k,138,fixed_4,4.493285655975342,0.5243264877822094,0.44680851063829785
gsm8k,139,fixed_4,3.7389252185821533,0.6266111829158544,0.12
gsm8k,140,fixed_4,3.699106454849243,0.6716993302751235,0.09803921568627451
gsm8k,141,fixed_4,4.214613437652588,0.5502293044723282,0.28
gsm8k,142,fixed_4,3.737414598464966,0.6349558776801492,0.07692307692307693
gsm8k,143,fixed_4,5.7466888427734375,0.43636704592222825,0.9090909090909091
gsm8k,144,fixed_4,4.020845651626587,0.8389613089486772,0.15384615384615385
gsm8k,145,fixed_4,4.270349502563477,0.5962781048491375,0.3333333333333333
gsm8k,146,fixed_4,3.9675652980804443,0.5929200311877015,0.17647058823529413
gsm8k,147,fixed_4,4.002864599227905,0.6167180021526895,0.17647058823529413
gsm8k,148,fixed_4,4.438724517822266,0.5298882870611086,0.36
gsm8k,149,fixed_4,3.9072158336639404,0.579758203095658,0.17647058823529413
gsm8k,0,fixed_8,5.134841203689575,0.5222644568659129,1.0
gsm8k,1,fixed_8,3.7690393924713135,0.752128870948326,0.2413793103448276
gsm8k,2,fixed_8,3.995434045791626,0.5970688740018611,0.42857142857142855
gsm8k,3,fixed_8,4.091036081314087,0.5941613081237778,0.40350877192982454
gsm8k,4,fixed_8,4.1989452838897705,0.5784465546760432,0.45454545454545453
gsm8k,5,fixed_8,4.084266185760498,0.5893477271795928,0.42857142857142855
gsm8k,6,fixed_8,4.910227298736572,0.49554639172854986,0.7454545454545455
gsm8k,7,fixed_8,4.444428205490112,0.6056090667149895,0.6
gsm8k,8,fixed_8,5.765856742858887,0.4200915689026965,1.196078431372549
gsm8k,9,fixed_8,7.286644220352173,0.33960888740383977,2.130434782608696
gsm8k,10,fixed_8,3.270956039428711,0.7312543332849346,0.0
gsm8k,11,fixed_8,3.20404314994812,0.7371688591727894,0.10344827586206896
gsm8k,12,fixed_8,4.708949565887451,0.5261002028984597,0.8461538461538461
gsm8k,13,fixed_8,3.6126458644866943,0.672368418881725,0.2413793103448276
gsm8k,14,fixed_8,3.6502933502197266,0.6433017601061759,0.3090909090909091
gsm8k,15,fixed_8,5.987895488739014,0.4035257101179237,1.3529411764705883
gsm8k,16,fixed_8,4.342301607131958,0.5521806948941173,0.6
gsm8k,17,fixed_8,3.971606731414795,0.6084007288695019,0.3559322033898305
gsm8k,18,fixed_8,3.5795767307281494,0.670394695345286,0.2857142857142857
gsm8k,19,fixed_8,3.6070404052734375,0.660851883108917,0.2857142857142857
gsm8k,20,fixed_8,4.010516881942749,0.6049476358196948,0.45454545454545453
gsm8k,21,fixed_8,3.260586738586426,0.7452788454310695,0.06666666666666667
gsm8k,22,fixed_8,4.34708833694458,0.566299475511723,0.4915254237288136
gsm8k,23,fixed_8,3.5856478214263916,0.6714057844592071,0.14285714285714285
gsm8k,24,fixed_8,4.0603766441345215,0.5683122129333722,0.3793103448275862
gsm8k,25,fixed_8,4.463729619979858,0.5221477516658131,0.6296296296296297
gsm8k,26,fixed_8,3.5719363689422607,0.735134934170403,0.2857142857142857
gsm8k,27,fixed_8,3.9100615978240967,0.8729850822442725,0.3333333333333333
gsm8k,28,fixed_8,3.6034955978393555,0.9745106508097442,0.22033898305084745
gsm8k,29,fixed_8,3.5868773460388184,0.8463479631763307,0.2631578947368421
gsm8k,30,fixed_8,4.16769552230835,0.8223809138620213,0.42857142857142855
gsm8k,31,fixed_8,5.311276912689209,0.543070577826298,0.8909090909090909
gsm8k,32,fixed_8,4.448883771896362,0.6138676206945873,0.44262295081967207
gsm8k,33,fixed_8,4.901020050048828,0.48829024660387477,0.543859649122807
gsm8k,34,fixed_8,4.092161417007446,0.5703568953881866,0.42857142857142855
gsm8k,35,fixed_8,3.4055871963500977,0.6834130165160233,0.12280701754385964
gsm8k,36,fixed_8,4.090256690979004,0.5750503328907225,0.14285714285714285
gsm8k,37,fixed_8,4.408772706985474,0.5526348990654364,0.6
gsm8k,38,fixed_8,5.337089776992798,0.4441876498215777,0.6271186440677966
gsm8k,39,fixed_8,5.3858962059021,0.44883295265011386,1.0392156862745099
gsm8k,40,fixed_8,3.182605504989624,0.7589165030753666,0.015873015873015872
gsm8k,41,fixed_8,6.147421360015869,0.39577257411664546,0.8571428571428571
gsm8k,42,fixed_8,5.079777956008911,0.473636534607195,0.6271186440677966
gsm8k,43,fixed_8,5.601114749908447,0.42496345046975714,1.0392156862745099
gsm8k,44,fixed_8,4.147693872451782,0.5941829505603049,0.40350877192982454
gsm8k,45,fixed_8,5.107606410980225,0.4773385002763871,0.6271186440677966
gsm8k,46,fixed_8,5.360692977905273,0.4522151292968949,0.7627118644067796
gsm8k,47,fixed_8,5.016519784927368,0.4657386985452888,0.46666666666666673
gsm8k,48,fixed_8,3.994436740875244,0.5987679750878036,0.2413793103448276
gsm8k,49,fixed_8,3.7979063987731934,0.627518538788294,0.16129032258064516
gsm8k,50,fixed_8,4.109171628952026,0.5623678751200674,0.3114754098360656
gsm8k,51,fixed_8,5.492446660995483,0.439174326195639,0.9622641509433962
gsm8k,52,fixed_8,4.372464656829834,0.5641460489046397,0.3793103448275862
gsm8k,53,fixed_8,4.950576543807983,0.4805346195713656,0.660377358490566
gsm8k,54,fixed_8,4.833280324935913,0.4988905768561324,0.4915254237288136
gsm8k,55,fixed_8,3.5978360176086426,0.6591408534872925,0.18032786885245902
gsm8k,56,fixed_8,4.611488580703735,0.5242265465514527,0.5714285714285714
gsm8k,57,fixed_8,4.938241958618164,0.4933976063136403,0.6
gsm8k,58,fixed_8,4.138911724090576,0.5822199887164949,0.42857142857142855
gsm8k,59,fixed_8,4.184738636016846,0.5770390220729571,0.48148148148148145
gsm8k,60,fixed_8,4.724254369735718,0.4981650479317166,0.4915254237288136
gsm8k,61,fixed_8,4.654957056045532,0.5100875037549352,0.6
gsm8k,62,fixed_8,5.396986246109009,0.4329739698994562,0.8571428571428571
gsm8k,63,fixed_8,4.139801263809204,0.5762421757949179,0.3793103448275862
gsm8k,64,fixed_8,6.282058954238892,0.381576587834049,1.3529411764705883
gsm8k,65,fixed_8,3.2279045581817627,0.7411722874080615,0.12280701754385964
gsm8k,66,fixed_8,4.592250108718872,0.5156504809931504,0.5714285714285714
gsm8k,67,fixed_8,4.598861217498779,0.524777565187079,0.6
gsm8k,68,fixed_8,3.5529260635375977,0.6852522726400364,0.2857142857142857
gsm8k,69,fixed_8,4.339748859405518,0.5416719911070218,0.44262295081967207
gsm8k,70,fixed_8,4.378124952316284,0.5366230273644765,0.46666666666666673
gsm8k,71,fixed_8,3.3040711879730225,0.7180335307147446,0.015873015873015872
gsm8k,72,fixed_8,3.604461193084717,0.657550307225606,0.22033898305084745
gsm8k,73,fixed_8,3.600834608078003,0.6557951585099512,0.18032786885245902
gsm8k,74,fixed_8,4.5746400356292725,0.524320269868332,0.5172413793103449
gsm8k,75,fixed_8,3.700711727142334,0.6463367588138316,0.22033898305084745
gsm8k,76,fixed_8,4.483139991760254,0.5496969950305398,0.46666666666666673
gsm8k,77,fixed_8,4.003645658493042,0.5817650098344458,0.45454545454545453
gsm8k,78,fixed_8,3.198835611343384,0.7376867319987517,0.10344827586206896
gsm8k,79,fixed_8,4.3361451625823975,0.5537803667663325,0.6
gsm8k,80,fixed_8,3.9844250679016113,0.6136115065381593,0.2903225806451613
gsm8k,81,fixed_8,5.225331783294678,0.4524979433425668,0.8909090909090909
gsm8k,82,fixed_8,3.649144172668457,0.6552456548640303,0.22033898305084745
gsm8k,83,fixed_8,3.829023599624634,0.6190406541333613,0.2
gsm8k,84,fixed_8,4.973850965499878,0.4706440845135303,0.7142857142857143
gsm8k,85,fixed_8,4.1041419506073,0.5905474485650329,0.3333333333333333
gsm8k,86,fixed_8,4.144205570220947,0.5783942844972673,0.3114754098360656
gsm8k,87,fixed_8,5.061136245727539,0.47834797378398963,0.6271186440677966
gsm8k,88,fixed_8,3.7630257606506348,0.6391906394072612,0.2857142857142857
gsm8k,89,fixed_8,4.158897161483765,0.5771467131446296,0.45454545454545453
gsm8k,90,fixed_8,3.677807331085205,0.6589034167470404,0.14285714285714285
gsm8k,91,fixed_8,4.014811754226685,0.6035135816775727,0.3559322033898305
gsm8k,92,fixed_8,5.039963245391846,0.49146502567890893,0.8909090909090909
gsm8k,93,fixed_8,3.6141180992126465,0.6986455971517366,0.16129032258064516
gsm8k,94,fixed_8,4.0237877368927,0.6104764896155351,0.3333333333333333
gsm8k,95,fixed_8,3.690993070602417,0.6440496301727514,0.3090909090909091
gsm8k,96,fixed_8,3.207545280456543,0.7563047909007524,0.0
gsm8k,97,fixed_8,3.6485681533813477,0.666851399223326,0.2
gsm8k,98,fixed_8,5.216503858566284,0.46754015600740106,0.7931034482758621
gsm8k,99,fixed_8,3.272949457168579,0.7651736683628666,0.0
gsm8k,100,fixed_8,3.3577990531921387,0.7244260890125628,0.0847457627118644
gsm8k,101,fixed_8,4.693514347076416,0.5192109367324822,0.5172413793103449
gsm8k,102,fixed_8,5.2143988609313965,0.449488481751949,0.8909090909090909
gsm8k,103,fixed_8,4.0530664920806885,0.5916613808179899,0.48148148148148145
gsm8k,104,fixed_8,3.648902416229248,0.6556616354579792,0.2413793103448276
gsm8k,105,fixed_8,3.826565980911255,0.6292353771057686,0.14285714285714285
gsm8k,106,fixed_8,4.995249509811401,0.47877901419915764,0.6842105263157895
gsm8k,107,fixed_8,6.403316497802734,0.38068415712940196,1.2641509433962264
gsm8k,108,fixed_8,4.40106987953186,0.5477994032858553,0.5172413793103449
gsm8k,109,fixed_8,4.006656169891357,0.6112661761578336,0.3793103448275862
gsm8k,110,fixed_8,4.22603964805603,0.5748560461194017,0.40350877192982454
gsm8k,111,fixed_8,5.399925470352173,0.43934470367230166,0.9259259259259258
gsm8k,112,fixed_8,3.726346015930176,0.6719841570657609,0.2
gsm8k,113,fixed_8,3.2339584827423096,0.7267247140543807,0.0
gsm8k,114,fixed_8,5.25077223777771,0.4631253622578052,0.9622641509433962
gsm8k,115,fixed_8,4.585464954376221,0.5469980139172418,0.5714285714285714
gsm8k,116,fixed_8,4.1742188930511475,0.5759871962114567,0.3333333333333333
gsm8k,117,fixed_8,3.7848761081695557,0.6326163764846452,0.3090909090909091
gsm8k,118,fixed_8,4.629334926605225,0.5187140666260902,0.44262295081967207
gsm8k,119,fixed_8,4.866058111190796,0.49362130125503395,0.6
gsm8k,120,fixed_8,4.40765905380249,0.5433894796263462,0.5714285714285714
gsm8k,121,fixed_8,4.019041538238525,0.6431854576017367,0.2903225806451613
gsm8k,122,fixed_8,3.7246651649475098,0.6241143953884614,0.2631578947368421
gsm8k,123,fixed_8,4.1424219608306885,0.5843106281091045,0.3559322033898305
gsm8k,124,fixed_8,5.02250599861145,0.47653363487570943,0.6296296296296297
gsm8k,125,fixed_8,5.623387813568115,0.43056833492197427,1.24
gsm8k,126,fixed_8,3.630051851272583,0.6566016931680786,0.14285714285714285
gsm8k,127,fixed_8,3.260043144226074,0.7433226129277326,0.04918032786885246
gsm8k,128,fixed_8,4.0430216789245605,0.5908721379161821,0.45454545454545453
gsm8k,129,fixed_8,5.201297998428345,0.45795691888800905,0.9622641509433962
gsm8k,130,fixed_8,4.720714330673218,0.5136523729589193,0.7142857142857143
gsm8k,131,fixed_8,5.258857488632202,0.45595667491958536,0.9259259259259258
gsm8k,132,fixed_8,4.416420221328735,0.5404652466455468,0.46666666666666673
gsm8k,133,fixed_8,3.1623194217681885,0.740660940825917,0.14285714285714285
gsm8k,134,fixed_8,3.211879253387451,0.7390487008297011,0.0847457627118644
gsm8k,135,fixed_8,4.27829647064209,0.5443360396815153,0.46666666666666673
gsm8k,136,fixed_8,3.481956720352173,0.672702068591043,0.2413793103448276
gsm8k,137,fixed_8,3.5744717121124268,0.6416395324010712,0.2
gsm8k,138,fixed_8,5.059314250946045,0.46566561588049027,0.9259259259259258
gsm8k,139,fixed_8,3.069520950317383,0.7632631905664093,0.06666666666666667
gsm8k,140,fixed_8,3.4567060470581055,0.7188020313307413,0.2631578947368421
gsm8k,141,fixed_8,3.8590729236602783,0.6009225185150863,0.48148148148148145
gsm8k,142,fixed_8,3.1471805572509766,0.7540378835765917,0.12280701754385964
gsm8k,143,fixed_8,6.644914865493774,0.3773811530945675,1.6153846153846154
gsm8k,144,fixed_8,3.568162202835083,0.945398145938813,0.18032786885245902
gsm8k,145,fixed_8,4.210543394088745,0.6047475753383338,0.543859649122807
gsm8k,146,fixed_8,3.5371460914611816,0.6650697707838559,0.2
gsm8k,147,fixed_8,3.9547884464263916,0.6242150982195419,0.45454545454545453
gsm8k,148,fixed_8,4.286989450454712,0.5486433215354684,0.6296296296296297
gsm8k,149,fixed_8,4.282817363739014,0.5289136188740707,0.543859649122807
gsm8k,0,entropy,5.39954400062561,0.49666139437458606,3.1538461538461537
gsm8k,1,entropy,5.207760810852051,0.5443420782521321,2.1250000000000004
gsm8k,2,entropy,4.951062917709351,0.48182569006277154,1.7777777777777777
gsm8k,3,entropy,5.036295413970947,0.48264352065452004,1.7222222222222223
gsm8k,4,entropy,4.7899065017700195,0.5070799256398254,1.35
gsm8k,5,entropy,4.693683624267578,0.5128281295589071,1.2
gsm8k,6,entropy,5.054378509521484,0.4814133757240703,1.8333333333333333
gsm8k,7,entropy,4.882699489593506,0.551249574819261,1.6111111111111112
gsm8k,8,entropy,5.067006826400757,0.47803128911439263,2.0
gsm8k,9,entropy,5.295721769332886,0.46728458260622574,2.4
gsm8k,10,entropy,5.36483359336853,0.44584808385732605,2.923076923076923
gsm8k,11,entropy,4.3098626136779785,0.5480269431539989,0.7599999999999999
gsm8k,12,entropy,4.002419948577881,0.6189703614015445,0.4411764705882353
gsm8k,13,entropy,4.6386473178863525,0.5236502845384101,1.2
gsm8k,14,entropy,5.572458982467651,0.4214010627064946,3.3333333333333335
gsm8k,15,entropy,4.6894776821136475,0.5152534979367378,1.25
gsm8k,16,entropy,5.346176624298096,0.4484953055924836,2.6428571428571423
gsm8k,17,entropy,4.789143800735474,0.5045428850569705,1.2380952380952381
gsm8k,18,entropy,4.853394985198975,0.494443427575922,1.4736842105263157
gsm8k,19,entropy,5.277849197387695,0.4516459934957481,2.4
gsm8k,20,entropy,4.722813129425049,0.5137092321164098,1.368421052631579
gsm8k,21,entropy,5.362150430679321,0.4531850330155116,3.3333333333333335
gsm8k,22,entropy,5.079644441604614,0.4846311338352646,2.2666666666666666
gsm8k,23,entropy,4.7738659381866455,0.5042924789910825,1.35
gsm8k,24,entropy,5.371631622314453,0.4295830016312287,2.714285714285714
gsm8k,25,entropy,4.986278295516968,0.4674280589617455,2.0
gsm8k,26,entropy,4.525540590286255,0.5802301747286159,1.0952380952380953
gsm8k,27,entropy,5.156007766723633,0.6620287633363457,2.2500000000000004
gsm8k,28,entropy,5.554781913757324,0.6321841063720822,4.6
gsm8k,29,entropy,5.354427099227905,0.5669600649565335,1.8823529411764706
gsm8k,30,entropy,5.410978317260742,0.6334221006580749,1.8823529411764706
gsm8k,31,entropy,5.368718385696411,0.5372601084188644,2.0625
gsm8k,32,entropy,6.060450315475464,0.45063082009385674,4.4
gsm8k,33,entropy,4.478534936904907,0.5343533817563004,0.6538461538461539
gsm8k,34,entropy,5.06695818901062,0.46062990736606557,1.3333333333333333
gsm8k,35,entropy,5.519632339477539,0.42166261731234606,2.1875000000000004
gsm8k,36,entropy,5.871283292770386,0.40061147699213356,3.1428571428571423
gsm8k,37,entropy,5.925320148468018,0.41119156414819313,2.9285714285714284
gsm8k,38,entropy,6.1212098598480225,0.38728771259413386,4.9
gsm8k,39,entropy,6.025573968887329,0.40118463556235645,4.4
gsm8k,40,entropy,4.730928659439087,0.5105407446159853,0.9090909090909091
gsm8k,41,entropy,5.8383448123931885,0.41672440631950786,3.3333333333333335
gsm8k,42,entropy,5.721176385879517,0.4205373624900417,3.3333333333333335
gsm8k,43,entropy,5.607682704925537,0.4244657153136398,2.9285714285714284
gsm8k,44,entropy,4.291099548339844,0.5743257538986173,0.5161290322580645
gsm8k,45,entropy,5.675256252288818,0.42959420259412906,3.0
gsm8k,46,entropy,4.5627217292785645,0.5313027206039345,0.9130434782608694
gsm8k,47,entropy,5.486988067626953,0.4258050805037052,2.3125000000000004
gsm8k,48,entropy,6.257199287414551,0.38223823296803655,3.0
gsm8k,49,entropy,5.192070007324219,0.45901859382691557,1.8823529411764706
gsm8k,50,entropy,5.346553564071655,0.43221602286119853,1.7222222222222223
gsm8k,51,entropy,5.566375732421875,0.43334149138701417,2.1875000000000004
gsm8k,52,entropy,5.086326360702515,0.484968616875193,1.35
gsm8k,53,entropy,5.199680805206299,0.45751335615750566,1.4210526315789473
gsm8k,54,entropy,6.078797817230225,0.3966702104452226,1.5555555555555556
gsm8k,55,entropy,5.521749496459961,0.4294799510325953,0.9999999999999999
gsm8k,56,entropy,6.227923631668091,0.38816544262542346,1.6111111111111112
gsm8k,57,entropy,5.118690252304077,0.47600394665081275,1.368421052631579
gsm8k,58,entropy,5.551149368286133,0.43410057583130296,2.2666666666666666
gsm8k,59,entropy,5.093173265457153,0.47411650150121826,1.0952380952380953
gsm8k,60,entropy,6.10914945602417,0.38523503500479833,4.090909090909091
gsm8k,61,entropy,5.95566725730896,0.3986850376657149,3.076923076923077
gsm8k,62,entropy,5.747730255126953,0.40655257932228206,2.533333333333333
gsm8k,63,entropy,4.735630035400391,0.503740382965595,0.9545454545454546
gsm8k,64,entropy,4.8682861328125,0.49238819472305106,1.1428571428571428
gsm8k,65,entropy,5.187844514846802,0.4611613547930579,1.6666666666666667
gsm8k,66,entropy,5.00569486618042,0.4730603923544036,1.5555555555555556
gsm8k,67,entropy,5.113182067871094,0.47199164049269243,1.5789473684210527
gsm8k,68,entropy,5.649426698684692,0.43095534988143064,3.1538461538461537
gsm8k,69,entropy,5.393907308578491,0.4358103080192013,1.8235294117647058
gsm8k,70,entropy,5.601839542388916,0.41939842230647173,2.923076923076923
gsm8k,71,entropy,5.481212139129639,0.43283015519443996,2.125
gsm8k,72,entropy,5.488619089126587,0.4318234744311233,1.8888888888888888
gsm8k,73,entropy,5.567803621292114,0.42411874828743007,2.533333333333333
gsm8k,74,entropy,5.0940868854522705,0.4708550427126573,1.4
gsm8k,75,entropy,4.557189226150513,0.5248643197214725,1.0476190476190477
gsm8k,76,entropy,5.23081374168396,0.47112527867958354,1.5789473684210527
gsm8k,77,entropy,5.39063024520874,0.4320795250160306,1.9411764705882353
gsm8k,78,entropy,4.705975532531738,0.5014345212848204,1.0
gsm8k,79,entropy,5.800625801086426,0.4139677581058915,3.4166666666666665
gsm8k,80,entropy,5.604722261428833,0.43621948681186407,3.4166666666666665
gsm8k,81,entropy,5.268131732940674,0.44882170854591563,2.125
gsm8k,82,entropy,5.24383807182312,0.45598011043885966,2.0625000000000004
gsm8k,83,entropy,5.537228345870972,0.4280699884033542,1.8823529411764706
gsm8k,84,entropy,5.088459491729736,0.46004366114520734,1.35
gsm8k,85,entropy,4.945429563522339,0.4900869633968876,1.4210526315789473
gsm8k,86,entropy,5.815231561660767,0.4121907769590144,3.909090909090909
gsm8k,87,entropy,5.439690589904785,0.4450591863959036,2.466666666666667
gsm8k,88,entropy,4.768846273422241,0.5043758393851892,0.9565217391304346
gsm8k,89,entropy,5.169896841049194,0.46428273152347116,1.5789473684210527
gsm8k,90,entropy,5.3176751136779785,0.4557103931295386,1.7647058823529411
gsm8k,91,entropy,5.4084484577178955,0.44800157392587076,2.4
gsm8k,92,entropy,5.6859450340271,0.4356295481215613,3.4166666666666665
gsm8k,93,entropy,5.296404600143433,0.47673618015000946,2.1875
gsm8k,94,entropy,5.250670909881592,0.4678312266635063,2.3333333333333335
gsm8k,95,entropy,5.584707975387573,0.4256592703805073,3.1538461538461537
gsm8k,96,entropy,5.447003126144409,0.4453608353916092,2.571428571428571
gsm8k,97,entropy,5.469467878341675,0.4448426853147024,2.3125000000000004
gsm8k,98,entropy,4.38655161857605,0.5560005306945429,0.6666666666666666
gsm8k,99,entropy,4.5341713428497314,0.5523335033329226,0.875
gsm8k,100,entropy,5.501129627227783,0.442177770862651,1.8823529411764706
gsm8k,101,entropy,5.152816295623779,0.4729304987609473,1.8235294117647058
gsm8k,102,entropy,5.530695915222168,0.4237825154693927,2.6666666666666665
gsm8k,103,entropy,5.645890474319458,0.42474131018998224,3.4166666666666665
gsm8k,104,entropy,6.804980278015137,0.35157270529948753,3.1538461538461537
gsm8k,105,entropy,4.9025795459747314,0.4911313861282954,1.25
gsm8k,106,entropy,5.694230318069458,0.4200077099791725,1.6111111111111112
gsm8k,107,entropy,5.345391750335693,0.4560266595326232,1.25
gsm8k,108,entropy,5.203422546386719,0.46333032390403256,1.3333333333333333
gsm8k,109,entropy,4.990391731262207,0.49076976879512996,1.3
gsm8k,110,entropy,4.622922420501709,0.5255040474076714,0.7916666666666666
gsm8k,111,entropy,5.556749582290649,0.4269453968531019,2.4
gsm8k,112,entropy,5.101320266723633,0.49086223870010814,1.4736842105263157
gsm8k,113,entropy,5.554157495498657,0.42314204369237834,2.125
gsm8k,114,entropy,4.747484922409058,0.5122219100213711,0.9599999999999999
gsm8k,115,entropy,5.845292329788208,0.42910432556959716,3.0
gsm8k,116,entropy,5.109745979309082,0.47053153842033446,1.3
gsm8k,117,entropy,5.926225662231445,0.40403027921349166,2.571428571428571
gsm8k,118,entropy,5.438281774520874,0.4415551170599558,2.2666666666666666
gsm8k,119,entropy,4.703429460525513,0.5106890529533401,0.6799999999999999
gsm8k,120,entropy,5.850790500640869,0.4093593095418035,3.4166666666666665
gsm8k,121,entropy,5.170534610748291,0.49994618844998484,1.35
gsm8k,122,entropy,5.560420751571655,0.41806497229344103,2.785714285714285
gsm8k,123,entropy,5.8246283531188965,0.4155563292771891,3.8181818181818183
gsm8k,124,entropy,4.581359624862671,0.5224198132612461,0.7916666666666666
gsm8k,125,entropy,5.087951183319092,0.475879708800401,1.3181818181818181
gsm8k,126,entropy,4.985685348510742,0.47806831462909366,1.4
gsm8k,127,entropy,5.897636413574219,0.4108872806478529,2.923076923076923
gsm8k,128,entropy,5.851648807525635,0.40824542648480905,2.714285714285714
gsm8k,129,entropy,5.561749458312988,0.4282771857006881,2.923076923076923
gsm8k,130,entropy,5.253730773925781,0.4615398508895366,2.0
gsm8k,131,entropy,5.577890872955322,0.429877749315356,2.4
gsm8k,132,entropy,5.023701429367065,0.47513206701687744,1.25
gsm8k,133,entropy,5.89460825920105,0.3973472663705658,3.3333333333333335
gsm8k,134,entropy,5.1158130168914795,0.4639995992035335,1.7222222222222223
gsm8k,135,entropy,5.883960008621216,0.3957931314965604,3.4166666666666665
gsm8k,136,entropy,5.4849207401275635,0.4270470986734651,2.3333333333333335
gsm8k,137,entropy,5.540292501449585,0.4139713485056226,2.571428571428571
gsm8k,138,entropy,4.813891887664795,0.4894062312941962,0.9545454545454546
gsm8k,139,entropy,5.164468765258789,0.4536482764326068,1.2916666666666667
gsm8k,140,entropy,5.418219566345215,0.4585800368394141,2.2666666666666666
gsm8k,141,entropy,4.9910852909088135,0.4646291708625661,1.2857142857142858
gsm8k,142,entropy,5.240938425064087,0.45279932221182434,1.4736842105263157
gsm8k,143,entropy,5.899892807006836,0.4250357957651565,2.466666666666667
gsm8k,144,entropy,6.839983701705933,0.4931786504298115,3.909090909090909
gsm8k,145,entropy,6.103102922439575,0.41721660945120936,2.125
gsm8k,146,entropy,5.128211498260498,0.4587269735413713,1.1428571428571428
gsm8k,147,entropy,5.78860878944397,0.4264649328220861,1.7222222222222223
gsm8k,148,entropy,6.20402979850769,0.37911296493945584,3.8181818181818183
gsm8k,149,entropy,7.393979072570801,0.3063628404407035,3.0
gsm8k,0,epsilon_greedy,5.058171510696411,0.530180727693123,0.13333333333333333
gsm8k,1,epsilon_greedy,4.722003221511841,0.6003391378271014,0.17647058823529413
gsm8k,2,epsilon_greedy,5.062224388122559,0.47124527163724605,0.21428571428571427
gsm8k,3,epsilon_greedy,4.3337554931640625,0.560884284655496,0.2
gsm8k,4,epsilon_greedy,5.461621284484863,0.4447150957974829,0.20512820512820512
gsm8k,5,epsilon_greedy,5.504060983657837,0.4373230966955525,0.43333333333333335
gsm8k,6,epsilon_greedy,4.833344221115112,0.5034289529444176,0.23529411764705882
gsm8k,7,epsilon_greedy,5.10974907875061,0.5267550277178709,0.1111111111111111
gsm8k,8,epsilon_greedy,4.8832526206970215,0.4960193529430892,0.39473684210526316
gsm8k,9,epsilon_greedy,5.617453098297119,0.4405215483386193,0.6666666666666666
gsm8k,10,epsilon_greedy,4.527610540390015,0.5282920773505246,0.0
gsm8k,11,epsilon_greedy,4.312237501144409,0.5477251271435826,0.0
gsm8k,12,epsilon_greedy,4.885096549987793,0.5071300631833351,0.125
gsm8k,13,epsilon_greedy,4.400362014770508,0.5520066257574043,0.15789473684210525
gsm8k,14,epsilon_greedy,4.613306045532227,0.50901460122603,0.029411764705882353
gsm8k,15,epsilon_greedy,5.2712931632995605,0.45838273538420704,0.53125
gsm8k,16,epsilon_greedy,4.912500619888306,0.4880885122250597,0.12121212121212122
gsm8k,17,epsilon_greedy,4.589529514312744,0.526487175349958,0.08823529411764706
gsm8k,18,epsilon_greedy,6.436469793319702,0.37283314128999856,0.2631578947368421
gsm8k,19,epsilon_greedy,5.051203727722168,0.4719111666774598,0.0967741935483871
gsm8k,20,epsilon_greedy,4.719973564147949,0.5140182827664226,0.16666666666666666
gsm8k,21,epsilon_greedy,4.768041372299194,0.509652943466335,0.1388888888888889
gsm8k,22,epsilon_greedy,4.677327871322632,0.5263162884749238,0.10256410256410256
gsm8k,23,epsilon_greedy,4.233348608016968,0.5686809453348908,0.05128205128205128
gsm8k,24,epsilon_greedy,4.693816423416138,0.49161735948157015,0.15151515151515152
gsm8k,25,epsilon_greedy,4.74394154548645,0.491305881990496,0.12903225806451613
gsm8k,26,epsilon_greedy,4.400717735290527,0.5966879416931936,0.0
gsm8k,27,epsilon_greedy,4.938110828399658,0.6912411576357558,0.08571428571428572
gsm8k,28,epsilon_greedy,4.37238621711731,0.8031415034867818,0.02702702702702703
gsm8k,29,epsilon_greedy,4.574558973312378,0.6636150837039341,0.06060606060606061
gsm8k,30,epsilon_greedy,4.951180934906006,0.6922456071381002,0.14634146341463414
gsm8k,31,epsilon_greedy,5.018083810806274,0.5748007268746986,0.20588235294117646
gsm8k,32,epsilon_greedy,4.566509485244751,0.5980554085402073,0.1388888888888889
gsm8k,33,epsilon_greedy,4.639188528060913,0.5158488977918629,0.1388888888888889
gsm8k,34,epsilon_greedy,4.663345813751221,0.5004974056072015,0.029411764705882353
gsm8k,35,epsilon_greedy,4.537631273269653,0.512915765671923,0.15
gsm8k,36,epsilon_greedy,4.899055004119873,0.4801137096395068,0.0
gsm8k,37,epsilon_greedy,4.9465110301971436,0.49255761183054786,0.4166666666666667
gsm8k,38,epsilon_greedy,4.82762336730957,0.49106344562466786,0.17647058823529413
gsm8k,39,epsilon_greedy,4.94225549697876,0.48912236492828853,0.3142857142857143
gsm8k,40,epsilon_greedy,4.59659743309021,0.5254608165438913,0.0
gsm8k,41,epsilon_greedy,5.170260190963745,0.47057221222354345,0.24137931034482757
gsm8k,42,epsilon_greedy,4.93142294883728,0.4878852316298189,0.15151515151515152
gsm8k,43,epsilon_greedy,5.173457622528076,0.46009249988501805,0.47058823529411764
gsm8k,44,epsilon_greedy,4.704985618591309,0.5238037228883549,0.1794871794871795
gsm8k,45,epsilon_greedy,4.732309818267822,0.5151939069601676,0.12121212121212122
gsm8k,46,epsilon_greedy,5.00948166847229,0.48391962054303284,0.12121212121212122
gsm8k,47,epsilon_greedy,4.510790109634399,0.5179552448846105,0.18421052631578946
gsm8k,48,epsilon_greedy,4.876031398773193,0.4905097205797231,0.06451612903225806
gsm8k,49,epsilon_greedy,4.570022106170654,0.5214978436526343,0.02857142857142857
gsm8k,50,epsilon_greedy,4.72977089881897,0.48857886923327376,0.030303030303030304
gsm8k,51,epsilon_greedy,5.056415796279907,0.4770457293648266,0.3888888888888889
gsm8k,52,epsilon_greedy,4.790029048919678,0.5149673697035435,0.075
gsm8k,53,epsilon_greedy,4.663492679595947,0.5101162539712208,0.09090909090909091
gsm8k,54,epsilon_greedy,4.603720188140869,0.5237672818661085,0.058823529411764705
gsm8k,55,epsilon_greedy,4.952761650085449,0.47881987281034755,0.2727272727272727
gsm8k,56,epsilon_greedy,4.56842827796936,0.5291677106504402,0.08333333333333333
gsm8k,57,epsilon_greedy,4.5601677894592285,0.534304191045725,0.1388888888888889
gsm8k,58,epsilon_greedy,4.3641722202301025,0.5521682041162731,0.05555555555555555
gsm8k,59,epsilon_greedy,4.739097833633423,0.5095394893560804,0.0625
gsm8k,60,epsilon_greedy,4.793171167373657,0.4910023703223092,0.15151515151515152
gsm8k,61,epsilon_greedy,4.7599873542785645,0.4988322968275118,0.1875
gsm8k,62,epsilon_greedy,4.700066566467285,0.49717477985146025,0.14705882352941177
gsm8k,63,epsilon_greedy,4.373831510543823,0.5454092325836668,0.0
gsm8k,64,epsilon_greedy,5.374680757522583,0.4459960932518211,0.5483870967741935
gsm8k,65,epsilon_greedy,4.329228162765503,0.5526235428058851,0.08108108108108109
gsm8k,66,epsilon_greedy,4.757913589477539,0.4976962975197203,0.24242424242424243
gsm8k,67,epsilon_greedy,4.535004615783691,0.5321668657078622,0.05714285714285714
gsm8k,68,epsilon_greedy,4.343045949935913,0.5605859775895494,0.027777777777777776
gsm8k,69,epsilon_greedy,5.024517297744751,0.46784999757762435,0.20588235294117646
gsm8k,70,epsilon_greedy,4.735115051269531,0.49616590951935174,0.12121212121212122
gsm8k,71,epsilon_greedy,4.299214839935303,0.5518295756694103,0.0
gsm8k,72,epsilon_greedy,4.5198328495025635,0.5243810211159636,0.10810810810810811
gsm8k,73,epsilon_greedy,4.4278223514556885,0.5333117986985851,0.05405405405405406
gsm8k,74,epsilon_greedy,4.698302268981934,0.5105198347639219,0.11764705882352941
gsm8k,75,epsilon_greedy,4.257163047790527,0.5618544547564169,0.02631578947368421
gsm8k,76,epsilon_greedy,4.900523900985718,0.5028785965672271,0.2777777777777778
gsm8k,77,epsilon_greedy,4.415933609008789,0.527449269421796,0.027777777777777776
gsm8k,78,epsilon_greedy,4.609654664993286,0.5119122276671818,0.06451612903225806
gsm8k,79,epsilon_greedy,5.071664333343506,0.4734682543361253,0.5151515151515151
gsm8k,80,epsilon_greedy,4.18135404586792,0.5847122826204094,0.02631578947368421
gsm8k,81,epsilon_greedy,5.131279706954956,0.4607918531547991,0.36666666666666664
gsm8k,82,epsilon_greedy,4.26375150680542,0.5607939063280225,0.05405405405405406
gsm8k,83,epsilon_greedy,4.517290830612183,0.5247218659779064,0.05128205128205128
gsm8k,84,epsilon_greedy,5.03362774848938,0.4650549566099619,0.17142857142857143
gsm8k,85,epsilon_greedy,4.572366714477539,0.53007352839957,0.05405405405405406
gsm8k,86,epsilon_greedy,4.491406202316284,0.5336824833080949,0.05714285714285714
gsm8k,87,epsilon_greedy,4.178935766220093,0.5793303375845597,0.13333333333333333
gsm8k,88,epsilon_greedy,2.153459310531616,1.1169427860991203,0.03636363636363636
gsm8k,89,epsilon_greedy,2.8388965129852295,0.8455024042186258,0.375
gsm8k,90,epsilon_greedy,2.740063428878784,0.8844028174854922,0.0975609756097561
gsm8k,91,epsilon_greedy,3.039085626602173,0.797277115309046,0.058823529411764705
gsm8k,92,epsilon_greedy,3.129277467727661,0.7915455536820519,0.1794871794871795
gsm8k,93,epsilon_greedy,2.8536324501037598,0.8848328373577011,0.20454545454545456
gsm8k,94,epsilon_greedy,3.3042638301849365,0.7434115248717321,0.30303030303030304
gsm8k,95,epsilon_greedy,2.6859724521636963,0.8850361514976541,0.11627906976744186
gsm8k,96,epsilon_greedy,2.8073275089263916,0.8641249925157869,0.0
gsm8k,97,epsilon_greedy,3.0636706352233887,0.7941626460334603,0.05714285714285714
gsm8k,98,epsilon_greedy,3.3512725830078125,0.7277608632056787,0.3225806451612903
gsm8k,99,epsilon_greedy,2.91339373588562,0.8596073752958245,0.0
gsm8k,100,epsilon_greedy,3.051654100418091,0.7971012296121001,0.0
gsm8k,101,epsilon_greedy,3.201179027557373,0.7612582613264088,0.3055555555555556
gsm8k,102,epsilon_greedy,3.1698696613311768,0.7394033438790882,0.09090909090909091
gsm8k,103,epsilon_greedy,3.2951738834381104,0.7277439680207476,0.38235294117647056
gsm8k,104,epsilon_greedy,3.062549352645874,0.7811940479537087,0.058823529411764705
gsm8k,105,epsilon_greedy,3.0323736667633057,0.794034954995783,0.05714285714285714
gsm8k,106,epsilon_greedy,3.320314407348633,0.7202994483573941,0.45714285714285713
gsm8k,107,epsilon_greedy,3.3537819385528564,0.7268335236042986,0.12903225806451613
gsm8k,108,epsilon_greedy,2.921001672744751,0.8253687344045485,0.10810810810810811
gsm8k,109,epsilon_greedy,3.1636760234832764,0.7741416560890872,0.05128205128205128
gsm8k,110,epsilon_greedy,3.2026991844177246,0.7585365664827478,0.075
gsm8k,111,epsilon_greedy,3.115841865539551,0.7614085560191197,0.19444444444444445
gsm8k,112,epsilon_greedy,2.9709835052490234,0.8428338568780813,0.0
gsm8k,113,epsilon_greedy,2.993345022201538,0.7851408829263946,0.0
gsm8k,114,epsilon_greedy,3.6065449714660645,0.6742646532882447,0.3225806451612903
gsm8k,115,epsilon_greedy,3.334803819656372,0.7521402632882208,0.19444444444444445
gsm8k,116,epsilon_greedy,3.260209083557129,0.7374670074712373,0.23529411764705882
gsm8k,117,epsilon_greedy,3.2649004459381104,0.7333683365360777,0.06451612903225806
gsm8k,118,epsilon_greedy,3.165679454803467,0.7585421012572695,0.15384615384615385
gsm8k,119,epsilon_greedy,3.361152172088623,0.7146329037926344,0.15151515151515152
gsm8k,120,epsilon_greedy,3.322340250015259,0.720900142483928,0.2647058823529412
gsm8k,121,epsilon_greedy,3.12802791595459,0.8263957804556438,0.10526315789473684
gsm8k,122,epsilon_greedy,3.063314199447632,0.7588569099000184,0.08571428571428572
gsm8k,123,epsilon_greedy,2.8867785930633545,0.8384644335530472,0.02564102564102564
gsm8k,124,epsilon_greedy,3.5689821243286133,0.6706094220501615,0.3548387096774194
gsm8k,125,epsilon_greedy,3.500453233718872,0.6916969220400675,0.4411764705882353
gsm8k,126,epsilon_greedy,3.1267929077148438,0.7622820769334,0.02857142857142857
gsm8k,127,epsilon_greedy,2.735994577407837,0.8856975844298417,0.025
gsm8k,128,epsilon_greedy,3.476715087890625,0.6871166611806012,0.21875
gsm8k,129,epsilon_greedy,3.5431418418884277,0.6722763332300206,0.16666666666666666
gsm8k,130,epsilon_greedy,3.4477155208587646,0.703308061045448,0.3125
gsm8k,131,epsilon_greedy,3.368530750274658,0.7118270106921811,0.4166666666666667
gsm8k,132,epsilon_greedy,3.1008667945861816,0.7697594905973237,0.023255813953488372
gsm8k,133,epsilon_greedy,3.2586612701416016,0.718763407409055,0.03125
gsm8k,134,epsilon_greedy,3.0059473514556885,0.7896795625140736,0.0
gsm8k,135,epsilon_greedy,2.9391610622406006,0.792345471410604,0.1282051282051282
gsm8k,136,epsilon_greedy,3.256258249282837,0.719328538834801,0.0967741935483871
gsm8k,137,epsilon_greedy,3.0810365676879883,0.744399590058009,0.05714285714285714
gsm8k,138,epsilon_greedy,3.503687858581543,0.6724196851124545,0.3333333333333333
gsm8k,139,epsilon_greedy,2.8156657218933105,0.8320775921064597,0.024390243902439025
gsm8k,140,epsilon_greedy,2.9333651065826416,0.8470433233022512,0.08108108108108109
gsm8k,141,epsilon_greedy,3.205678939819336,0.7234048898702267,0.09090909090909091
gsm8k,142,epsilon_greedy,3.0048539638519287,0.789753310866679,0.029411764705882353
gsm8k,143,epsilon_greedy,3.588667631149292,0.6987734423742603,0.4666666666666667
gsm8k,144,epsilon_greedy,3.2020263671875,1.0534997355228546,0.11428571428571428
gsm8k,145,epsilon_greedy,3.244357109069824,0.7848445232226764,0.2
gsm8k,146,epsilon_greedy,3.02046275138855,0.778837262335265,0.02702702702702703
gsm8k,147,epsilon_greedy,3.375708818435669,0.7312949046557716,0.16666666666666666
gsm8k,148,epsilon_greedy,3.1344926357269287,0.7503696466460257,0.08823529411764706
gsm8k,149,epsilon_greedy,3.2112579345703125,0.7054059427758217,0.15151515151515152
gsm8k,0,ucb,2.941589593887329,0.9116652635399433,0.46938775510204084
gsm8k,1,ucb,2.3264222145080566,1.2185248770153525,0.09615384615384616
gsm8k,2,ucb,2.5293619632720947,0.9431427140556248,0.22641509433962265
gsm8k,3,ucb,2.633117437362671,0.9231397411920127,0.26
gsm8k,4,ucb,2.5739266872406006,0.9436420410804874,0.14545454545454545
gsm8k,5,ucb,2.976240396499634,0.8087562404587201,0.4489795918367347
gsm8k,6,ucb,3.358999729156494,0.7243958370508606,0.6739130434782608
gsm8k,7,ucb,2.790796995162964,0.9644506649081697,0.3
gsm8k,8,ucb,3.435807228088379,0.7049836164770636,0.673469387755102
gsm8k,9,ucb,3.9708690643310547,0.6231908170455631,1.1951219512195121
gsm8k,10,ucb,2.3451144695281982,1.0199505435220768,0.0
gsm8k,11,ucb,2.272679567337036,1.0392669813788034,0.018867924528301886
gsm8k,12,ucb,3.2272486686706543,0.7676443857896041,0.7045454545454546
gsm8k,13,ucb,2.8003158569335938,0.8674125034396514,0.22
gsm8k,14,ucb,2.48600172996521,0.9445850776351159,0.21153846153846154
gsm8k,15,ucb,3.7787933349609375,0.6394289300900071,1.048780487804878
gsm8k,16,ucb,2.8733997344970703,0.8344592957532382,0.3617021276595745
gsm8k,17,ucb,2.8290035724639893,0.8541270338768858,0.375
gsm8k,18,ucb,2.58902907371521,0.9268838562782163,0.1836734693877551
gsm8k,19,ucb,2.621011734008789,0.9094653844334559,0.22
gsm8k,20,ucb,2.474820852279663,0.9803346791390605,0.14
gsm8k,21,ucb,2.554434061050415,0.9513051665785738,0.18867924528301888
gsm8k,22,ucb,2.9950973987579346,0.8219278098387492,0.2641509433962264
gsm8k,23,ucb,2.469148635864258,0.9750019311804534,0.1568627450980392
gsm8k,24,ucb,2.93554949760437,0.7860748516944489,0.3695652173913043
gsm8k,25,ucb,2.9195704460144043,0.7983114051241078,0.2545454545454545
gsm8k,26,ucb,2.5370216369628906,1.035014904558201,0.19607843137254902
gsm8k,27,ucb,3.2036638259887695,1.0654755401819138,0.34615384615384615
gsm8k,28,ucb,2.5502824783325195,1.376963089412957,0.125
gsm8k,29,ucb,2.6985366344451904,1.1249602088901842,0.23529411764705882
gsm8k,30,ucb,2.671241044998169,1.2830864735147645,0.17391304347826086
gsm8k,31,ucb,3.108280658721924,0.9279722581922907,0.5217391304347826
gsm8k,32,ucb,3.3455111980438232,0.8163253787336469,0.5102040816326531
gsm8k,33,ucb,2.901869773864746,0.8246821791943095,0.2608695652173913
gsm8k,34,ucb,2.7247042655944824,0.8566039664207201,0.2978723404255319
gsm8k,35,ucb,2.4869141578674316,0.9358676943082622,0.04
gsm8k,36,ucb,2.3699870109558105,0.9924541615134772,0.055555555555555546
gsm8k,37,ucb,2.839655637741089,0.8580060298668917,0.36
gsm8k,38,ucb,2.6194875240325928,0.9050126573153713,0.09090909090909091
gsm8k,39,ucb,3.322768211364746,0.7275161982391815,0.6744186046511628
gsm8k,40,ucb,2.5230112075805664,0.9573210904724088,0.07692307692307693
gsm8k,41,ucb,3.233844757080078,0.752349280374835,0.5
gsm8k,42,ucb,2.9907901287078857,0.8044591309044925,0.4117647058823529
gsm8k,43,ucb,3.0247905254364014,0.786920294341616,0.4222222222222222
gsm8k,44,ucb,2.685511350631714,0.9176982188418508,0.28
gsm8k,45,ucb,2.7927839756011963,0.8729845220823158,0.30434782608695654
gsm8k,46,ucb,3.2918338775634766,0.7364243027715314,0.5
gsm8k,47,ucb,2.6729562282562256,0.874083672287806,0.14814814814814814
gsm8k,48,ucb,2.673285484313965,0.8946821478604554,0.24489795918367346
gsm8k,49,ucb,2.551745891571045,0.9339710045915096,0.11538461538461539
gsm8k,50,ucb,2.5650343894958496,0.9009103842586732,0.12
gsm8k,51,ucb,3.288179397583008,0.7335796712555389,0.5319148936170213
gsm8k,52,ucb,2.4572954177856445,1.003830732874833,0.0392156862745098
gsm8k,53,ucb,2.771953582763672,0.8582118513564285,0.2978723404255319
gsm8k,54,ucb,3.0593881607055664,0.7881569394772633,0.37777777777777777
gsm8k,55,ucb,2.675816297531128,0.8862643917454106,0.2653061224489796
gsm8k,56,ucb,2.980231523513794,0.8111667546800213,0.2857142857142857
gsm8k,57,ucb,2.7613391876220703,0.8823677919401107,0.2916666666666667
gsm8k,58,ucb,3.006985902786255,0.801386243635435,0.3953488372093023
gsm8k,59,ucb,2.783071279525757,0.8676592324180653,0.2978723404255319
gsm8k,60,ucb,3.013531446456909,0.7809636124116246,0.391304347826087
gsm8k,61,ucb,2.9367730617523193,0.8085185252237042,0.2558139534883721
gsm8k,62,ucb,2.77994704246521,0.8405752069285416,0.20408163265306123
gsm8k,63,ucb,2.5389628410339355,0.9395679405235069,0.13725490196078433
gsm8k,64,ucb,3.6866235733032227,0.6502119277078825,0.8372093023255814
gsm8k,65,ucb,2.390109062194824,1.0009724839608476,0.06
gsm8k,66,ucb,2.979795217514038,0.7946841324811871,0.3695652173913043
gsm8k,67,ucb,2.6784040927886963,0.9010511889710924,0.10416666666666667
gsm8k,68,ucb,2.6033456325531006,0.9352007006359333,0.27450980392156865
gsm8k,69,ucb,2.835688352584839,0.8289769936939091,0.24
gsm8k,70,ucb,2.5359935760498047,0.9264229563828275,0.2
gsm8k,71,ucb,2.283867120742798,1.0387793051907184,0.038461538461538464
gsm8k,72,ucb,2.464076519012451,0.9618672742539346,0.18
gsm8k,73,ucb,2.5573511123657227,0.9233811857724018,0.10526315789473684
gsm8k,74,ucb,3.6433231830596924,0.6583485399220808,0.7073170731707317
gsm8k,75,ucb,2.5978009700775146,0.9207426013680108,0.1
gsm8k,76,ucb,3.0824904441833496,0.7994732267287663,0.4883720930232558
gsm8k,77,ucb,3.051811933517456,0.7632124805286656,0.3953488372093023
gsm8k,78,ucb,2.710056781768799,0.8707340024045461,0.1875
gsm8k,79,ucb,2.9095611572265625,0.825303861554114,0.3333333333333333
gsm8k,80,ucb,2.7325022220611572,0.8947436707880547,0.17777777777777778
gsm8k,81,ucb,3.371271848678589,0.7013530772222253,0.4772727272727273
gsm8k,82,ucb,2.147813081741333,1.1132653411230917,0.07407407407407407
gsm8k,83,ucb,2.647245168685913,0.8953916704965915,0.11538461538461539
gsm8k,84,ucb,2.9428718090057373,0.7954520910495646,0.3617021276595745
gsm8k,85,ucb,2.908686637878418,0.8332594257206362,0.13333333333333333
gsm8k,86,ucb,2.7271370887756348,0.8789381455971014,0.15384615384615385
gsm8k,87,ucb,2.7257165908813477,0.8882010243793039,0.32653061224489793
gsm8k,88,ucb,2.7158524990081787,0.8856485552638369,0.17391304347826086
gsm8k,89,ucb,2.9237921237945557,0.8209522857397042,0.42857142857142855
gsm8k,90,ucb,2.6048600673675537,0.9303071005416191,0.12244897959183673
gsm8k,91,ucb,2.7231273651123047,0.8897833618056414,0.1956521739130435
gsm8k,92,ucb,3.013267993927002,0.8220197044568837,0.40425531914893614
gsm8k,93,ucb,2.538134813308716,0.9948201665102813,0.041666666666666664
gsm8k,94,ucb,2.8146567344665527,0.8727273143102645,0.3
gsm8k,95,ucb,2.7338790893554688,0.8695273801052088,0.18181818181818182
gsm8k,96,ucb,2.4986417293548584,0.970880232303947,0.0
gsm8k,97,ucb,2.5727386474609375,0.9457053792250618,0.19298245614035087
gsm8k,98,ucb,3.453552484512329,0.7062076047156662,0.7073170731707317
gsm8k,99,ucb,2.4898409843444824,1.0058372234431183,0.0
gsm8k,100,ucb,2.548074960708618,0.9546333107553464,0.018867924528301886
gsm8k,101,ucb,3.035395622253418,0.802835703803172,0.5625
gsm8k,102,ucb,3.017805337905884,0.7766611708877034,0.19047619047619047
gsm8k,103,ucb,2.6112494468688965,0.9183507612139614,0.3
gsm8k,104,ucb,2.6501736640930176,0.9027503964236318,0.17391304347826086
gsm8k,105,ucb,2.6742970943450928,0.9003527293621228,0.13636363636363635
gsm8k,106,ucb,2.864276647567749,0.834982416247123,0.32
gsm8k,107,ucb,2.972102165222168,0.8201740748762625,0.3333333333333333
gsm8k,108,ucb,2.969864845275879,0.8117889464437729,0.3888888888888889
gsm8k,109,ucb,2.7353014945983887,0.8953796870235967,0.2765957446808511
gsm8k,110,ucb,3.1107006072998047,0.7809701895207747,0.1282051282051282
gsm8k,111,ucb,2.885450601577759,0.8222038714948543,0.425531914893617
gsm8k,112,ucb,2.9852144718170166,0.8388159410623697,0.2391304347826087
gsm8k,113,ucb,2.3181822299957275,1.0138105293124327,0.0
gsm8k,114,ucb,3.311142683029175,0.7344189083779817,0.5777777777777777
gsm8k,115,ucb,2.9165637493133545,0.8599984222945315,0.2558139534883721
gsm8k,116,ucb,2.6449058055877686,0.9090292106062817,0.1956521739130435
gsm8k,117,ucb,2.435009717941284,0.9833121368476059,0.12244897959183673
gsm8k,118,ucb,2.5481066703796387,0.9423864288993139,0.2222222222222222
gsm8k,119,ucb,2.9630632400512695,0.810644168629709,0.3125
gsm8k,120,ucb,2.8054046630859375,0.8537362153599304,0.11904761904761904
gsm8k,121,ucb,2.959712028503418,0.8733920888240728,0.36363636363636365
gsm8k,122,ucb,2.840125322341919,0.8184910465601705,0.24444444444444444
gsm8k,123,ucb,2.613410711288452,0.9261694564007519,0.10416666666666667
gsm8k,124,ucb,3.3105268478393555,0.7229643950072292,0.6
gsm8k,125,ucb,3.2160794734954834,0.7528584873174606,0.42857142857142855
gsm8k,126,ucb,2.2991714477539062,1.0366770143052924,0.14814814814814814
gsm8k,127,ucb,2.497856616973877,0.9701372655885354,0.10909090909090909
gsm8k,128,ucb,2.891587972640991,0.8261581130058965,0.20454545454545456
gsm8k,129,ucb,3.1947500705718994,0.7455889671996193,0.6046511627906976
gsm8k,130,ucb,2.9427716732025146,0.8239871751153033,0.2857142857142857
gsm8k,131,ucb,2.9314303398132324,0.8179662814520333,0.3673469387755102
gsm8k,132,ucb,2.9701921939849854,0.8036253172588068,0.4444444444444444
gsm8k,133,ucb,2.8936586380004883,0.809427362080745,0.1
gsm8k,134,ucb,2.5778329372406006,0.9208258437332221,0.0
gsm8k,135,ucb,2.9840402603149414,0.7804287992974099,0.3953488372093023
gsm8k,136,ucb,2.756760835647583,0.8496636553439582,0.0975609756097561
gsm8k,137,ucb,2.6385433673858643,0.8692380751781921,0.23529411764705882
gsm8k,138,ucb,3.1670546531677246,0.7438926525133642,0.375
gsm8k,139,ucb,2.37155818939209,0.9878957912688765,0.08163265306122448
gsm8k,140,ucb,2.5251760482788086,0.9839659813153292,0.07692307692307693
gsm8k,141,ucb,2.712056875228882,0.8550719719783166,0.1875
gsm8k,142,ucb,2.253909111022949,1.0528789093655526,0.07692307692307693
gsm8k,143,ucb,3.5418033599853516,0.7080194407420869,0.85
gsm8k,144,ucb,3.029481887817383,1.1135019306550753,0.25
gsm8k,145,ucb,2.9008266925811768,0.877789740057265,0.22727272727272727
gsm8k,146,ucb,2.654466152191162,0.8862229937779549,0.32653061224489793
gsm8k,147,ucb,3.065739631652832,0.8052342844237699,0.2619047619047619
gsm8k,148,ucb,2.6823830604553223,0.8768427470928553,0.24
gsm8k,149,ucb,2.7577250003814697,0.8214163596872653,0.34
gsm8k,0,history,3.080127239227295,0.8706604773283361,0.6122448979591837
gsm8k,1,history,2.914402484893799,0.9726876632561321,0.38
gsm8k,2,history,2.6463208198547363,0.9014588439055761,0.42857142857142855
gsm8k,3,history,2.679506778717041,0.9071577534202014,0.40350877192982454
gsm8k,4,history,2.716315507888794,0.8941764775429378,0.45454545454545453
gsm8k,5,history,2.7664525508880615,0.8700864914533682,0.5283018867924528
gsm8k,6,history,3.161531925201416,0.769641261902144,0.6851851851851851
gsm8k,7,history,2.9173972606658936,0.9225983906608215,0.5849056603773585
gsm8k,8,history,3.5763115882873535,0.6772865689635654,0.96
gsm8k,9,history,3.244155168533325,0.7627900048012148,0.42105263157894735
gsm8k,10,history,2.3082427978515625,1.0362431456704104,0.0
gsm8k,11,history,2.1653764247894287,1.0907668553828145,0.10344827586206896
gsm8k,12,history,3.3547980785369873,0.7384585492347653,0.9
gsm8k,13,history,2.5086255073547363,0.9682708641696993,0.15789473684210525
gsm8k,14,history,2.386319637298584,0.9840425818892093,0.3090909090909091
gsm8k,15,history,3.8885042667388916,0.6213879716870507,1.25
gsm8k,16,history,2.9572765827178955,0.8107916360877953,0.5925925925925926
gsm8k,17,history,2.630859136581421,0.9184560269979317,0.3559322033898305
gsm8k,18,history,2.3948214054107666,1.002049358018814,0.2857142857142857
gsm8k,19,history,2.406221389770508,0.990648430941863,0.2857142857142857
gsm8k,20,history,2.652292251586914,0.9147380740921854,0.45454545454545453
gsm8k,21,history,2.129859447479248,1.1409421043428851,0.06666666666666667
gsm8k,22,history,2.9233407974243164,0.8421029280554067,0.4915254237288136
gsm8k,23,history,2.416602373123169,0.9962022362942256,0.14285714285714285
gsm8k,24,history,2.673383951187134,0.8631613259092026,0.3793103448275862
gsm8k,25,history,2.9223074913024902,0.7975637033588681,0.6296296296296297
gsm8k,26,history,2.3920722007751465,1.0977324206988124,0.2857142857142857
gsm8k,27,history,2.6602203845977783,1.2831363391243038,0.3333333333333333
gsm8k,28,history,2.4113876819610596,1.4562755157580616,0.22033898305084745
gsm8k,29,history,2.474994421005249,1.2265669410075968,0.2631578947368421
gsm8k,30,history,2.695690393447876,1.2714491473743748,0.42857142857142855
gsm8k,31,history,3.3670473098754883,0.8566550916910841,0.8703703703703702
gsm8k,32,history,3.297429323196411,0.8282287285397891,0.8269230769230769
gsm8k,33,history,2.6894149780273438,0.8898293154462181,0.2727272727272727
gsm8k,34,history,2.644890308380127,0.8824534136015462,0.42857142857142855
gsm8k,35,history,2.1591196060180664,1.0779498330610278,0.12280701754385964
gsm8k,36,history,2.407106876373291,0.9771495793738159,0.14285714285714285
gsm8k,37,history,2.951035737991333,0.8256225529772028,0.6
gsm8k,38,history,3.1589767932891846,0.7504548213096605,0.6271186440677966
gsm8k,39,history,3.396538019180298,0.7117151885570471,0.9803921568627451
gsm8k,40,history,2.4457437992095947,0.9875653538591056,0.06779661016949153
gsm8k,41,history,3.4617326259613037,0.7028216903832961,0.8571428571428571
gsm8k,42,history,3.2033474445343018,0.7510794471462203,0.6271186440677966
gsm8k,43,history,3.480661630630493,0.6838553422289941,1.0204081632653061
gsm8k,44,history,2.818836212158203,0.8742930761725226,0.37735849056603776
gsm8k,45,history,3.195364475250244,0.7629981503216232,0.6271186440677966
gsm8k,46,history,3.412752628326416,0.7103317269476954,0.7647058823529411
gsm8k,47,history,2.503366470336914,0.9332981900745533,0.21818181818181817
gsm8k,48,history,2.2948338985443115,1.0422282852224536,0.15517241379310345
gsm8k,49,history,2.4439685344696045,0.9751584933273644,0.16129032258064516
gsm8k,50,history,2.7210781574249268,0.8492465059012818,0.3114754098360656
gsm8k,51,history,3.3654356002807617,0.71673977695694,0.9803921568627451
gsm8k,52,history,2.647845983505249,0.9315906874841244,0.2631578947368421
gsm8k,53,history,3.0327398777008057,0.7844139332982345,0.7115384615384616
gsm8k,54,history,2.935154438018799,0.8215165710470289,0.4915254237288136
gsm8k,55,history,2.401752233505249,0.9873960645361044,0.18032786885245902
gsm8k,56,history,2.9156033992767334,0.8291473160318973,0.5714285714285714
gsm8k,57,history,3.168240785598755,0.7690440615672196,0.6
gsm8k,58,history,2.670531988143921,0.902350972763827,0.42857142857142855
gsm8k,59,history,2.6327478885650635,0.9172004279810496,0.48148148148148145
gsm8k,60,history,2.909594774246216,0.8088612288461107,0.4915254237288136
gsm8k,61,history,2.9867820739746094,0.79498114224482,0.6
gsm8k,62,history,3.424182176589966,0.6824270555597836,0.8392857142857143
gsm8k,63,history,2.6320013999938965,0.9063551742873308,0.2857142857142857
gsm8k,64,history,3.8002688884735107,0.6307676353116346,1.0555555555555556
gsm8k,65,history,2.2533838748931885,1.0617069872464087,0.17857142857142858
gsm8k,66,history,2.920766830444336,0.8107446142975715,0.5714285714285714
gsm8k,67,history,2.91493558883667,0.8279356846150612,0.6
gsm8k,68,history,2.389314889907837,1.018974380415412,0.2857142857142857
gsm8k,69,history,2.9296538829803467,0.8023884388647363,0.44262295081967207
gsm8k,70,history,2.916260242462158,0.805621745235038,0.46666666666666673
gsm8k,71,history,2.137516975402832,1.109901782364103,0.015873015873015872
gsm8k,72,history,2.4008967876434326,0.987178864619992,0.22033898305084745
gsm8k,73,history,2.3903121948242188,0.9879085701381729,0.18032786885245902
gsm8k,74,history,2.9506022930145264,0.8129108093321094,0.5172413793103449
gsm8k,75,history,2.3726248741149902,1.008126505424805,0.22033898305084745
gsm8k,76,history,2.9430298805236816,0.8373576490271114,0.46666666666666673
gsm8k,77,history,2.6824026107788086,0.8683189266694706,0.45454545454545453
gsm8k,78,history,2.135592222213745,1.1049574744597241,0.10344827586206896
gsm8k,79,history,2.912593126296997,0.824444731674506,0.6
gsm8k,80,history,2.6603293418884277,0.9190174427306125,0.2903225806451613
gsm8k,81,history,3.2919039726257324,0.718262715099014,0.8301886792452831
gsm8k,82,history,2.5534474849700928,0.9364147401454819,0.3103448275862069
gsm8k,83,history,2.4075565338134766,0.9845340038803632,0.2
gsm8k,84,history,3.0356810092926025,0.7711329111980465,0.6545454545454545
gsm8k,85,history,2.8964383602142334,0.8367830611456863,0.47368421052631576
gsm8k,86,history,2.668583631515503,0.898223607193556,0.3508771929824561
gsm8k,87,history,2.874354839324951,0.8422704932133747,0.4482758620689655
gsm8k,88,history,2.201942205429077,1.0923496702710107,0.14545454545454545
gsm8k,89,history,2.6526827812194824,0.9048552069816014,0.45454545454545453
gsm8k,90,history,2.4009931087493896,1.0092989470726117,0.14285714285714285
gsm8k,91,history,2.658515691757202,0.911408358080082,0.3559322033898305
gsm8k,92,history,3.6329166889190674,0.6818118547481069,1.125
gsm8k,93,history,2.7540969848632812,0.9168114672354807,0.23076923076923078
gsm8k,94,history,2.7702698707580566,0.8867106553428014,0.3275862068965517
gsm8k,95,history,2.4067325592041016,0.9877220104911869,0.3090909090909091
gsm8k,96,history,2.114065647125244,1.1474959947148053,0.0
gsm8k,97,history,2.3833765983581543,1.0208427740375083,0.2
gsm8k,98,history,3.4498279094696045,0.7069700552750945,0.807017543859649
gsm8k,99,history,2.0555639266967773,1.2183395077050128,0.0
gsm8k,100,history,2.124070405960083,1.1451961427307698,0.0847457627118644
gsm8k,101,history,2.9398016929626465,0.8289416209761513,0.5172413793103449
gsm8k,102,history,3.4464845657348633,0.680058820094961,0.8888888888888888
gsm8k,103,history,2.727036237716675,0.8793586546761288,0.3333333333333333
gsm8k,104,history,2.4367027282714844,0.9818371761534331,0.16363636363636364
gsm8k,105,history,2.378943681716919,1.0121343798610003,0.14285714285714285
gsm8k,106,history,3.1284501552581787,0.7644745855920332,0.6842105263157895
gsm8k,107,history,3.7886881828308105,0.6433997801258707,1.14
gsm8k,108,history,3.024075984954834,0.7972364007457016,0.35294117647058826
gsm8k,109,history,2.76954984664917,0.8843073899218118,0.4444444444444444
gsm8k,110,history,2.6827166080474854,0.9055613386586663,0.4
gsm8k,111,history,2.6527695655822754,0.8943214240712417,0.4
gsm8k,112,history,2.5060486793518066,0.9992006568275724,0.23728813559322035
gsm8k,113,history,2.1180098056793213,1.1096254357901105,0.0
gsm8k,114,history,3.576517105102539,0.6799256716218919,1.0192307692307692
gsm8k,115,history,3.067622184753418,0.8176496556183713,0.6470588235294118
gsm8k,116,history,2.4357659816741943,0.9870803084822035,0.19298245614035087
gsm8k,117,history,2.3506579399108887,1.0185976310463525,0.2727272727272727
gsm8k,118,history,3.004335641860962,0.7992785866182921,0.44262295081967207
gsm8k,119,history,3.249490261077881,0.7391897632682409,0.6
gsm8k,120,history,2.902414083480835,0.8252011913970937,0.5714285714285714
gsm8k,121,history,2.6576149463653564,0.9726725364890245,0.2903225806451613
gsm8k,122,history,2.5408775806427,0.9148875038905575,0.2631578947368421
gsm8k,123,history,2.70817232131958,0.8937618772525294,0.3559322033898305
gsm8k,124,history,2.931208848953247,0.8165208154847324,0.6296296296296297
gsm8k,125,history,3.592634677886963,0.6739490498189546,1.1020408163265305
gsm8k,126,history,2.6546175479888916,0.8978687696987491,0.15517241379310343
gsm8k,127,history,2.1721322536468506,1.1156152136476887,0.04918032786885246
gsm8k,128,history,2.682130813598633,0.89067574592397,0.45454545454545453
gsm8k,129,history,3.2641217708587646,0.7297431201385406,0.84
gsm8k,130,history,2.7406909465789795,0.8847426306998231,0.30612244897959184
gsm8k,131,history,3.3274457454681396,0.7206161596048356,0.7
gsm8k,132,history,2.568634271621704,0.9292571038942945,0.17857142857142858
gsm8k,133,history,2.1496317386627197,1.0895849907649657,0.125
gsm8k,134,history,2.1377320289611816,1.1103988513431073,0.0847457627118644
gsm8k,135,history,2.962662935256958,0.7860600440565257,0.46666666666666673
gsm8k,136,history,2.384451389312744,0.9823305683746829,0.2413793103448276
gsm8k,137,history,2.4360432624816895,0.9414949205804234,0.2
gsm8k,138,history,3.402430534362793,0.6924310908939552,0.9056603773584906
gsm8k,139,history,2.306925058364868,1.015573672649028,0.07017543859649122
gsm8k,140,history,2.4179177284240723,1.0276145044678875,0.2631578947368421
gsm8k,141,history,2.6610028743743896,0.8714773827384598,0.48148148148148145
gsm8k,142,history,2.1271798610687256,1.1156054126192454,0.12280701754385964
gsm8k,143,history,4.289456844329834,0.5846114613485661,1.4871794871794872
gsm8k,144,history,2.54606294631958,1.3249216543705278,0.08928571428571429
gsm8k,145,history,2.9083423614501953,0.8755213767757142,0.543859649122807
gsm8k,146,history,2.4325904846191406,0.9670550613229962,0.2
gsm8k,147,history,2.686774492263794,0.9188112607260763,0.45454545454545453
gsm8k,148,history,2.905531644821167,0.8095000912061141,0.6296296296296297
gsm8k,149,history,2.7804152965545654,0.8147129796181705,0.5185185185185185
gsm8k,0,ucb_coarse,2.8468410968780518,0.9420072849441946,0.425531914893617
gsm8k,1,ucb_coarse,2.6502668857574463,1.0696293864038628,0.2037037037037037
gsm8k,2,ucb_coarse,2.8946025371551514,0.8241370883389234,0.3333333333333333
gsm8k,3,ucb_coarse,3.178457260131836,0.7647531965096582,0.34615384615384615
gsm8k,4,ucb_coarse,2.87699556350708,0.8442367668368775,0.28
gsm8k,5,ucb_coarse,3.0222718715667725,0.7964382742729814,0.4318181818181818
gsm8k,6,ucb_coarse,2.8903400897979736,0.8418543648356652,0.2708333333333333
gsm8k,7,ucb_coarse,3.321091651916504,0.8104521945533806,0.5333333333333333
gsm8k,8,ucb_coarse,3.2233762741088867,0.7514443239628928,0.5952380952380952
gsm8k,9,ucb_coarse,3.7154150009155273,0.666038419926615,0.9736842105263158
gsm8k,10,ucb_coarse,2.382720470428467,1.003852867972656,0.0
gsm8k,11,ucb_coarse,2.129122495651245,1.109340039575879,0.0
gsm8k,12,ucb_coarse,3.2872931957244873,0.7536228667628814,0.5609756097560976
gsm8k,13,ucb_coarse,2.3903515338897705,1.0161806552075676,0.07142857142857142
gsm8k,14,ucb_coarse,2.6420817375183105,0.8887840613537968,0.1956521739130435
gsm8k,15,ucb_coarse,3.563775062561035,0.678008498513068,0.7777777777777778
gsm8k,16,ucb_coarse,2.995579481124878,0.8004244701147395,0.3409090909090909
gsm8k,17,ucb_coarse,3.1112210750579834,0.7766495443049632,0.2608695652173913
gsm8k,18,ucb_coarse,2.5566747188568115,0.9386134396223014,0.1875
gsm8k,19,ucb_coarse,2.680713653564453,0.8892107671050029,0.20833333333333334
gsm8k,20,ucb_coarse,3.0886852741241455,0.7854968994321445,0.358974358974359
gsm8k,21,ucb_coarse,2.699105978012085,0.9003152672616798,0.09302325581395349
gsm8k,22,ucb_coarse,3.1884381771087646,0.7720876832076862,0.38461538461538464
gsm8k,23,ucb_coarse,2.6852986812591553,0.8965202661218957,0.08163265306122448
gsm8k,24,ucb_coarse,2.9793286323547363,0.7745240356876205,0.2926829268292683
gsm8k,25,ucb_coarse,3.1164674758911133,0.7478744453927395,0.42857142857142855
gsm8k,26,ucb_coarse,2.640988826751709,0.9942697147541191,0.21739130434782608
gsm8k,27,ucb_coarse,2.8989601135253906,1.1774654744751265,0.2857142857142857
gsm8k,28,ucb_coarse,2.8316256999969482,1.2401514932726678,0.07142857142857142
gsm8k,29,ucb_coarse,2.5678048133850098,1.1822340701906398,0.16981132075471697
gsm8k,30,ucb_coarse,2.4228415489196777,1.4146336783199276,0.03773584905660377
gsm8k,31,ucb_coarse,3.096024751663208,0.9316457242210625,0.425
gsm8k,32,ucb_coarse,2.9533002376556396,0.9247368963640139,0.4090909090909091
gsm8k,33,ucb_coarse,2.9253900051116943,0.8180517075218164,0.2619047619047619
gsm8k,34,ucb_coarse,2.5689730644226074,0.9085313168732145,0.21568627450980393
gsm8k,35,ucb_coarse,2.4547672271728516,0.948123550413557,0.04081632653061224
gsm8k,36,ucb_coarse,2.207191228866577,1.0656545934915744,0.16363636363636364
gsm8k,37,ucb_coarse,3.1797962188720703,0.7662257239841668,0.3684210526315789
gsm8k,38,ucb_coarse,2.9547016620635986,0.8023379806384566,0.3170731707317073
gsm8k,39,ucb_coarse,3.236823558807373,0.7468333237332153,0.5
gsm8k,40,ucb_coarse,2.860302448272705,0.8444323228733103,0.0
gsm8k,41,ucb_coarse,2.992327928543091,0.8130729097655093,0.4
gsm8k,42,ucb_coarse,2.7557613849639893,0.8730684887253114,0.2608695652173913
gsm8k,43,ucb_coarse,3.3255629539489746,0.7157492080466163,0.5135135135135135
gsm8k,44,ucb_coarse,2.8421859741210938,0.8671103881287732,0.18604651162790697
gsm8k,45,ucb_coarse,2.943451404571533,0.8282987721260712,0.22916666666666666
gsm8k,46,ucb_coarse,3.4157793521881104,0.7097023016347594,0.4857142857142857
gsm8k,47,ucb_coarse,3.128671407699585,0.74676662755602,0.375
gsm8k,48,ucb_coarse,2.72377872467041,0.8780965859257188,0.05
gsm8k,49,ucb_coarse,2.3581581115722656,1.010643290675648,0.020833333333333332
gsm8k,50,ucb_coarse,2.912668228149414,0.7933846001216703,0.23255813953488372
gsm8k,51,ucb_coarse,3.3738887310028076,0.7149440167788899,0.5
gsm8k,52,ucb_coarse,2.865375518798828,0.8608675002429637,0.26666666666666666
gsm8k,53,ucb_coarse,2.9337973594665527,0.810868347284303,0.2
gsm8k,54,ucb_coarse,3.1149864196777344,0.7740894130973884,0.16666666666666666
gsm8k,55,ucb_coarse,3.2178287506103516,0.73698163797687,0.2777777777777778
gsm8k,56,ucb_coarse,3.338689088821411,0.7240760276894089,0.42424242424242425
gsm8k,57,ucb_coarse,2.9281229972839355,0.8321087481775342,0.09090909090909091
gsm8k,58,ucb_coarse,2.489013910293579,0.9681573603637889,0.11764705882352941
gsm8k,59,ucb_coarse,2.9078640937805176,0.8304230914102495,0.27906976744186046
gsm8k,60,ucb_coarse,2.8017024993896484,0.8400101028048901,0.1956521739130435
gsm8k,61,ucb_coarse,2.9506964683532715,0.8047033811410007,0.3023255813953488
gsm8k,62,ucb_coarse,3.0414795875549316,0.7682953290339574,0.25
gsm8k,63,ucb_coarse,3.0013973712921143,0.794805816261839,0.1282051282051282
gsm8k,64,ucb_coarse,3.619187116622925,0.6623273522722803,0.6774193548387096
gsm8k,65,ucb_coarse,3.150282621383667,0.7594345309474745,0.2857142857142857
gsm8k,66,ucb_coarse,3.023509979248047,0.7831943647133782,0.058823529411764705
gsm8k,67,ucb_coarse,3.2953028678894043,0.7323694631741181,0.3611111111111111
gsm8k,68,ucb_coarse,2.5705974102020264,0.9471147251213541,0.08888888888888889
gsm8k,69,ucb_coarse,3.0139451026916504,0.7799479836176398,0.1951219512195122
gsm8k,70,ucb_coarse,2.992321729660034,0.7851437373209333,0.225
gsm8k,71,ucb_coarse,2.6256847381591797,0.9035486501309371,0.08888888888888889
gsm8k,72,ucb_coarse,3.1951980590820312,0.7417739123115752,0.21621621621621623
gsm8k,73,ucb_coarse,2.5635437965393066,0.9211505985427093,0.0425531914893617
gsm8k,74,ucb_coarse,2.749577760696411,0.8723435766457852,0.09523809523809523
gsm8k,75,ucb_coarse,2.613208532333374,0.9153138731296515,0.22448979591836735
gsm8k,76,ucb_coarse,3.3656086921691895,0.7322207681201123,0.21951219512195122
gsm8k,77,ucb_coarse,3.228055477142334,0.7215430380238601,0.3611111111111111
gsm8k,78,ucb_coarse,2.8298001289367676,0.8338887839473481,0.10256410256410256
gsm8k,79,ucb_coarse,2.696751117706299,0.8904314687108843,0.08888888888888889
gsm8k,80,ucb_coarse,2.51991868019104,0.9702253837882436,0.1276595744680851
gsm8k,81,ucb_coarse,3.160771131515503,0.7480617187520625,0.4146341463414634
gsm8k,82,ucb_coarse,2.5925066471099854,0.9223065506037885,0.06818181818181818
gsm8k,83,ucb_coarse,2.5531463623046875,0.9283922413535497,0.0625
gsm8k,84,ucb_coarse,2.8324739933013916,0.8264554377906135,0.1951219512195122
gsm8k,85,ucb_coarse,2.4570858478546143,0.9864085781113775,0.13725490196078433
gsm8k,86,ucb_coarse,2.8617987632751465,0.8375797929461462,0.10256410256410256
gsm8k,87,ucb_coarse,3.0549845695495605,0.7924702115747304,0.3333333333333333
gsm8k,88,ucb_coarse,3.0043869018554688,0.8005929065164008,0.05555555555555555
gsm8k,89,ucb_coarse,3.3735737800598145,0.7114988387816812,0.38235294117647056
gsm8k,90,ucb_coarse,3.155756950378418,0.7679044535729428,0.09375
gsm8k,91,ucb_coarse,2.8443431854248047,0.8518639501627822,0.07894736842105263
gsm8k,92,ucb_coarse,3.740882158279419,0.6621341066131087,0.5454545454545454
gsm8k,93,ucb_coarse,3.0596513748168945,0.8252533992544908,0.10869565217391304
gsm8k,94,ucb_coarse,2.4272255897521973,1.0120311119606638,0.24074074074074073
gsm8k,95,ucb_coarse,2.6644675731658936,0.8921792653933972,0.023809523809523808
gsm8k,96,ucb_coarse,2.2283833026885986,1.088628630322932,0.0
gsm8k,97,ucb_coarse,2.8068907260894775,0.8668142139019837,0.17777777777777778
gsm8k,98,ucb_coarse,3.1584300994873047,0.7721953473794436,0.3684210526315789
gsm8k,99,ucb_coarse,3.001661539077759,0.8343294904852556,0.0
gsm8k,100,ucb_coarse,2.8595633506774902,0.8506463880989952,0.16666666666666666
gsm8k,101,ucb_coarse,3.043586492538452,0.8006751201870445,0.15555555555555556
gsm8k,102,ucb_coarse,3.374603033065796,0.6945445743642958,0.6153846153846154
gsm8k,103,ucb_coarse,2.9457712173461914,0.814062851565219,0.13513513513513514
gsm8k,104,ucb_coarse,3.0755367279052734,0.7778952220417534,0.11428571428571428
gsm8k,105,ucb_coarse,2.6821706295013428,0.8977097361126679,0.041666666666666664
gsm8k,106,ucb_coarse,2.8402223587036133,0.8420540133618115,0.21818181818181817
gsm8k,107,ucb_coarse,3.40983247756958,0.7148858953728721,0.65
gsm8k,108,ucb_coarse,3.1558847427368164,0.7639390061299082,0.21212121212121213
gsm8k,109,ucb_coarse,2.954803943634033,0.8288649409126478,0.2619047619047619
gsm8k,110,ucb_coarse,3.2084333896636963,0.7571808879223639,0.29411764705882354
gsm8k,111,ucb_coarse,3.0699143409729004,0.7727996263480539,0.23809523809523808
gsm8k,112,ucb_coarse,3.2022316455841064,0.7819688778303365,0.125
gsm8k,113,ucb_coarse,2.465784788131714,0.9531235511495517,0.0
gsm8k,114,ucb_coarse,3.5128777027130127,0.6922432263656556,0.6
gsm8k,115,ucb_coarse,3.220848798751831,0.7787513104939672,0.16129032258064516
gsm8k,116,ucb_coarse,3.2493975162506104,0.7399207467098923,0.3611111111111111
gsm8k,117,ucb_coarse,3.2046117782592773,0.7471652651461381,0.1875
gsm8k,118,ucb_coarse,3.1346073150634766,0.7660612332568878,0.03125
gsm8k,119,ucb_coarse,3.2114696502685547,0.7479410358518412,0.4
gsm8k,120,ucb_coarse,3.388756513595581,0.7067712153431867,0.26666666666666666
gsm8k,121,ucb_coarse,3.0372509956359863,0.8510949785205517,0.0
gsm8k,122,ucb_coarse,2.560319423675537,0.9079402850869719,0.10204081632653061
gsm8k,123,ucb_coarse,2.954831123352051,0.8191538117684651,0.225
gsm8k,124,ucb_coarse,3.370035409927368,0.710198187429417,0.25
gsm8k,125,ucb_coarse,3.194568634033203,0.757927909800976,0.4146341463414634
gsm8k,126,ucb_coarse,2.4231784343719482,0.9836247129078067,0.08
gsm8k,127,ucb_coarse,2.4835028648376465,0.975744309593008,0.02127659574468085
gsm8k,128,ucb_coarse,2.8535263538360596,0.8371777817492952,0.17391304347826084
gsm8k,129,ucb_coarse,3.425286293029785,0.6954076832718346,0.45454545454545453
gsm8k,130,ucb_coarse,2.897165060043335,0.8369582221784785,0.12195121951219512
gsm8k,131,ucb_coarse,3.355875253677368,0.7145114145006369,0.4722222222222222
gsm8k,132,ucb_coarse,2.952587366104126,0.8084169402107502,0.1111111111111111
gsm8k,133,ucb_coarse,3.1232845783233643,0.7499177290390348,0.03125
gsm8k,134,ucb_coarse,3.0706865787506104,0.7730307631733887,0.0
gsm8k,135,ucb_coarse,3.119420051574707,0.7465589497115365,0.09375
gsm8k,136,ucb_coarse,2.976592540740967,0.7869130411589064,0.1794871794871795
gsm8k,137,ucb_coarse,3.0520365238189697,0.7514727756504113,0.024390243902439025
gsm8k,138,ucb_coarse,3.304551601409912,0.7129405047252244,0.4594594594594595
gsm8k,139,ucb_coarse,2.420060873031616,0.9680964558196363,0.09090909090909091
gsm8k,140,ucb_coarse,2.8923094272613525,0.8590669120389738,0.1951219512195122
gsm8k,141,ucb_coarse,3.1953725814819336,0.7257381608199867,0.21212121212121213
gsm8k,142,ucb_coarse,3.0950894355773926,0.7667285278883134,0.0
gsm8k,143,ucb_coarse,3.640864372253418,0.6887555749854035,0.6774193548387096
gsm8k,144,ucb_coarse,3.212646007537842,1.0500173137825872,0.09375
gsm8k,145,ucb_coarse,3.173441171646118,0.8023832082291884,0.24324324324324326
gsm8k,146,ucb_coarse,3.1948964595794678,0.7363146098909084,0.19444444444444445
gsm8k,147,ucb_coarse,3.1117100715637207,0.7933382615183684,0.2894736842105263
gsm8k,148,ucb_coarse,2.8352952003479004,0.8295531735800856,0.02564102564102564
gsm8k,149,ucb_coarse,3.218733549118042,0.7037676142694702,0.34210526315789475
gsm8k,0,linucb,3.0787694454193115,0.8710444545718192,0.35
gsm8k,1,linucb,3.218411684036255,0.8808081815263756,0.06451612903225806
gsm8k,2,linucb,3.22009539604187,0.7408318740500097,0.13333333333333333
gsm8k,3,linucb,3.216881036758423,0.7556186635066082,0.2857142857142857
gsm8k,4,linucb,3.161620855331421,0.768234251948167,0.06451612903225806
gsm8k,5,linucb,3.321387767791748,0.7247130302327701,0.16666666666666666
gsm8k,6,linucb,3.098816394805908,0.7852176800582394,0.08571428571428572
gsm8k,7,linucb,3.1759653091430664,0.8474859627276224,0.15789473684210525
gsm8k,8,linucb,3.509805917739868,0.6901201553433881,0.4666666666666667
gsm8k,9,linucb,3.7294788360595703,0.6635267943217508,0.75
gsm8k,10,linucb,3.0369246006011963,0.7876062439427263,0.0
gsm8k,11,linucb,3.026371717453003,0.7804463741074877,0.0
gsm8k,12,linucb,3.253201961517334,0.7615202964209825,0.0967741935483871
gsm8k,13,linucb,3.262413501739502,0.7445496981266707,0.0967741935483871
gsm8k,14,linucb,3.138964891433716,0.7480937883404188,0.03125
gsm8k,15,linucb,3.3753044605255127,0.7158672076738005,0.16666666666666666
gsm8k,16,linucb,3.32275128364563,0.7216113738838854,0.16666666666666666
gsm8k,17,linucb,3.1446988582611084,0.7683815014045297,0.06451612903225806
gsm8k,18,linucb,3.0473318099975586,0.7874853811418373,0.0
gsm8k,19,linucb,3.1455612182617188,0.7578041814720042,0.06451612903225806
gsm8k,20,linucb,3.172968626022339,0.7646317981995574,0.06451612903225806
gsm8k,21,linucb,3.1487669944763184,0.7717453607156146,0.06451612903225806
gsm8k,22,linucb,3.2887959480285645,0.7485273893901863,0.14705882352941177
gsm8k,23,linucb,2.428845167160034,0.9911807969028149,0.037037037037037035
gsm8k,24,linucb,2.5667409896850586,0.899023954985894,0.17647058823529413
gsm8k,25,linucb,3.1005380153656006,0.7517167580484412,0.40476190476190477
gsm8k,26,linucb,2.780099391937256,0.9445184640011965,0.047619047619047616
gsm8k,27,linucb,2.719229221343994,1.2552915431930878,0.07317073170731707
gsm8k,28,linucb,3.1130292415618896,1.1280474957821447,0.17073170731707318
gsm8k,29,linucb,3.1983230113983154,0.9491681500474962,0.15
gsm8k,30,linucb,3.1008119583129883,1.1053341184221008,0.075
gsm8k,31,linucb,3.4365313053131104,0.8393341907027383,0.6
gsm8k,32,linucb,3.1619269847869873,0.8637219356868749,0.17647058823529413
gsm8k,33,linucb,3.009740114212036,0.7951252261112275,0.02857142857142857
gsm8k,34,linucb,3.047703742980957,0.7658200002565907,0.02857142857142857
gsm8k,35,linucb,3.105308771133423,0.749497969574365,0.027777777777777776
gsm8k,36,linucb,2.912428855895996,0.8076089024438561,0.0
gsm8k,37,linucb,3.120833158493042,0.7807023112712164,0.05555555555555555
gsm8k,38,linucb,3.2266736030578613,0.7347100006280641,0.16666666666666666
gsm8k,39,linucb,3.1335508823394775,0.7714467667929817,0.17142857142857143
gsm8k,40,linucb,3.2565088272094727,0.7416936261108965,0.0
gsm8k,41,linucb,3.308400869369507,0.7353947940101924,0.32432432432432434
gsm8k,42,linucb,3.136256456375122,0.7671465841919362,0.05714285714285714
gsm8k,43,linucb,3.1627650260925293,0.7525911760630768,0.08108108108108109
gsm8k,44,linucb,3.3067996501922607,0.7452791955542298,0.4117647058823529
gsm8k,45,linucb,3.1642534732818604,0.7704999630420527,0.09375
gsm8k,46,linucb,3.768848419189453,0.643216759735258,0.8064516129032258
gsm8k,47,linucb,3.1281704902648926,0.7468862081302097,0.06060606060606061
gsm8k,48,linucb,3.025789499282837,0.7904518141520018,0.058823529411764705
gsm8k,49,linucb,3.0188469886779785,0.7894592481007288,0.030303030303030304
gsm8k,50,linucb,2.997667074203491,0.7708881808002098,0.02857142857142857
gsm8k,51,linucb,3.1530160903930664,0.7650267211949028,0.14285714285714285
gsm8k,52,linucb,3.1055092811584473,0.7943008494908046,0.09375
gsm8k,53,linucb,3.0310657024383545,0.7848471955668793,0.058823529411764705
gsm8k,54,linucb,3.1176044940948486,0.7734393551144635,0.06060606060606061
gsm8k,55,linucb,3.1871166229248047,0.7440834409057749,0.15151515151515152
gsm8k,56,linucb,3.2640810012817383,0.7406264526445546,0.14705882352941177
gsm8k,57,linucb,2.9959983825683594,0.8132570351026187,0.02857142857142857
gsm8k,58,linucb,3.1178464889526367,0.7728915281226955,0.08823529411764706
gsm8k,59,linucb,3.039297103881836,0.794511825472382,0.02857142857142857
gsm8k,60,linucb,3.2940027713775635,0.7144676455620562,0.15151515151515152
gsm8k,61,linucb,3.343571662902832,0.7101494043478174,0.10526315789473684
gsm8k,62,linucb,3.3499233722686768,0.6975546305968351,0.05555555555555555
gsm8k,63,linucb,3.562446117401123,0.6696320474753616,0.3611111111111111
gsm8k,64,linucb,3.86832857131958,0.6196698589936755,0.6
gsm8k,65,linucb,3.258349657058716,0.7342469828981197,0.030303030303030304
gsm8k,66,linucb,3.2315444946289062,0.7327752971798898,0.09375
gsm8k,67,linucb,3.0913758277893066,0.7806812651692828,0.058823529411764705
gsm8k,68,linucb,3.041074752807617,0.8005888896066793,0.030303030303030304
gsm8k,69,linucb,3.1145408153533936,0.7547566543326507,0.06060606060606061
gsm8k,70,linucb,3.0021135807037354,0.7825828713453232,0.058823529411764705
gsm8k,71,linucb,3.0440046787261963,0.7793791899905705,0.030303030303030304
gsm8k,72,linucb,3.099529266357422,0.7646692001334116,0.08823529411764706
gsm8k,73,linucb,3.021430253982544,0.7815536696437259,0.0
gsm8k,74,linucb,3.1493470668792725,0.7616107234597029,0.05714285714285714
gsm8k,75,linucb,3.112675905227661,0.7684404338429087,0.05714285714285714
gsm8k,76,linucb,3.174726724624634,0.7762458931211558,0.08108108108108109
gsm8k,77,linucb,3.245333433151245,0.7177015871756472,0.15151515151515152
gsm8k,78,linucb,3.104098320007324,0.7602009811105346,0.08333333333333333
gsm8k,79,linucb,3.1695878505706787,0.7575975715753055,0.15151515151515152
gsm8k,80,linucb,3.0411102771759033,0.8039462057502031,0.030303030303030304
gsm8k,81,linucb,3.364546298980713,0.7027550448450354,0.3125
gsm8k,82,linucb,2.994258403778076,0.7985569515631633,0.030303030303030304
gsm8k,83,linucb,3.2318925857543945,0.7334158580181978,0.05555555555555555
gsm8k,84,linucb,3.188201665878296,0.73424261683884,0.11764705882352941
gsm8k,85,linucb,3.2130849361419678,0.7543188573128866,0.08108108108108109
gsm8k,86,linucb,3.0067498683929443,0.7972012706459952,0.058823529411764705
gsm8k,87,linucb,3.092615842819214,0.7828273510949615,0.14705882352941177
gsm8k,88,linucb,3.0182154178619385,0.7969248410241535,0.030303030303030304
gsm8k,89,linucb,2.9703099727630615,0.8080954005026174,0.08571428571428572
gsm8k,90,linucb,3.09432315826416,0.7831502052774536,0.05405405405405406
gsm8k,91,linucb,3.020742654800415,0.8021184517999451,0.030303030303030304
gsm8k,92,linucb,3.3566222190856934,0.7379340015487232,0.23529411764705882
gsm8k,93,linucb,3.132634401321411,0.8060269326469203,0.05714285714285714
gsm8k,94,linucb,3.382380962371826,0.7262422062752427,0.2
gsm8k,95,linucb,3.0361878871917725,0.782949807592565,0.058823529411764705
gsm8k,96,linucb,2.934058904647827,0.8268006681111801,0.0
gsm8k,97,linucb,3.074326992034912,0.7914098872851417,0.02631578947368421
gsm8k,98,linucb,3.490814685821533,0.6986692928024365,0.34285714285714286
gsm8k,99,linucb,3.0653235912323,0.8170017513554396,0.0
gsm8k,100,linucb,3.0340940952301025,0.8017145017414468,0.02857142857142857
gsm8k,101,linucb,3.155123710632324,0.7723703424055286,0.10526315789473684
gsm8k,102,linucb,3.0586562156677246,0.7662882200500836,0.1388888888888889
gsm8k,103,linucb,3.0878565311431885,0.7766043833531935,0.12121212121212122
gsm8k,104,linucb,3.0246620178222656,0.7909793926575583,0.0
gsm8k,105,linucb,3.032301902770996,0.7940537470291065,0.030303030303030304
gsm8k,106,linucb,3.083083391189575,0.7757236287609939,0.12121212121212122
gsm8k,107,linucb,3.2788825035095215,0.743436564497118,0.30303030303030304
gsm8k,108,linucb,3.114863395690918,0.7739997385317547,0.12121212121212122
gsm8k,109,linucb,3.0327107906341553,0.8075723553041322,0.030303030303030304
gsm8k,110,linucb,3.0927364826202393,0.7855064459831064,0.05405405405405406
gsm8k,111,linucb,3.2387843132019043,0.7325059115403013,0.3235294117647059
gsm8k,112,linucb,3.102686643600464,0.8070571649944048,0.06060606060606061
gsm8k,113,linucb,2.918025493621826,0.8054067926314107,0.0
gsm8k,114,linucb,3.264418125152588,0.7449308579734591,0.2647058823529412
gsm8k,115,linucb,3.026256799697876,0.8288259684972261,0.058823529411764705
gsm8k,116,linucb,3.289815902709961,0.7308301460275938,0.11428571428571428
gsm8k,117,linucb,3.0223567485809326,0.7922210407880358,0.058823529411764705
gsm8k,118,linucb,3.0995237827301025,0.7747322859508728,0.08823529411764706
gsm8k,119,linucb,3.17134952545166,0.7574030921383617,0.17647058823529413
gsm8k,120,linucb,3.2035415172576904,0.7476336881272361,0.17647058823529413
gsm8k,121,linucb,2.921231269836426,0.8848970971877487,0.0
gsm8k,122,linucb,3.100578546524048,0.7497365774047966,0.05714285714285714
gsm8k,123,linucb,3.035611152648926,0.7973554767427287,0.030303030303030304
gsm8k,124,linucb,3.37845778465271,0.7084276886855932,0.2727272727272727
gsm8k,125,linucb,3.3185741901397705,0.7296063275314534,0.17142857142857143
gsm8k,126,linucb,3.0545663833618164,0.7803065616175113,0.02857142857142857
gsm8k,127,linucb,3.0126826763153076,0.8043541416672081,0.0
gsm8k,128,linucb,3.203688383102417,0.7456745405288868,0.13513513513513514
gsm8k,129,linucb,3.2610886096954346,0.7304218592824666,0.22857142857142856
gsm8k,130,linucb,3.2369730472564697,0.7490967896895664,0.16216216216216217
gsm8k,131,linucb,3.7164690494537354,0.6451852934831093,0.59375
gsm8k,132,linucb,3.0697920322418213,0.777551579762126,0.030303030303030304
gsm8k,133,linucb,3.1225357055664062,0.750097580611664,0.06060606060606061
gsm8k,134,linucb,3.002782106399536,0.7905119670118442,0.0
gsm8k,135,linucb,3.0469424724578857,0.7643173372860287,0.030303030303030304
gsm8k,136,linucb,3.139977216720581,0.7459670331531031,0.06060606060606061
gsm8k,137,linucb,3.0002357959747314,0.7644473681094599,0.02857142857142857
gsm8k,138,linucb,3.2094264030456543,0.7340715725289738,0.14285714285714285
gsm8k,139,linucb,3.101426601409912,0.7554111881882419,0.06060606060606061
gsm8k,140,linucb,3.003460645675659,0.827274807784161,0.058823529411764705
gsm8k,141,linucb,3.105637788772583,0.7467077547816139,0.09375
gsm8k,142,linucb,2.89829683303833,0.8187889313377105,0.0
gsm8k,143,linucb,3.6148717403411865,0.6937080522581941,0.5806451612903226
gsm8k,144,linucb,3.1587398052215576,1.0679366263067778,0.12121212121212122
gsm8k,145,linucb,3.233381748199463,0.7875085921574047,0.3235294117647059
gsm8k,146,linucb,3.119298219680786,0.7541596777873448,0.06060606060606061
gsm8k,147,linucb,3.3241055011749268,0.7426475055171996,0.25806451612903225
gsm8k,148,linucb,3.1370468139648438,0.7497586969422076,0.09375
gsm8k,149,linucb,3.149768829345703,0.7191767248844304,0.06060606060606061
gsm8k,0,linucb_explore,2.9865434169769287,0.8979427645663332,0.4186046511627907
gsm8k,1,linucb_explore,2.8491804599761963,0.9949539464562022,0.20833333333333334
gsm8k,2,linucb_explore,2.7388267517089844,0.8710113939777177,0.17777777777777778
gsm8k,3,linucb_explore,2.978271961212158,0.8161562749514122,0.1951219512195122
gsm8k,4,linucb_explore,2.6839866638183594,0.9049469080758565,0.21739130434782608
gsm8k,5,linucb_explore,3.199059247970581,0.7524252623021597,0.3684210526315789
gsm8k,6,linucb_explore,3.4271607398986816,0.7099887064322135,0.4473684210526316
gsm8k,7,linucb_explore,3.448181390762329,0.780581330442591,0.3939393939393939
gsm8k,8,linucb_explore,3.3381645679473877,0.7256046716310233,0.2727272727272727
gsm8k,9,linucb_explore,4.350070476531982,0.5688664470912802,1.5806451612903225
gsm8k,10,linucb_explore,2.786914348602295,0.8582613165045307,0.0
gsm8k,11,linucb_explore,2.659674882888794,0.8880487042921038,0.0
gsm8k,12,linucb_explore,3.204016923904419,0.7732104358028997,0.17647058823529413
gsm8k,13,linucb_explore,2.7613906860351562,0.8796397410075121,0.02564102564102564
gsm8k,14,linucb_explore,3.16454815864563,0.7420459475975316,0.23529411764705882
gsm8k,15,linucb_explore,3.4332685470581055,0.7037811770581629,0.2903225806451613
gsm8k,16,linucb_explore,3.466104030609131,0.6917666341493479,0.3939393939393939
gsm8k,17,linucb_explore,2.9951813220977783,0.8067386145702264,0.15789473684210525
gsm8k,18,linucb_explore,2.831266164779663,0.8475816515288049,0.0
gsm8k,19,linucb_explore,2.678253412246704,0.8900275953630816,0.09090909090909091
gsm8k,20,linucb_explore,2.945122718811035,0.8237866254774243,0.1794871794871795
gsm8k,21,linucb_explore,2.5595457553863525,0.9494053055499071,0.10869565217391304
gsm8k,22,linucb_explore,3.0941929817199707,0.7956044951813017,0.11428571428571428
gsm8k,23,linucb_explore,2.758702516555786,0.8726655642975526,0.024390243902439025
gsm8k,24,linucb_explore,3.1406972408294678,0.7347290932639006,0.3076923076923077
gsm8k,25,linucb_explore,3.1877148151397705,0.7311590026959117,0.21212121212121213
gsm8k,26,linucb_explore,2.941009044647217,0.8928415953777581,0.0
gsm8k,27,linucb_explore,2.9192779064178467,1.16927046858144,0.05555555555555555
gsm8k,28,linucb_explore,2.5028223991394043,1.4030739222439266,0.0
gsm8k,29,linucb_explore,3.1136891841888428,0.9749676850851535,0.30952380952380953
gsm8k,30,linucb_explore,2.8402504920959473,1.206736258605606,0.08333333333333333
gsm8k,31,linucb_explore,3.7976632118225098,0.7595192256622918,0.7567567567567568
gsm8k,32,linucb_explore,3.1388609409332275,0.8700690305155119,0.22857142857142856
gsm8k,33,linucb_explore,3.3080687522888184,0.7234191511869582,0.1891891891891892
gsm8k,34,linucb_explore,3.074204921722412,0.7592182501366898,0.08333333333333333
gsm8k,35,linucb_explore,2.89035964012146,0.8052363403358908,0.13157894736842105
gsm8k,36,linucb_explore,2.9222376346588135,0.8048980835299527,0.027777777777777776
gsm8k,37,linucb_explore,3.0856618881225586,0.7896009829546806,0.17142857142857143
gsm8k,38,linucb_explore,2.9640097618103027,0.7998183391546207,0.16216216216216217
gsm8k,39,linucb_explore,3.173771619796753,0.7616703362281916,0.3333333333333333
gsm8k,40,linucb_explore,2.7021613121032715,0.8938518324929772,0.04878048780487805
gsm8k,41,linucb_explore,3.6064035892486572,0.6746279820390282,0.4857142857142857
gsm8k,42,linucb_explore,3.046283721923828,0.7898044461001922,0.16216216216216217
gsm8k,43,linucb_explore,3.1451432704925537,0.7568078290517354,0.2857142857142857
gsm8k,44,linucb_explore,3.4898412227630615,0.7061894297881701,0.4666666666666667
gsm8k,45,linucb_explore,3.113534927368164,0.7830511753019654,0.08333333333333333
gsm8k,46,linucb_explore,3.52839732170105,0.6870503084260599,0.4
gsm8k,47,linucb_explore,2.98814058303833,0.7818867054384485,0.07894736842105263
gsm8k,48,linucb_explore,3.0033931732177734,0.7963462194287849,0.10810810810810811
gsm8k,49,linucb_explore,2.9318137168884277,0.8128949871829673,0.047619047619047616
gsm8k,50,linucb_explore,2.9491889476776123,0.7835598730617606,0.10526315789473684
gsm8k,51,linucb_explore,3.1164233684539795,0.77400958609318,0.21052631578947367
gsm8k,52,linucb_explore,2.798868179321289,0.8813236287262005,0.07692307692307693
gsm8k,53,linucb_explore,3.081346035003662,0.7720403320865157,0.2894736842105263
gsm8k,54,linucb_explore,3.166562557220459,0.7614812484649731,0.2
gsm8k,55,linucb_explore,3.1107075214385986,0.7623605520641011,0.14285714285714285
gsm8k,56,linucb_explore,3.1897311210632324,0.7578898162168499,0.29411764705882354
gsm8k,57,linucb_explore,3.0015869140625,0.811742865203953,0.02857142857142857
gsm8k,58,linucb_explore,3.115463972091675,0.7734825884315105,0.12121212121212122
gsm8k,59,linucb_explore,3.021186113357544,0.7992746555671413,0.02857142857142857
gsm8k,60,linucb_explore,3.2732181549072266,0.7190044455218172,0.1388888888888889
gsm8k,61,linucb_explore,2.928082227706909,0.8109182871767221,0.1
gsm8k,62,linucb_explore,2.9489755630493164,0.792395362562556,0.09302325581395349
gsm8k,63,linucb_explore,3.0675835609436035,0.777657084223703,0.1891891891891892
gsm8k,64,linucb_explore,3.647446393966675,0.6571958464683365,0.8333333333333334
gsm8k,65,linucb_explore,2.8765227794647217,0.8317102238862443,0.05263157894736842
gsm8k,66,linucb_explore,3.400113582611084,0.6964461391855192,0.4857142857142857
gsm8k,67,linucb_explore,3.101640224456787,0.7780977217546138,0.05405405405405406
gsm8k,68,linucb_explore,3.1327192783355713,0.7771684735360962,0.1282051282051282
gsm8k,69,linucb_explore,3.1305012702941895,0.7509086253645583,0.05714285714285714
gsm8k,70,linucb_explore,3.105526924133301,0.7565230389195858,0.07894736842105263
gsm8k,71,linucb_explore,3.026472806930542,0.7838940086956405,0.030303030303030304
gsm8k,72,linucb_explore,3.0456645488739014,0.7781929122076008,0.075
gsm8k,73,linucb_explore,2.929032564163208,0.8062081423964162,0.02702702702702703
gsm8k,74,linucb_explore,3.2484490871429443,0.7383758937534087,0.25
gsm8k,75,linucb_explore,2.9623682498931885,0.8074303466868967,0.027777777777777776
gsm8k,76,linucb_explore,3.1126654148101807,0.791722929822875,0.08333333333333333
gsm8k,77,linucb_explore,3.1344540119171143,0.7430898481940887,0.2222222222222222
gsm8k,78,linucb_explore,3.3118374347686768,0.7125164307764253,0.05555555555555555
gsm8k,79,linucb_explore,3.195483446121216,0.7514581436501204,0.15151515151515152
gsm8k,80,linucb_explore,3.0317747592926025,0.8064217373371024,0.030303030303030304
gsm8k,81,linucb_explore,3.4685637950897217,0.681680379807524,0.5
gsm8k,82,linucb_explore,3.0288665294647217,0.7894325616044792,0.030303030303030304
gsm8k,83,linucb_explore,3.0884289741516113,0.7674844698200761,0.02631578947368421
gsm8k,84,linucb_explore,3.2057559490203857,0.7302220042295374,0.13157894736842105
gsm8k,85,linucb_explore,3.3435590267181396,0.7248834365154979,0.30952380952380953
gsm8k,86,linucb_explore,3.0030899047851562,0.7981728458339367,0.05555555555555555
gsm8k,87,linucb_explore,3.236445188522339,0.7480380872119214,0.16666666666666666
gsm8k,88,linucb_explore,2.8155863285064697,0.8542770710682358,0.02631578947368421
gsm8k,89,linucb_explore,2.965874433517456,0.8093039273446899,0.1794871794871795
gsm8k,90,linucb_explore,2.8745594024658203,0.8430230436395268,0.07692307692307693
gsm8k,91,linucb_explore,2.894216537475586,0.8371845679756793,0.15384615384615385
gsm8k,92,linucb_explore,3.5448036193847656,0.6987596300883832,0.4594594594594595
gsm8k,93,linucb_explore,2.9261670112609863,0.8628993792508153,0.02702702702702703
gsm8k,94,linucb_explore,3.057931661605835,0.8032971578201755,0.09302325581395349
gsm8k,95,linucb_explore,2.686411142349243,0.884891625342519,0.04878048780487805
gsm8k,96,linucb_explore,2.5009002685546875,0.9700034396183015,0.0
gsm8k,97,linucb_explore,2.6805965900421143,0.9076534631441106,0.06976744186046512
gsm8k,98,linucb_explore,3.243349552154541,0.7519772348395578,0.5128205128205128
gsm8k,99,linucb_explore,2.511150360107422,0.9973017873771615,0.0
gsm8k,100,linucb_explore,2.7071571350097656,0.8985356647150416,0.023809523809523808
gsm8k,101,linucb_explore,3.177448034286499,0.7669437719884238,0.175
gsm8k,102,linucb_explore,3.1267266273498535,0.7496057399925974,0.2558139534883721
gsm8k,103,linucb_explore,3.1659748554229736,0.757442186612442,0.23529411764705882
gsm8k,104,linucb_explore,3.0019302368164062,0.7969689956514998,0.02702702702702703
gsm8k,105,linucb_explore,3.0085597038269043,0.8003200617744267,0.08571428571428572
gsm8k,106,linucb_explore,3.1788859367370605,0.7523455334925248,0.1111111111111111
gsm8k,107,linucb_explore,3.275660276412964,0.744167873986061,0.3235294117647059
gsm8k,108,linucb_explore,3.2360992431640625,0.7450029410932615,0.10256410256410256
gsm8k,109,linucb_explore,3.0921530723571777,0.7920479157526583,0.02564102564102564
gsm8k,110,linucb_explore,3.0043442249298096,0.808617209262056,0.047619047619047616
gsm8k,111,linucb_explore,3.5134084224700928,0.6752498913737048,0.5789473684210527
gsm8k,112,linucb_explore,3.0955798625946045,0.8089099934741771,0.02631578947368421
gsm8k,113,linucb_explore,2.9277255535125732,0.8027383409674335,0.0
gsm8k,114,linucb_explore,3.2757222652435303,0.7423601874175499,0.25
gsm8k,115,linucb_explore,3.1903064250946045,0.7862066800860765,0.04878048780487805
gsm8k,116,linucb_explore,3.363741874694824,0.7147684709902274,0.2702702702702703
gsm8k,117,linucb_explore,2.9923183917999268,0.8001737433940899,0.05263157894736842
gsm8k,118,linucb_explore,3.3596251010894775,0.7147527099898384,0.14634146341463414
gsm8k,119,linucb_explore,3.163990020751953,0.7591648270299401,0.10526315789473684
gsm8k,120,linucb_explore,3.154815673828125,0.7591808229828685,0.18421052631578946
gsm8k,121,linucb_explore,2.9250588417053223,0.8837391692897617,0.0
gsm8k,122,linucb_explore,2.922893762588501,0.7953135954510399,0.027777777777777776
gsm8k,123,linucb_explore,3.187998056411743,0.7592417357212201,0.24242424242424243
gsm8k,124,linucb_explore,3.6866729259490967,0.6492013497745299,0.575
gsm8k,125,linucb_explore,3.392899990081787,0.7136233707407862,0.2571428571428571
gsm8k,126,linucb_explore,2.9939002990722656,0.7961180913646597,0.02857142857142857
gsm8k,127,linucb_explore,2.986706495285034,0.8113498236431177,0.10810810810810811
gsm8k,128,linucb_explore,3.085848331451416,0.7741497981995809,0.14705882352941177
gsm8k,129,linucb_explore,3.247823715209961,0.733405078121559,0.22857142857142856
gsm8k,130,linucb_explore,3.291128158569336,0.7367704936369132,0.21052631578947367
gsm8k,131,linucb_explore,3.563875198364258,0.6728100847900745,0.5
gsm8k,132,linucb_explore,3.0173370838165283,0.7910689385727094,0.030303030303030304
gsm8k,133,linucb_explore,3.122845411300659,0.75002319027485,0.06060606060606061
gsm8k,134,linucb_explore,3.0185017585754395,0.7863951653147732,0.0
gsm8k,135,linucb_explore,3.042675256729126,0.7653892581084095,0.030303030303030304
gsm8k,136,linucb_explore,3.1579954624176025,0.7417108467699406,0.06060606060606061
gsm8k,137,linucb_explore,3.042654275894165,0.7537899971453909,0.02857142857142857
gsm8k,138,linucb_explore,3.191450357437134,0.7382062770018003,0.14285714285714285
gsm8k,139,linucb_explore,3.168419361114502,0.7394388453760669,0.14285714285714285
gsm8k,140,linucb_explore,3.0130021572113037,0.8246550114117195,0.058823529411764705
gsm8k,141,linucb_explore,3.115433692932129,0.7443598705632385,0.08823529411764706
gsm8k,142,linucb_explore,2.9217560291290283,0.8122147581673138,0.0
gsm8k,143,linucb_explore,4.108165740966797,0.6104100448403843,0.7142857142857143
gsm8k,144,linucb_explore,3.048349142074585,1.1066100941027646,0.11428571428571428
gsm8k,145,linucb_explore,3.1106982231140137,0.8185673201957138,0.14285714285714285
gsm8k,146,linucb_explore,3.108511447906494,0.7567766693802644,0.06060606060606061
gsm8k,147,linucb_explore,3.4084088802337646,0.7242789070407096,0.2222222222222222
gsm8k,148,linucb_explore,3.0043365955352783,0.7828777025118678,0.08571428571428572
gsm8k,149,linucb_explore,3.1164674758911133,0.7268615662944446,0.06060606060606061
gsm8k,0,linucb_fine,2.9211721420288086,0.9180373226738786,0.25
gsm8k,1,linucb_fine,2.8872010707855225,0.9818517218989349,0.07894736842105263
gsm8k,2,linucb_fine,3.2674145698547363,0.7301030389221667,0.20588235294117646
gsm8k,3,linucb_fine,3.1651835441589355,0.7679603143839344,0.35135135135135137
gsm8k,4,linucb_fine,2.93904972076416,0.8264118213378666,0.12195121951219512
gsm8k,5,linucb_fine,3.0360310077667236,0.7928288570231106,0.225
gsm8k,6,linucb_fine,3.072242021560669,0.7920096800251003,0.23684210526315788
gsm8k,7,linucb_fine,3.11850643157959,0.8631009993605487,0.16666666666666666
gsm8k,8,linucb_fine,3.3541269302368164,0.7221515033734169,0.25
gsm8k,9,linucb_fine,3.3674087524414062,0.734870435549977,0.3548387096774194
gsm8k,10,linucb_fine,2.973811149597168,0.8043216793173901,0.0
gsm8k,11,linucb_fine,2.8095462322235107,0.8406769771211033,0.0
gsm8k,12,linucb_fine,3.089845895767212,0.8017808672742451,0.10810810810810811
gsm8k,13,linucb_fine,2.9747350215911865,0.8165530611144091,0.1111111111111111
gsm8k,14,linucb_fine,2.9355642795562744,0.7999280252364867,0.08333333333333333
gsm8k,15,linucb_fine,3.2848010063171387,0.7355909154187704,0.2564102564102564
gsm8k,16,linucb_fine,2.7915775775909424,0.8589176020446291,0.19047619047619047
gsm8k,17,linucb_fine,3.1303775310516357,0.7718968099557073,0.20512820512820512
gsm8k,18,linucb_fine,2.820842742919922,0.8507135883007626,0.0
gsm8k,19,linucb_fine,2.9587225914001465,0.8056583105166554,0.12195121951219512
gsm8k,20,linucb_fine,2.8057072162628174,0.8647205567578282,0.09523809523809523
gsm8k,21,linucb_fine,2.641104221343994,0.9200872499930942,0.0
gsm8k,22,linucb_fine,2.7824909687042236,0.884730219398073,0.125
gsm8k,23,linucb_fine,2.4317803382873535,0.9899844366842471,0.018867924528301886
gsm8k,24,linucb_fine,2.925553798675537,0.7887606226950102,0.22727272727272727
gsm8k,25,linucb_fine,2.9211413860321045,0.7978820868655351,0.19047619047619047
gsm8k,26,linucb_fine,2.772559404373169,0.9470870861419473,0.024390243902439025
gsm8k,27,linucb_fine,2.8272881507873535,1.207314310925845,0.07692307692307693
gsm8k,28,linucb_fine,2.8843045234680176,1.21750141556418,0.15384615384615385
gsm8k,29,linucb_fine,3.0072524547576904,1.0094750546069076,0.1282051282051282
gsm8k,30,linucb_fine,2.796884059906006,1.2254470256624723,0.05
gsm8k,31,linucb_fine,3.372313976287842,0.8553172220175884,0.5945945945945946
gsm8k,32,linucb_fine,3.291921615600586,0.829614436400402,0.28205128205128205
gsm8k,33,linucb_fine,3.132697105407715,0.7639169087614095,0.2222222222222222
gsm8k,34,linucb_fine,2.938727855682373,0.7942186537343505,0.02857142857142857
gsm8k,35,linucb_fine,3.0398483276367188,0.7656377450500579,0.025
gsm8k,36,linucb_fine,2.9698314666748047,0.7919989730560476,0.07317073170731707
gsm8k,37,linucb_fine,2.996877431869507,0.8129934290997919,0.15
gsm8k,38,linucb_fine,2.9900455474853516,0.7928539305773947,0.21052631578947367
gsm8k,39,linucb_fine,3.0909476280212402,0.782079798068152,0.2894736842105263
gsm8k,40,linucb_fine,2.8285560607910156,0.8539098354796902,0.0
gsm8k,41,linucb_fine,3.2185592651367188,0.7559223166051539,0.25
gsm8k,42,linucb_fine,3.251444101333618,0.7399691806699813,0.23076923076923078
gsm8k,43,linucb_fine,3.0343966484069824,0.7844291061446281,0.0975609756097561
gsm8k,44,linucb_fine,3.187960147857666,0.7730614150902898,0.3783783783783784
gsm8k,45,linucb_fine,3.139916181564331,0.7764720595199777,0.10256410256410256
gsm8k,46,linucb_fine,3.6329939365386963,0.6672696157687542,0.5714285714285714
gsm8k,47,linucb_fine,3.1537747383117676,0.7408225348109184,0.05405405405405406
gsm8k,48,linucb_fine,3.0643022060394287,0.7805172721660146,0.08823529411764706
gsm8k,49,linucb_fine,3.014768600463867,0.7905272309941687,0.02857142857142857
gsm8k,50,linucb_fine,3.2070701122283936,0.7205536631912733,0.05555555555555555
gsm8k,51,linucb_fine,3.2255966663360596,0.7478125168848587,0.21621621621621623
gsm8k,52,linucb_fine,3.0609750747680664,0.8058571533166233,0.08823529411764706
gsm8k,53,linucb_fine,3.14499831199646,0.7564148467308854,0.25
gsm8k,54,linucb_fine,3.2035820484161377,0.7526818333267966,0.1891891891891892
gsm8k,55,linucb_fine,3.1775755882263184,0.7463176366726847,0.15151515151515152
gsm8k,56,linucb_fine,3.364255905151367,0.7185733788628101,0.2222222222222222
gsm8k,57,linucb_fine,3.2006301879882812,0.7612615699632669,0.05555555555555555
gsm8k,58,linucb_fine,3.2043137550354004,0.7520353253522022,0.14285714285714285
gsm8k,59,linucb_fine,3.0032613277435303,0.8040450785454573,0.02857142857142857
gsm8k,60,linucb_fine,3.2577807903289795,0.7224115298142444,0.1282051282051282
gsm8k,61,linucb_fine,3.0273053646087646,0.784339582178737,0.10526315789473684
gsm8k,62,linucb_fine,3.163336992263794,0.7386992173724489,0.23684210526315788
gsm8k,63,linucb_fine,3.2358717918395996,0.7372134129763495,0.16216216216216217
gsm8k,64,linucb_fine,3.3879852294921875,0.7075256997770621,0.4594594594594595
gsm8k,65,linucb_fine,2.808704376220703,0.8517925293873976,0.02564102564102564
gsm8k,66,linucb_fine,3.31056547164917,0.7152844423953071,0.3333333333333333
gsm8k,67,linucb_fine,3.1578283309936523,0.7642528153494947,0.07142857142857142
gsm8k,68,linucb_fine,3.0643584728240967,0.7945058259836668,0.13513513513513514
gsm8k,69,linucb_fine,3.048332929611206,0.7711494970723003,0.08571428571428572
gsm8k,70,linucb_fine,3.235295057296753,0.7261787949736367,0.16279069767441862
gsm8k,71,linucb_fine,3.0494980812072754,0.7779752069540242,0.19444444444444445
gsm8k,72,linucb_fine,2.990499496459961,0.7925480568384248,0.05555555555555555
gsm8k,73,linucb_fine,3.0408475399017334,0.7765630705211028,0.0
gsm8k,74,linucb_fine,3.136932611465454,0.7646248087271131,0.08108108108108109
gsm8k,75,linucb_fine,2.962660551071167,0.807350684222229,0.027777777777777776
gsm8k,76,linucb_fine,3.108665943145752,0.7927415254139795,0.10810810810810811
gsm8k,77,linucb_fine,3.150560140609741,0.7392910631555393,0.11764705882352941
gsm8k,78,linucb_fine,2.9622533321380615,0.7966025601969513,0.05263157894736842
gsm8k,79,linucb_fine,3.1064841747283936,0.772987056564319,0.15151515151515152
gsm8k,80,linucb_fine,3.0224080085754395,0.8089209205595882,0.030303030303030304
gsm8k,81,linucb_fine,3.308723211288452,0.7146115689449423,0.29411764705882354
gsm8k,82,linucb_fine,3.033134698867798,0.788321687133098,0.027777777777777776
gsm8k,83,linucb_fine,3.059997320175171,0.774615473737742,0.06060606060606061
gsm8k,84,linucb_fine,3.1094868183135986,0.7528295409960932,0.08823529411764706
gsm8k,85,linucb_fine,3.0839457511901855,0.7859057042571144,0.08333333333333333
gsm8k,86,linucb_fine,2.9836642742156982,0.8033694797071692,0.02631578947368421
gsm8k,87,linucb_fine,3.1660351753234863,0.7646738378202369,0.13513513513513514
gsm8k,88,linucb_fine,2.976475477218628,0.8081003389632836,0.027777777777777776
gsm8k,89,linucb_fine,3.0865468978881836,0.777663164197883,0.1388888888888889
gsm8k,90,linucb_fine,3.0508651733398438,0.794305771938292,0.075
gsm8k,91,linucb_fine,3.054710865020752,0.7931989404627677,0.05555555555555555
gsm8k,92,linucb_fine,3.347527027130127,0.7399389596387491,0.24324324324324326
gsm8k,93,linucb_fine,3.101844072341919,0.8140279261990533,0.11428571428571428
gsm8k,94,linucb_fine,3.2924368381500244,0.7460819852679474,0.15
gsm8k,95,linucb_fine,2.903860092163086,0.818628531211678,0.027777777777777776
gsm8k,96,linucb_fine,3.1815881729125977,0.7624751321663349,0.0
gsm8k,97,linucb_fine,3.1109323501586914,0.7820976171725195,0.05263157894736842
gsm8k,98,linucb_fine,3.4000980854034424,0.7173101971138861,0.2619047619047619
gsm8k,99,linucb_fine,3.0167593955993652,0.8301539546578156,0.0
gsm8k,100,linucb_fine,2.956319570541382,0.8228059172062427,0.0
gsm8k,101,linucb_fine,3.1194939613342285,0.7811920814459924,0.09090909090909091
gsm8k,102,linucb_fine,3.1160876750946045,0.7521650452848657,0.2558139534883721
gsm8k,103,linucb_fine,2.9423961639404297,0.8149966162408769,0.15789473684210525
gsm8k,104,linucb_fine,3.0926997661590576,0.7735782671276591,0.2
gsm8k,105,linucb_fine,3.040499448776245,0.7919128842427208,0.02857142857142857
gsm8k,106,linucb_fine,3.2279911041259766,0.7409006279259536,0.17142857142857143
gsm8k,107,linucb_fine,3.0677013397216797,0.794614883866102,0.08333333333333333
gsm8k,108,linucb_fine,3.1335575580596924,0.7693822146735171,0.1111111111111111
gsm8k,109,linucb_fine,3.266737461090088,0.7497184653863866,0.07692307692307693
gsm8k,110,linucb_fine,3.011873245239258,0.8065958441861099,0.02564102564102564
gsm8k,111,linucb_fine,3.121016025543213,0.7601462588489812,0.2571428571428571
gsm8k,112,linucb_fine,3.2165064811706543,0.7784985048557537,0.08108108108108109
gsm8k,113,linucb_fine,2.826542854309082,0.8314742336390737,0.0
gsm8k,114,linucb_fine,3.343992233276367,0.7272043788126384,0.34285714285714286
gsm8k,115,linucb_fine,3.1305956840515137,0.8012022234965923,0.05263157894736842
gsm8k,116,linucb_fine,3.5256154537200928,0.6819509013793607,0.358974358974359
gsm8k,117,linucb_fine,2.998422861099243,0.7985446749547979,0.05555555555555555
gsm8k,118,linucb_fine,3.205580472946167,0.7491002537043203,0.08108108108108109
gsm8k,119,linucb_fine,3.246817111968994,0.7397983483498258,0.18421052631578946
gsm8k,120,linucb_fine,3.0726420879364014,0.7794840697585547,0.08108108108108109
gsm8k,121,linucb_fine,2.9446840286254883,0.8778493874940287,0.02702702702702703
gsm8k,122,linucb_fine,3.0352399349212646,0.7658759100723219,0.11428571428571428
gsm8k,123,linucb_fine,2.9428467750549316,0.8224897056628943,0.02857142857142857
gsm8k,124,linucb_fine,3.715927839279175,0.6440902900223288,0.7714285714285715
gsm8k,125,linucb_fine,3.4172799587249756,0.7085321532778195,0.2571428571428571
gsm8k,126,linucb_fine,2.8630409240722656,0.8325058059049018,0.05128205128205128
gsm8k,127,linucb_fine,2.873873710632324,0.8432046889388497,0.0
gsm8k,128,linucb_fine,3.0714166164398193,0.7777873083973513,0.11428571428571428
gsm8k,129,linucb_fine,3.283264636993408,0.7254883991805975,0.22857142857142856
gsm8k,130,linucb_fine,3.0274243354797363,0.8009468938972611,0.14285714285714285
gsm8k,131,linucb_fine,3.5508997440338135,0.6752686212618305,0.38235294117647056
gsm8k,132,linucb_fine,3.0648558139801025,0.7788038945659554,0.06060606060606061
gsm8k,133,linucb_fine,3.0942318439483643,0.7569589469191639,0.058823529411764705
gsm8k,134,linucb_fine,3.0592055320739746,0.7759319092982299,0.0
gsm8k,135,linucb_fine,3.022526979446411,0.77049137137537,0.030303030303030304
gsm8k,136,linucb_fine,3.099405288696289,0.7557319131731385,0.08571428571428572
gsm8k,137,linucb_fine,3.0471739768981934,0.7526719430294284,0.027777777777777776
gsm8k,138,linucb_fine,3.2056047916412354,0.7349467073243021,0.17142857142857143
gsm8k,139,linucb_fine,3.1496143341064453,0.7438537247813093,0.05714285714285714
gsm8k,140,linucb_fine,3.0151820182800293,0.8240588174361626,0.058823529411764705
gsm8k,141,linucb_fine,3.1376633644104004,0.7390862406474495,0.09090909090909091
gsm8k,142,linucb_fine,2.9011478424072266,0.8179842929527684,0.0
gsm8k,143,linucb_fine,3.735597848892212,0.6712889704920777,0.7096774193548387
gsm8k,144,linucb_fine,3.223034143447876,1.046633011265769,0.1111111111111111
gsm8k,145,linucb_fine,3.128736734390259,0.8138479279651644,0.2571428571428571
gsm8k,146,linucb_fine,3.08640718460083,0.762196560458482,0.06060606060606061
gsm8k,147,linucb_fine,3.4304099082946777,0.7196337243996498,0.25
gsm8k,148,linucb_fine,3.097519636154175,0.7593263022555755,0.08823529411764706
gsm8k,149,linucb_fine,3.1052472591400146,0.7294879414720933,0.06060606060606061
mt_bench,0,baseline,1.9061880111694336,1.0,0.0
mt_bench,1,baseline,1.5636968612670898,1.0,0.0
mt_bench,2,baseline,1.5445876121520996,1.0,0.0
mt_bench,3,baseline,1.5508453845977783,1.0,0.0
mt_bench,4,baseline,1.551032543182373,1.0,0.0
mt_bench,5,baseline,1.540985107421875,1.0,0.0
mt_bench,6,baseline,1.5503411293029785,1.0,0.0
mt_bench,7,baseline,1.541457176208496,1.0,0.0
mt_bench,8,baseline,1.5453550815582275,1.0,0.0
mt_bench,9,baseline,1.5517544746398926,1.0,0.0
mt_bench,10,baseline,1.5581789016723633,1.0,0.0
mt_bench,11,baseline,1.5494790077209473,1.0,0.0
mt_bench,12,baseline,1.5639266967773438,1.0,0.0
mt_bench,13,baseline,1.5580596923828125,1.0,0.0
mt_bench,14,baseline,1.5551047325134277,1.0,0.0
mt_bench,15,baseline,1.5511784553527832,1.0,0.0
mt_bench,16,baseline,1.5720293521881104,1.0,0.0
mt_bench,17,baseline,1.574625015258789,1.0,0.0
mt_bench,18,baseline,1.5421357154846191,1.0,0.0
mt_bench,19,baseline,1.5702285766601562,1.0,0.0
mt_bench,20,baseline,1.5395715236663818,1.0,0.0
mt_bench,21,baseline,1.5848357677459717,1.0,0.0
mt_bench,22,baseline,1.5605766773223877,1.0,0.0
mt_bench,23,baseline,1.56679105758667,1.0,0.0
mt_bench,24,baseline,1.5699656009674072,1.0,0.0
mt_bench,25,baseline,1.5508930683135986,1.0,0.0
mt_bench,26,baseline,1.5571966171264648,1.0,0.0
mt_bench,27,baseline,1.548691987991333,1.0,0.0
mt_bench,28,baseline,1.5494880676269531,1.0,0.0
mt_bench,29,baseline,1.5769150257110596,1.0,0.0
mt_bench,30,baseline,1.5482280254364014,1.0,0.0
mt_bench,31,baseline,1.5466132164001465,1.0,0.0
mt_bench,32,baseline,1.5529813766479492,1.0,0.0
mt_bench,33,baseline,1.5681383609771729,1.0,0.0
mt_bench,34,baseline,1.5628039836883545,1.0,0.0
mt_bench,35,baseline,1.553821325302124,1.0,0.0
mt_bench,36,baseline,1.5628185272216797,1.0,0.0
mt_bench,37,baseline,1.5500168800354004,1.0,0.0
mt_bench,38,baseline,1.576247215270996,1.0,0.0
mt_bench,39,baseline,1.5524392127990723,1.0,0.0
mt_bench,40,baseline,1.5525660514831543,1.0,0.0
mt_bench,41,baseline,1.549708604812622,1.0,0.0
mt_bench,42,baseline,1.5428268909454346,1.0,0.0
mt_bench,43,baseline,1.589893102645874,1.0,0.0
mt_bench,44,baseline,1.5463638305664062,1.0,0.0
mt_bench,45,baseline,1.5650129318237305,1.0,0.0
mt_bench,46,baseline,1.5503170490264893,1.0,0.0
mt_bench,47,baseline,1.5594635009765625,1.0,0.0
mt_bench,48,baseline,1.556044101715088,1.0,0.0
mt_bench,49,baseline,1.565967321395874,1.0,0.0
mt_bench,50,baseline,0.35308361053466797,1.0,0.0
mt_bench,51,baseline,0.4204726219177246,1.0,0.0
mt_bench,52,baseline,1.5783450603485107,1.0,0.0
mt_bench,53,baseline,1.581242322921753,1.0,0.0
mt_bench,54,baseline,1.5687472820281982,1.0,0.0
mt_bench,55,baseline,1.5876855850219727,1.0,0.0
mt_bench,56,baseline,1.1597306728363037,1.0,0.0
mt_bench,57,baseline,1.6031029224395752,1.0,0.0
mt_bench,58,baseline,1.5671429634094238,1.0,0.0
mt_bench,59,baseline,1.5810036659240723,1.0,0.0
mt_bench,60,baseline,1.5580172538757324,1.0,0.0
mt_bench,61,baseline,1.5489492416381836,1.0,0.0
mt_bench,62,baseline,1.5507690906524658,1.0,0.0
mt_bench,63,baseline,1.550901174545288,1.0,0.0
mt_bench,64,baseline,1.5645084381103516,1.0,0.0
mt_bench,65,baseline,1.5550477504730225,1.0,0.0
mt_bench,66,baseline,1.5654754638671875,1.0,0.0
mt_bench,67,baseline,1.5461900234222412,1.0,0.0
mt_bench,68,baseline,1.5478813648223877,1.0,0.0
mt_bench,69,baseline,1.5343852043151855,1.0,0.0
mt_bench,70,baseline,1.5566468238830566,1.0,0.0
mt_bench,71,baseline,1.549823522567749,1.0,0.0
mt_bench,72,baseline,1.5412771701812744,1.0,0.0
mt_bench,73,baseline,1.5549030303955078,1.0,0.0
mt_bench,74,baseline,1.5717260837554932,1.0,0.0
mt_bench,75,baseline,1.543837547302246,1.0,0.0
mt_bench,76,baseline,1.5680809020996094,1.0,0.0
mt_bench,77,baseline,1.5665326118469238,1.0,0.0
mt_bench,78,baseline,1.5392913818359375,1.0,0.0
mt_bench,79,baseline,1.5470070838928223,1.0,0.0
mt_bench,0,fixed_1,3.3233423233032227,0.57357558317218,0.2068965517241379
mt_bench,1,fixed_1,3.2987966537475586,0.47402038543075115,0.2068965517241379
mt_bench,2,fixed_1,3.360732078552246,0.45959855651971077,0.2068965517241379
mt_bench,3,fixed_1,3.4085848331451416,0.45498218777403726,0.2857142857142857
mt_bench,4,fixed_1,3.763099431991577,0.412168897264962,0.6
mt_bench,5,fixed_1,3.5131256580352783,0.4386364899579691,0.37037037037037035
mt_bench,6,fixed_1,3.602856159210205,0.4303089162579375,0.46153846153846156
mt_bench,7,fixed_1,3.693647623062134,0.41732653829348954,0.5599999999999999
mt_bench,8,fixed_1,3.383659839630127,0.4567111219215087,0.2857142857142857
mt_bench,9,fixed_1,3.3477087020874023,0.4635273295051999,0.2068965517241379
mt_bench,10,fixed_1,3.3354406356811523,0.4671583373433829,0.2068965517241379
mt_bench,11,fixed_1,3.781893253326416,0.40970987384640795,0.6
mt_bench,12,fixed_1,3.5319864749908447,0.442789548558902,0.37037037037037035
mt_bench,13,fixed_1,3.4528627395629883,0.45123707772409405,0.2413793103448276
mt_bench,14,fixed_1,4.095882892608643,0.3796750965023297,1.0476190476190477
mt_bench,15,fixed_1,3.7020280361175537,0.41900775472774604,0.5599999999999999
mt_bench,16,fixed_1,3.317549705505371,0.473852539294099,0.2068965517241379
mt_bench,17,fixed_1,3.9704947471618652,0.3965815636412417,0.826086956521739
mt_bench,18,fixed_1,4.264134407043457,0.36165269859630456,1.368421052631579
mt_bench,19,fixed_1,3.741128444671631,0.41972057358698345,0.5599999999999999
mt_bench,20,fixed_1,3.403563976287842,0.45234099737579875,0.2413793103448276
mt_bench,21,fixed_1,3.684696912765503,0.43011292523283634,0.5
mt_bench,22,fixed_1,3.4142825603485107,0.45707308921822004,0.2857142857142857
mt_bench,23,fixed_1,3.5322699546813965,0.4435649250166077,0.37037037037037035
mt_bench,24,fixed_1,3.402177333831787,0.4614590736806756,0.2068965517241379
mt_bench,25,fixed_1,3.1498758792877197,0.49236640672466797,0.03125
mt_bench,26,fixed_1,3.996521472930908,0.3896379958605531,0.826086956521739
mt_bench,27,fixed_1,3.4954731464385986,0.4430564684981874,0.32142857142857145
mt_bench,28,fixed_1,3.5170822143554688,0.4405606617048923,0.32142857142857145
mt_bench,29,fixed_1,3.376563310623169,0.4670177575968592,0.16666666666666666
mt_bench,30,fixed_1,3.0466408729553223,0.5081754266411385,0.0
mt_bench,31,fixed_1,3.1761081218719482,0.4869523193336998,0.03125
mt_bench,32,fixed_1,3.1427431106567383,0.4941483671961413,0.03125
mt_bench,33,fixed_1,3.1411678791046143,0.49922144289345294,0.06451612903225806
mt_bench,34,fixed_1,3.159329414367676,0.49466319548103915,0.06451612903225806
mt_bench,35,fixed_1,3.181594133377075,0.4883782343578922,0.06451612903225806
mt_bench,36,fixed_1,3.161308765411377,0.49435807862896686,0.06451612903225806
mt_bench,37,fixed_1,3.0439205169677734,0.5092172648382628,0.0
mt_bench,38,fixed_1,3.801816463470459,0.41460371125652157,0.6
mt_bench,39,fixed_1,3.1264679431915283,0.4965472990630851,0.06451612903225806
mt_bench,40,fixed_1,3.5347352027893066,0.4392312188641468,0.37037037037037035
mt_bench,41,fixed_1,3.319265604019165,0.4668829764439888,0.16666666666666666
mt_bench,42,fixed_1,3.398282766342163,0.4540019171524386,0.2857142857142857
mt_bench,43,fixed_1,3.2756145000457764,0.48537247060777616,0.13333333333333333
mt_bench,44,fixed_1,3.432852268218994,0.45046034892980663,0.2413793103448276
mt_bench,45,fixed_1,3.514155149459839,0.4453454287766119,0.37037037037037035
mt_bench,46,fixed_1,3.318957805633545,0.46710959880086644,0.2068965517241379
mt_bench,47,fixed_1,3.2161202430725098,0.484889675482635,0.13333333333333333
mt_bench,48,fixed_1,3.621457815170288,0.4296734025719749,0.4074074074074074
mt_bench,49,fixed_1,3.682811975479126,0.4252096853769313,0.5
mt_bench,50,fixed_1,3.665071487426758,0.096337441642255,0.46153846153846156
mt_bench,51,fixed_1,3.823038339614868,0.10998388835412069,0.6
mt_bench,52,fixed_1,3.51640248298645,0.44885221984260343,0.2857142857142857
mt_bench,53,fixed_1,3.4796273708343506,0.45442863686366514,0.2413793103448276
mt_bench,54,fixed_1,3.277888536453247,0.47858469395229036,0.0967741935483871
mt_bench,55,fixed_1,3.654772996902466,0.4344142813705764,0.46153846153846156
mt_bench,56,fixed_1,3.346677303314209,0.34653196819658244,0.0967741935483871
mt_bench,57,fixed_1,3.464181900024414,0.462765226741782,0.2413793103448276
mt_bench,58,fixed_1,3.5752193927764893,0.43833476809164207,0.32142857142857145
mt_bench,59,fixed_1,3.4520301818847656,0.4579924226099506,0.2413793103448276
mt_bench,60,fixed_1,3.3208720684051514,0.4691590708051485,0.16666666666666666
mt_bench,61,fixed_1,3.630065679550171,0.42670005955102325,0.4074074074074074
mt_bench,62,fixed_1,3.4272735118865967,0.4524789414308578,0.2413793103448276
mt_bench,63,fixed_1,3.422963857650757,0.4530872188670143,0.2857142857142857
mt_bench,64,fixed_1,3.3300459384918213,0.4698158725158362,0.2068965517241379
mt_bench,65,fixed_1,3.410796642303467,0.45591922168154464,0.2857142857142857
mt_bench,66,fixed_1,3.220393657684326,0.4861130750682408,0.13333333333333333
mt_bench,67,fixed_1,3.738445997238159,0.4135916433096842,0.5
mt_bench,68,fixed_1,3.347886085510254,0.46234588790869025,0.16666666666666666
mt_bench,69,fixed_1,3.300105571746826,0.46495033899870003,0.16666666666666666
mt_bench,70,fixed_1,3.422353506088257,0.4548468827413159,0.2857142857142857
mt_bench,71,fixed_1,3.4634149074554443,0.44748422120363207,0.2413793103448276
mt_bench,72,fixed_1,3.181818962097168,0.48440127755270007,0.06451612903225806
mt_bench,73,fixed_1,3.4125709533691406,0.45563976592498195,0.2857142857142857
mt_bench,74,fixed_1,3.623746871948242,0.4337295454940215,0.46153846153846156
mt_bench,75,fixed_1,3.851668357849121,0.4008230729824226,0.6
mt_bench,76,fixed_1,3.2624361515045166,0.48064723086656197,0.13333333333333333
mt_bench,77,fixed_1,3.4305596351623535,0.45664054219911165,0.2857142857142857
mt_bench,78,fixed_1,3.5339276790618896,0.4355752357231473,0.37037037037037035
mt_bench,79,fixed_1,3.2497944831848145,0.47603228200964504,0.13333333333333333
mt_bench,0,fixed_2,3.553785800933838,0.5363823589673129,0.5675675675675675
mt_bench,1,fixed_2,3.1467392444610596,0.49692610025426603,0.3333333333333333
mt_bench,2,fixed_2,3.579103708267212,0.43155709866252984,0.6111111111111112
mt_bench,3,fixed_2,3.4300906658172607,0.45212956032119067,0.5555555555555556
mt_bench,4,fixed_2,4.1682820320129395,0.37210355040043946,1.2666666666666666
mt_bench,5,fixed_2,3.5347578525543213,0.4359520996065723,0.5675675675675675
mt_bench,6,fixed_2,3.5426113605499268,0.43762664642455046,0.5675675675675675
mt_bench,7,fixed_2,4.027339458465576,0.3827482615025936,1.1290322580645162
mt_bench,8,fixed_2,3.670933485031128,0.42097060267086905,0.7142857142857143
mt_bench,9,fixed_2,3.3702340126037598,0.4604292962556168,0.42105263157894735
mt_bench,10,fixed_2,3.1895246505737305,0.4885301329751688,0.3684210526315789
mt_bench,11,fixed_2,3.7123332023620605,0.41738683551763467,0.7647058823529411
mt_bench,12,fixed_2,3.4386544227600098,0.4548077545757186,0.5555555555555556
mt_bench,13,fixed_2,3.299971580505371,0.4721433668056635,0.38461538461538464
mt_bench,14,fixed_2,4.65237283706665,0.33426055627431844,1.9230769230769231
mt_bench,15,fixed_2,3.6469156742095947,0.4253398197064082,0.6666666666666666
mt_bench,16,fixed_2,3.3062400817871094,0.4754734421277681,0.42105263157894735
mt_bench,17,fixed_2,3.9212193489074707,0.4015651447036521,0.9393939393939394
mt_bench,18,fixed_2,4.767654180526733,0.32345796425072154,2.0
mt_bench,19,fixed_2,3.445841073989868,0.4556880433380002,0.5555555555555556
mt_bench,20,fixed_2,3.316220998764038,0.4642548021498516,0.4594594594594595
mt_bench,21,fixed_2,3.8223636150360107,0.41462192699609,0.7714285714285715
mt_bench,22,fixed_2,3.473902702331543,0.4492286661555005,0.5555555555555556
mt_bench,23,fixed_2,3.435084104537964,0.456114322067643,0.5555555555555556
mt_bench,24,fixed_2,3.3750863075256348,0.46516309744931844,0.38461538461538464
mt_bench,25,fixed_2,2.972588062286377,0.5217315806350658,0.17073170731707318
mt_bench,26,fixed_2,3.9409735202789307,0.39512993657877993,1.0
mt_bench,27,fixed_2,3.5415914058685303,0.4372870301822793,0.5675675675675675
mt_bench,28,fixed_2,3.2230656147003174,0.4807497745499747,0.3684210526315789
mt_bench,29,fixed_2,3.3469655513763428,0.47114767137731633,0.4594594594594595
mt_bench,30,fixed_2,2.7555603981018066,0.5618559573228417,0.0
mt_bench,31,fixed_2,2.677496910095215,0.577633987389045,0.047619047619047616
mt_bench,32,fixed_2,2.7384121417999268,0.5671101705045729,0.047619047619047616
mt_bench,33,fixed_2,2.8634912967681885,0.5476316141582184,0.09523809523809523
mt_bench,34,fixed_2,2.9636166095733643,0.5273300124719346,0.14285714285714285
mt_bench,35,fixed_2,2.823070526123047,0.5504011716760061,0.12195121951219512
mt_bench,36,fixed_2,2.715817451477051,0.5754505062082542,0.047619047619047616
mt_bench,37,fixed_2,2.7001867294311523,0.5740406258355111,0.0
mt_bench,38,fixed_2,3.781508207321167,0.4168303039034298,0.7714285714285715
mt_bench,39,fixed_2,2.724181890487671,0.569873552944426,0.047619047619047616
mt_bench,40,fixed_2,3.290031909942627,0.47189999792744525,0.42105263157894735
mt_bench,41,fixed_2,3.5470902919769287,0.43689573065502946,0.5675675675675675
mt_bench,42,fixed_2,3.4085655212402344,0.45263231154907196,0.5555555555555556
mt_bench,43,fixed_2,3.1104938983917236,0.511138473368466,0.28205128205128205
mt_bench,44,fixed_2,3.3256571292877197,0.46497993342374483,0.42105263157894735
mt_bench,45,fixed_2,3.4451444149017334,0.4542662783755524,0.47368421052631576
mt_bench,46,fixed_2,3.08971905708313,0.5017663484556673,0.28205128205128205
mt_bench,47,fixed_2,3.3352932929992676,0.46756412824319044,0.38461538461538464
mt_bench,48,fixed_2,3.310758590698242,0.4699962437874145,0.38461538461538464
mt_bench,49,fixed_2,3.3221848011016846,0.4713667105082705,0.38461538461538464
mt_bench,50,fixed_2,3.9923524856567383,0.0884399891550623,0.9393939393939394
mt_bench,51,fixed_2,3.834686517715454,0.10964980317823336,0.8235294117647058
mt_bench,52,fixed_2,3.252596616744995,0.48525693355975524,0.3684210526315789
mt_bench,53,fixed_2,3.3530540466308594,0.4715827126349429,0.42105263157894735
mt_bench,54,fixed_2,2.853109359741211,0.5498377679327687,0.12195121951219512
mt_bench,55,fixed_2,3.608614921569824,0.4399709083759194,0.6111111111111112
mt_bench,56,fixed_2,3.117849588394165,0.3719649200376013,0.21951219512195122
mt_bench,57,fixed_2,3.395429849624634,0.47213548606130057,0.4594594594594595
mt_bench,58,fixed_2,3.000805377960205,0.5222407873964449,0.17073170731707318
mt_bench,59,fixed_2,3.365013360977173,0.469835776659431,0.38461538461538464
mt_bench,60,fixed_2,3.220893383026123,0.4837220822292261,0.3684210526315789
mt_bench,61,fixed_2,3.463183879852295,0.44726162265003566,0.5135135135135135
mt_bench,62,fixed_2,3.080263614654541,0.5034533678463713,0.28205128205128205
mt_bench,63,fixed_2,3.5750653743743896,0.4338105774685825,0.6111111111111112
mt_bench,64,fixed_2,3.2099111080169678,0.48739930342709087,0.3333333333333333
mt_bench,65,fixed_2,3.4559929370880127,0.4499568658792721,0.5135135135135135
mt_bench,66,fixed_2,3.3090555667877197,0.47308829733157964,0.4594594594594595
mt_bench,67,fixed_2,3.801379919052124,0.40674440764862685,0.8235294117647058
mt_bench,68,fixed_2,3.0416460037231445,0.5088959605843989,0.28205128205128205
mt_bench,69,fixed_2,3.183429002761841,0.4819913379516246,0.3
mt_bench,70,fixed_2,3.5498874187469482,0.43850596941818715,0.6571428571428571
mt_bench,71,fixed_2,3.4125428199768066,0.45415504048628536,0.47368421052631576
mt_bench,72,fixed_2,3.1558663845062256,0.4883847990992896,0.3333333333333333
mt_bench,73,fixed_2,3.0765302181243896,0.5054080149238568,0.28205128205128205
mt_bench,74,fixed_2,3.6526551246643066,0.43029687449617654,0.7142857142857143
mt_bench,75,fixed_2,4.047446966171265,0.3814349045721183,1.0
mt_bench,76,fixed_2,3.0601139068603516,0.5124256644774526,0.25
mt_bench,77,fixed_2,3.4359846115112305,0.45591956570431913,0.47368421052631576
mt_bench,78,fixed_2,3.5508663654327393,0.4334974125809846,0.5675675675675675
mt_bench,79,fixed_2,3.2181222438812256,0.48071731483607344,0.3333333333333333
mt_bench,0,fixed_4,3.912108898162842,0.4872533103729794,1.0909090909090908
mt_bench,1,fixed_4,3.2426795959472656,0.48222367181186027,0.5833333333333334
mt_bench,2,fixed_4,3.5795702934265137,0.43150084662077026,0.8666666666666667
mt_bench,3,fixed_4,3.7378311157226562,0.4149051512986682,1.0952380952380953
mt_bench,4,fixed_4,4.047992944717407,0.38316088105006607,1.3414634146341464
mt_bench,5,fixed_4,3.6023447513580322,0.42777280182329736,0.9090909090909091
mt_bench,6,fixed_4,3.945444345474243,0.3929446200606911,1.2439024390243902
mt_bench,7,fixed_4,4.292757987976074,0.3590831769519935,1.564102564102564
mt_bench,8,fixed_4,3.7744386196136475,0.40942647034392904,1.0
mt_bench,9,fixed_4,3.411513090133667,0.4548581329286628,0.7777777777777778
mt_bench,10,fixed_4,3.3150649070739746,0.47002968127332445,0.6888888888888889
mt_bench,11,fixed_4,4.107144594192505,0.3772642944959639,1.1818181818181819
mt_bench,12,fixed_4,3.4221415519714355,0.45700233991676736,0.7391304347826086
mt_bench,13,fixed_4,3.455744981765747,0.4508607262989373,0.7391304347826086
mt_bench,14,fixed_4,5.306228399276733,0.2930715784351455,2.757575757575758
mt_bench,15,fixed_4,4.946648836135864,0.31358168059580827,2.3142857142857145
mt_bench,16,fixed_4,3.1071081161499023,0.5059461381524285,0.46938775510204084
mt_bench,17,fixed_4,4.950857162475586,0.318050988663835,2.2222222222222223
mt_bench,18,fixed_4,5.981418132781982,0.2578210854433889,3.375
mt_bench,19,fixed_4,3.607618808746338,0.43525346215993843,0.9534883720930233
mt_bench,20,fixed_4,3.2547695636749268,0.47302013047217617,0.6888888888888889
mt_bench,21,fixed_4,3.8916099071502686,0.4072442525223471,1.0909090909090908
mt_bench,22,fixed_4,3.4257400035858154,0.45554440082694236,0.8181818181818182
mt_bench,23,fixed_4,4.442076206207275,0.35271593391335004,1.4761904761904763
mt_bench,24,fixed_4,3.150139331817627,0.49837973359151033,0.5
mt_bench,25,fixed_4,2.7458457946777344,0.5648143356483057,0.3333333333333333
mt_bench,26,fixed_4,5.270634889602661,0.29544763576743555,2.5428571428571427
mt_bench,27,fixed_4,3.7384021282196045,0.4142657571000501,0.9555555555555556
mt_bench,28,fixed_4,2.888336420059204,0.5364638471010217,0.36
mt_bench,29,fixed_4,3.262360095977783,0.48336632968729104,0.6170212765957447
mt_bench,30,fixed_4,2.2340638637542725,0.6930097436134408,0.0
mt_bench,31,fixed_4,2.40912127494812,0.6419822997218986,0.07692307692307693
mt_bench,32,fixed_4,2.4459052085876465,0.6349311376399155,0.05660377358490566
mt_bench,33,fixed_4,2.560187578201294,0.6125091670349001,0.1320754716981132
mt_bench,34,fixed_4,2.761981725692749,0.5658270542309176,0.23076923076923078
mt_bench,35,fixed_4,2.3878958225250244,0.6507073343170692,0.07692307692307693
mt_bench,36,fixed_4,2.576552629470825,0.6065540867848109,0.15384615384615385
mt_bench,37,fixed_4,2.220993757247925,0.6978933979337499,0.0
mt_bench,38,fixed_4,4.116048097610474,0.3829516025787136,1.4
mt_bench,39,fixed_4,2.7531962394714355,0.5638679838881056,0.23076923076923078
mt_bench,40,fixed_4,3.7446129322052,0.41461322694542135,1.0
mt_bench,41,fixed_4,3.4464683532714844,0.44965119245664775,0.8181818181818182
mt_bench,42,fixed_4,3.236589193344116,0.4766829519539214,0.6888888888888889
mt_bench,43,fixed_4,3.306964635848999,0.48077112328650584,0.6888888888888889
mt_bench,44,fixed_4,3.889622688293457,0.3975613972071059,1.0909090909090908
mt_bench,45,fixed_4,3.5755789279937744,0.4376949756502356,0.9534883720930233
mt_bench,46,fixed_4,3.0859017372131348,0.502387043090547,0.5652173913043478
mt_bench,47,fixed_4,3.145502805709839,0.4957755873387758,0.5319148936170213
mt_bench,48,fixed_4,3.250211238861084,0.478751683309158,0.6170212765957447
mt_bench,49,fixed_4,3.574216604232788,0.43812882508054146,0.7872340425531915
mt_bench,50,fixed_4,4.521356582641602,0.07809240525072211,1.5365853658536586
mt_bench,51,fixed_4,4.412874937057495,0.0952831494014865,1.564102564102564
mt_bench,52,fixed_4,3.3603320121765137,0.46969914122450185,0.5833333333333334
mt_bench,53,fixed_4,3.6710493564605713,0.4307330600551505,0.9090909090909091
mt_bench,54,fixed_4,2.6319799423217773,0.5960331447831407,0.22448979591836735
mt_bench,55,fixed_4,3.8329286575317383,0.41422257675006724,1.0465116279069768
mt_bench,56,fixed_4,2.7916030883789062,0.4154353739126157,0.28
mt_bench,57,fixed_4,3.328774929046631,0.4815894605703209,0.6170212765957447
mt_bench,58,fixed_4,3.295849561691284,0.475489834737856,0.5510204081632653
mt_bench,59,fixed_4,3.290290594100952,0.4805057853426682,0.5510204081632653
mt_bench,60,fixed_4,3.3968160152435303,0.45866989759939425,0.7391304347826086
mt_bench,61,fixed_4,3.4326272010803223,0.45124307153153587,0.8181818181818182
mt_bench,62,fixed_4,3.4311180114746094,0.4519719477634591,0.7021276595744681
mt_bench,63,fixed_4,3.608567476272583,0.42978306065853833,0.9090909090909091
mt_bench,64,fixed_4,2.9215450286865234,0.5355072137340042,0.3877551020408163
mt_bench,65,fixed_4,3.4396066665649414,0.45210045834281803,0.7777777777777778
mt_bench,66,fixed_4,3.0753345489501953,0.5090423298504492,0.44
mt_bench,67,fixed_4,3.755894660949707,0.41167023119633367,1.0952380952380953
mt_bench,68,fixed_4,2.92059326171875,0.5299886790505945,0.4166666666666667
mt_bench,69,fixed_4,3.4285082817077637,0.44753726059278987,0.7777777777777778
mt_bench,70,fixed_4,3.5896854400634766,0.433644354045554,0.9534883720930233
mt_bench,71,fixed_4,3.8933017253875732,0.39807434200683894,1.2439024390243902
mt_bench,72,fixed_4,3.591926336288452,0.4290948716319947,0.826086956521739
mt_bench,73,fixed_4,3.6360955238342285,0.42762986291291855,0.8666666666666667
mt_bench,74,fixed_4,3.926142454147339,0.4003232440267716,1.1395348837209303
mt_bench,75,fixed_4,3.946568250656128,0.39118480899084385,1.2439024390243902
mt_bench,76,fixed_4,3.3289997577667236,0.4710366525083692,0.6888888888888889
mt_bench,77,fixed_4,3.112269163131714,0.503340980402416,0.5319148936170213
mt_bench,78,fixed_4,3.5937232971191406,0.42832774105616017,0.9090909090909091
mt_bench,79,fixed_4,3.070014715194702,0.5039086868984959,0.5319148936170213
mt_bench,0,fixed_8,5.117812156677246,0.372461503629518,2.04
mt_bench,1,fixed_8,3.9960861206054688,0.3913070975132452,1.1428571428571428
mt_bench,2,fixed_8,4.474022626876831,0.3452346447407946,1.7755102040816326
mt_bench,3,fixed_8,5.019487380981445,0.3089648936012558,2.3777777777777778
mt_bench,4,fixed_8,7.1311304569244385,0.21750163631858627,4.684210526315789
mt_bench,5,fixed_8,5.0430638790130615,0.3055652564376101,2.1020408163265305
mt_bench,6,fixed_8,4.26800274848938,0.3632474533554852,1.6122448979591837
mt_bench,7,fixed_8,6.048181533813477,0.2548629150085352,3.4878048780487805
mt_bench,8,fixed_8,5.02313232421875,0.3076476950661612,2.3043478260869565
mt_bench,9,fixed_8,4.018559217453003,0.38614697225325645,1.4
mt_bench,10,fixed_8,3.740978240966797,0.41651643000994215,1.196078431372549
mt_bench,11,fixed_8,6.085115194320679,0.25463429339301535,3.380952380952381
mt_bench,12,fixed_8,4.809304714202881,0.32518769130156,2.130434782608696
mt_bench,13,fixed_8,4.520016670227051,0.3447022004687756,1.72
mt_bench,14,fixed_8,5.54970383644104,0.28021400390812534,2.652173913043478
mt_bench,15,fixed_8,6.904155492782593,0.22467316342662633,4.473684210526316
mt_bench,16,fixed_8,4.268658876419067,0.36827242412653716,1.3272727272727274
mt_bench,17,fixed_8,6.0592546463012695,0.25987107444312185,3.0
mt_bench,18,fixed_8,8.967402696609497,0.17197127949519744,8.066666666666666
mt_bench,19,fixed_8,5.217879056930542,0.3009323442586374,2.3777777777777778
mt_bench,20,fixed_8,3.9746615886688232,0.38734656758086633,1.4489795918367347
mt_bench,21,fixed_8,5.549306869506836,0.2855916612675657,2.652173913043478
mt_bench,22,fixed_8,3.708932876586914,0.4207616393312794,1.196078431372549
mt_bench,23,fixed_8,5.564213037490845,0.2815835855007462,2.652173913043478
mt_bench,24,fixed_8,4.019889831542969,0.3905494097495706,1.3529411764705883
mt_bench,25,fixed_8,2.6891820430755615,0.5767155378368787,0.3793103448275862
mt_bench,26,fixed_8,7.44365930557251,0.20919772832170172,5.222222222222222
mt_bench,27,fixed_8,4.750393867492676,0.32601338566664034,2.0
mt_bench,28,fixed_8,3.9892451763153076,0.38841635425831306,1.2222222222222223
mt_bench,29,fixed_8,4.313137054443359,0.3656074466927811,1.4615384615384615
mt_bench,30,fixed_8,2.1509907245635986,0.7197743847782104,0.0
mt_bench,31,fixed_8,2.3870298862457275,0.6479236918280183,0.18032786885245902
mt_bench,32,fixed_8,2.149090051651001,0.7226227562939479,0.14285714285714285
mt_bench,33,fixed_8,2.151094913482666,0.7289954297917637,0.12280701754385964
mt_bench,34,fixed_8,2.940293312072754,0.5315129539190969,0.6
mt_bench,35,fixed_8,2.6635751724243164,0.5833592914473206,0.48148148148148145
mt_bench,36,fixed_8,2.3999288082122803,0.6511937028606409,0.2413793103448276
mt_bench,37,fixed_8,2.131514072418213,0.7271905450180297,0.0
mt_bench,38,fixed_8,6.020243167877197,0.2618245096280385,3.0
mt_bench,39,fixed_8,2.4036364555358887,0.6458710547610484,0.2413793103448276
mt_bench,40,fixed_8,4.75949764251709,0.3262037652070503,2.0
mt_bench,41,fixed_8,4.73803448677063,0.3270783716622711,1.88
mt_bench,42,fixed_8,4.254403114318848,0.36264238472203386,1.6666666666666667
mt_bench,43,fixed_8,3.7180516719818115,0.42761457960007926,1.24
mt_bench,44,fixed_8,4.458927869796753,0.34680171460968096,1.8333333333333333
mt_bench,45,fixed_8,4.49660849571228,0.34804296022569925,1.6153846153846154
mt_bench,46,fixed_8,3.707834243774414,0.4181192974388019,1.24
mt_bench,47,fixed_8,3.990159273147583,0.39082738162138597,1.2222222222222223
mt_bench,48,fixed_8,4.226994752883911,0.36812066082018685,1.4150943396226414
mt_bench,49,fixed_8,4.474205017089844,0.34999900885508056,1.6153846153846154
mt_bench,50,fixed_8,6.373576879501343,0.05539803115425707,3.4651162790697674
mt_bench,51,fixed_8,5.936144590377808,0.07083261122030107,2.8260869565217392
mt_bench,52,fixed_8,4.579143285751343,0.3446812999409205,1.1818181818181819
mt_bench,53,fixed_8,4.658465385437012,0.3394341681414933,1.8333333333333333
mt_bench,54,fixed_8,2.511665105819702,0.6245845747481629,0.3090909090909091
mt_bench,55,fixed_8,5.155174016952515,0.3079790478073007,2.3043478260869565
mt_bench,56,fixed_8,3.114697217941284,0.372341383989436,0.5714285714285714
mt_bench,57,fixed_8,4.408928632736206,0.36360373595901924,1.3703703703703705
mt_bench,58,fixed_8,3.8523623943328857,0.40680050394916345,0.9649122807017544
mt_bench,59,fixed_8,3.552321434020996,0.44506210805773827,0.7627118644067796
mt_bench,60,fixed_8,3.9888017177581787,0.39059781962573537,1.1818181818181819
mt_bench,61,fixed_8,4.022988557815552,0.38502452079536853,1.4489795918367347
mt_bench,62,fixed_8,4.483025789260864,0.3459201805993063,1.72
mt_bench,63,fixed_8,4.74432110786438,0.32689633338149293,2.0638297872340425
mt_bench,64,fixed_8,3.1989738941192627,0.48906570978475894,0.8113207547169812
mt_bench,65,fixed_8,4.29619288444519,0.3619594818713176,1.6122448979591837
mt_bench,66,fixed_8,3.4525418281555176,0.45342693638081877,0.9259259259259258
mt_bench,67,fixed_8,5.005345821380615,0.3089077315732319,2.234042553191489
mt_bench,68,fixed_8,3.7505078315734863,0.4127124737059915,1.24
mt_bench,69,fixed_8,4.023556709289551,0.3813504605943818,1.4
mt_bench,70,fixed_8,4.770197629928589,0.32632753287128696,2.130434782608696
mt_bench,71,fixed_8,4.29089879989624,0.36118855159325264,1.4615384615384615
mt_bench,72,fixed_8,4.814567804336548,0.3201278355230608,2.0638297872340425
mt_bench,73,fixed_8,3.966904878616333,0.39196882153066953,1.4489795918367347
mt_bench,74,fixed_8,5.236442804336548,0.3001514849840185,2.2653061224489797
mt_bench,75,fixed_8,5.300291061401367,0.2912741072929048,2.6363636363636362
mt_bench,76,fixed_8,3.968343734741211,0.39514744863750295,1.4489795918367347
mt_bench,77,fixed_8,3.9644718170166016,0.39514282965083414,1.3076923076923077
mt_bench,78,fixed_8,4.758880138397217,0.32345664044280137,1.8235294117647058
mt_bench,79,fixed_8,3.438063383102417,0.4499646782244149,1.0
mt_bench,0,entropy,3.5149199962615967,0.5423133423226758,2.1875
mt_bench,1,entropy,3.2509102821350098,0.4810027732417593,1.35
mt_bench,2,entropy,3.7027034759521484,0.41715131178710163,3.0
mt_bench,3,entropy,3.8893980979919434,0.39873660281740353,4.4
mt_bench,4,entropy,3.697451591491699,0.4194869100521813,2.714285714285714
mt_bench,5,entropy,3.53857159614563,0.4354822463110213,2.1875
mt_bench,6,entropy,3.2623579502105713,0.4752210373490471,1.16
mt_bench,7,entropy,3.735412836074829,0.4126604591925799,3.0
mt_bench,8,entropy,3.5787277221679688,0.4318168917925005,2.3333333333333335
mt_bench,9,entropy,3.563369035720825,0.43547397395116894,2.3333333333333335
mt_bench,10,entropy,3.8143563270568848,0.4085037600235521,3.5833333333333335
mt_bench,11,entropy,4.085899114608765,0.3792259584141284,6.125
mt_bench,12,entropy,3.4938697814941406,0.44762020183492246,2.125
mt_bench,13,entropy,4.048415660858154,0.38485665082437365,6.0
mt_bench,14,entropy,3.908877372741699,0.3978392219100678,4.0
mt_bench,15,entropy,3.8804783821105957,0.3997389761282721,4.4
mt_bench,16,entropy,3.5327396392822266,0.44498873755313356,2.3333333333333335
mt_bench,17,entropy,4.336188554763794,0.3631357343833412,14.0
mt_bench,18,entropy,4.119588136672974,0.3743422071144388,6.375
mt_bench,19,entropy,3.545513391494751,0.4428776324542846,2.0
mt_bench,20,entropy,3.751361131668091,0.4104034428116473,3.4166666666666665
mt_bench,21,entropy,3.7126073837280273,0.4268794418424481,2.2666666666666666
mt_bench,22,entropy,3.7450411319732666,0.41670481640347645,3.3333333333333335
mt_bench,23,entropy,3.7039945125579834,0.4230003722399259,2.8571428571428568
mt_bench,24,entropy,3.7537403106689453,0.41824033391580767,2.466666666666667
mt_bench,25,entropy,3.6250643730163574,0.42782497322195845,1.9411764705882353
mt_bench,26,entropy,4.303089380264282,0.3618787525698169,8.666666666666666
mt_bench,27,entropy,3.3297760486602783,0.46510394854165726,1.5263157894736843
mt_bench,28,entropy,3.1270883083343506,0.49550505609235285,1.0454545454545454
mt_bench,29,entropy,3.3762712478637695,0.46705815674875156,1.25
mt_bench,30,entropy,3.737348794937134,0.41425837147812805,2.571428571428571
mt_bench,31,entropy,3.8600375652313232,0.40067309974675375,3.8181818181818183
mt_bench,32,entropy,3.522671937942505,0.4408532511701906,2.0625
mt_bench,33,entropy,3.422264337539673,0.4582166093296392,1.7647058823529411
mt_bench,34,entropy,3.2334845066070557,0.4833188408650297,1.1904761904761905
mt_bench,35,entropy,3.543436288833618,0.43850691776190803,2.2666666666666666
mt_bench,36,entropy,3.208202838897705,0.4871320816356621,1.2
mt_bench,37,entropy,3.670620918273926,0.4222764797963068,2.714285714285714
mt_bench,38,entropy,3.5986061096191406,0.4380160448951771,1.9411764705882353
mt_bench,39,entropy,3.6740448474884033,0.4225422598911192,2.6428571428571423
mt_bench,40,entropy,3.3834078311920166,0.4588764136471736,1.7647058823529411
mt_bench,41,entropy,3.5556764602661133,0.43584072457949086,2.0625
mt_bench,42,entropy,3.5411922931671143,0.4356800657005796,2.125
mt_bench,43,entropy,2.948148250579834,0.5392853301502657,0.6666666666666666
mt_bench,44,entropy,3.6554126739501953,0.42303399602084857,2.923076923076923
mt_bench,45,entropy,3.6166555881500244,0.4327237951414276,2.466666666666667
mt_bench,46,entropy,3.9300806522369385,0.3944746141899337,4.181818181818182
mt_bench,47,entropy,4.069178581237793,0.383237911495689,4.6
mt_bench,48,entropy,3.138885259628296,0.4957314374401036,0.9583333333333334
mt_bench,49,entropy,3.6293177604675293,0.4314770501644215,2.1875000000000004
mt_bench,50,entropy,4.145967483520508,0.08516314031359708,4.8
mt_bench,51,entropy,4.520246505737305,0.09301984336120639,6.5
mt_bench,52,entropy,2.931168556213379,0.5384695660039049,0.5714285714285714
mt_bench,53,entropy,3.1571500301361084,0.5008448467219607,0.9999999999999999
mt_bench,54,entropy,3.383790969848633,0.4636064390521064,1.5263157894736843
mt_bench,55,entropy,4.027684450149536,0.394193141164032,4.363636363636363
mt_bench,56,entropy,3.4603331089019775,0.33515000907074693,1.5714285714285714
mt_bench,57,entropy,3.9472334384918213,0.40613329498244644,3.066666666666667
mt_bench,58,entropy,4.215794801712036,0.3717313192693834,7.142857142857143
mt_bench,59,entropy,3.520242691040039,0.44911780370942894,1.6086956521739129
mt_bench,60,entropy,3.300030469894409,0.47212208132295946,1.5555555555555556
mt_bench,61,entropy,3.599553108215332,0.4303170963370386,2.25
mt_bench,62,entropy,3.1175241470336914,0.49743611196340365,1.0952380952380953
mt_bench,63,entropy,3.303924083709717,0.469411867600754,1.3181818181818181
mt_bench,64,entropy,3.684354782104492,0.42463566367425376,2.923076923076923
mt_bench,65,entropy,3.8007404804229736,0.4091433652160238,3.1538461538461537
mt_bench,66,entropy,3.3861517906188965,0.46231697828911006,1.7647058823529411
mt_bench,67,entropy,3.7686054706573486,0.41028174359481123,2.9999999999999996
mt_bench,68,entropy,4.340844392776489,0.35658531492125944,11.6
mt_bench,69,entropy,3.5107369422912598,0.43705501993942586,2.125
mt_bench,70,entropy,3.544389247894287,0.43918619401293374,2.3333333333333335
mt_bench,71,entropy,3.64975905418396,0.4246372156515603,2.714285714285714
mt_bench,72,entropy,3.7235753536224365,0.41392399073698377,2.8571428571428568
mt_bench,73,entropy,3.2452516555786133,0.4791317270334389,1.2272727272727273
mt_bench,74,entropy,2.8957912921905518,0.5427622107968093,0.6538461538461539
mt_bench,75,entropy,3.4896240234375,0.4424079892083814,2.0625
mt_bench,76,entropy,3.570094108581543,0.4392267694933772,2.0588235294117645
mt_bench,77,entropy,3.5895297527313232,0.4364172244720711,2.3333333333333335
mt_bench,78,entropy,4.025416612625122,0.3823930613810701,6.0
mt_bench,79,entropy,3.4480717182159424,0.4486586156894831,1.8823529411764706
mt_bench,0,epsilon_greedy,3.3492767810821533,0.5691342148657965,0.2068965517241379
mt_bench,1,epsilon_greedy,2.6555635929107666,0.588838040046,0.27450980392156865
mt_bench,2,epsilon_greedy,3.2194478511810303,0.47976786192870907,0.3333333333333333
mt_bench,3,epsilon_greedy,3.4472780227661133,0.4498753434901001,0.41935483870967744
mt_bench,4,epsilon_greedy,4.127721548080444,0.37575997438675707,1.0416666666666667
mt_bench,5,epsilon_greedy,3.7391738891601562,0.41211913462735233,0.6206896551724138
mt_bench,6,epsilon_greedy,3.409031391143799,0.4547746709902861,0.3870967741935484
mt_bench,7,epsilon_greedy,4.115623950958252,0.3745379059351607,1.1199999999999999
mt_bench,8,epsilon_greedy,3.5445802211761475,0.43597689574802584,0.4666666666666667
mt_bench,9,epsilon_greedy,3.5215542316436768,0.44064477573460936,0.3870967741935484
mt_bench,10,epsilon_greedy,3.2970664501190186,0.4725955406862108,0.22580645161290322
mt_bench,11,epsilon_greedy,4.169111013412476,0.37165693183417464,1.2799999999999998
mt_bench,12,epsilon_greedy,3.76090931892395,0.4158373850994114,0.75
mt_bench,13,epsilon_greedy,3.266108751296997,0.4770385222978552,0.2727272727272727
mt_bench,14,epsilon_greedy,4.3500096797943115,0.35749454529649694,1.4761904761904763
mt_bench,15,epsilon_greedy,4.0069849491119385,0.3871186128853737,1.0714285714285714
mt_bench,16,epsilon_greedy,3.249960422515869,0.48370722957025003,0.0967741935483871
mt_bench,17,epsilon_greedy,4.002100944519043,0.3934495998696058,0.9259259259259259
mt_bench,18,epsilon_greedy,4.611836194992065,0.3343864895199888,2.0
mt_bench,19,epsilon_greedy,3.735671281814575,0.4203337119901591,0.8
mt_bench,20,epsilon_greedy,3.6078810691833496,0.4267245771532227,0.4827586206896552
mt_bench,21,epsilon_greedy,3.658695697784424,0.433169604322571,0.4827586206896552
mt_bench,22,epsilon_greedy,3.359509229660034,0.46452519419936533,0.2903225806451613
mt_bench,23,epsilon_greedy,3.67618989944458,0.4261997068822233,0.45454545454545453
mt_bench,24,epsilon_greedy,3.504840135574341,0.4479421429331857,0.3448275862068965
mt_bench,25,epsilon_greedy,2.9638326168060303,0.5232728257052911,0.08333333333333333
mt_bench,26,epsilon_greedy,3.9480676651000977,0.3944199414036599,0.9230769230769231
mt_bench,27,epsilon_greedy,3.87569260597229,0.3995910268025022,0.8571428571428571
mt_bench,28,epsilon_greedy,3.3490989208221436,0.4626581968043457,0.3235294117647059
mt_bench,29,epsilon_greedy,3.599872350692749,0.43804748393581305,0.53125
mt_bench,30,epsilon_greedy,3.000066041946411,0.5160646478408614,0.0
mt_bench,31,epsilon_greedy,3.244065761566162,0.47675149952986046,0.15789473684210525
mt_bench,32,epsilon_greedy,2.8259153366088867,0.5495498596612364,0.0
mt_bench,33,epsilon_greedy,3.05854868888855,0.5127066855839463,0.10810810810810811
mt_bench,34,epsilon_greedy,3.206672430038452,0.4873600337374075,0.2727272727272727
mt_bench,35,epsilon_greedy,3.2884361743927,0.47251071418136303,0.1875
mt_bench,36,epsilon_greedy,3.1572072505950928,0.4950002971541094,0.0625
mt_bench,37,epsilon_greedy,2.8678810596466064,0.5404746040013252,0.0
mt_bench,38,epsilon_greedy,4.159971714019775,0.37890815698548835,1.03125
mt_bench,39,epsilon_greedy,2.8515114784240723,0.5444267801639885,0.02702702702702703
mt_bench,40,epsilon_greedy,3.5736734867095947,0.4344454123347054,0.37037037037037035
mt_bench,41,epsilon_greedy,3.500239610671997,0.4427435767790479,0.6363636363636364
mt_bench,42,epsilon_greedy,3.3411331176757812,0.4617675610658349,0.24137931034482757
mt_bench,43,epsilon_greedy,3.2725656032562256,0.4858246695082046,0.21875
mt_bench,44,epsilon_greedy,3.4645235538482666,0.44634242097986654,0.23333333333333334
mt_bench,45,epsilon_greedy,3.827853202819824,0.40884873293229973,0.6388888888888888
mt_bench,46,epsilon_greedy,3.1371641159057617,0.4941778599233027,0.18181818181818182
mt_bench,47,epsilon_greedy,3.092355251312256,0.5042963612653484,0.09090909090909091
mt_bench,48,epsilon_greedy,3.805731773376465,0.4088685683527711,0.75
mt_bench,49,epsilon_greedy,3.949366569519043,0.39651100849485815,0.8888888888888888
mt_bench,50,epsilon_greedy,3.946674108505249,0.08946358397663438,0.9230769230769231
mt_bench,51,epsilon_greedy,4.003405570983887,0.10502873477652383,0.8846153846153846
mt_bench,52,epsilon_greedy,3.395744562149048,0.4648008798840957,0.24137931034482757
mt_bench,53,epsilon_greedy,3.564038038253784,0.4436659502367403,0.41935483870967744
mt_bench,54,epsilon_greedy,3.2191405296325684,0.48731867018158864,0.09375
mt_bench,55,epsilon_greedy,3.51004958152771,0.452325686046563,0.5161290322580645
mt_bench,56,epsilon_greedy,3.1045618057250977,0.373556960823796,0.19444444444444445
mt_bench,57,epsilon_greedy,3.397289276123047,0.47187707379132005,0.40625
mt_bench,58,epsilon_greedy,3.939706563949585,0.39778164641743047,0.8928571428571429
mt_bench,59,epsilon_greedy,3.371915817260742,0.4688740026755588,0.25
mt_bench,60,epsilon_greedy,3.1999902725219727,0.48688187187763843,0.17647058823529413
mt_bench,61,epsilon_greedy,3.764650344848633,0.41144571201883107,0.6785714285714286
mt_bench,62,epsilon_greedy,3.185991048812866,0.4867462170775083,0.15151515151515152
mt_bench,63,epsilon_greedy,3.5984442234039307,0.4309921394524828,0.6774193548387096
mt_bench,64,epsilon_greedy,3.218881130218506,0.48604107291285675,0.18181818181818182
mt_bench,65,epsilon_greedy,3.530482292175293,0.4404632630276941,0.5333333333333333
mt_bench,66,epsilon_greedy,3.1794850826263428,0.4923676077052267,0.2647058823529412
mt_bench,67,epsilon_greedy,3.678642511367798,0.4203153795575898,0.6451612903225806
mt_bench,68,epsilon_greedy,3.2150490283966064,0.4814487589927484,0.21212121212121213
mt_bench,69,epsilon_greedy,3.2283544540405273,0.47528399565753615,0.18181818181818182
mt_bench,70,epsilon_greedy,3.605250597000122,0.4317721561930592,0.5862068965517241
mt_bench,71,epsilon_greedy,3.356506109237671,0.46173713740677347,0.36363636363636365
mt_bench,72,epsilon_greedy,3.178462028503418,0.484912878102554,0.2647058823529412
mt_bench,73,epsilon_greedy,3.3194432258605957,0.46842284220492586,0.25806451612903225
mt_bench,74,epsilon_greedy,3.7691009044647217,0.41700292021730995,0.8620689655172413
mt_bench,75,epsilon_greedy,4.067414045333862,0.3795624271577015,1.0769230769230769
mt_bench,76,epsilon_greedy,3.410505771636963,0.45977957731089464,0.4
mt_bench,77,epsilon_greedy,3.168713092803955,0.49437502417131696,0.35135135135135137
mt_bench,78,epsilon_greedy,3.6067283153533936,0.4267832914620615,0.5862068965517241
mt_bench,79,epsilon_greedy,3.294201374053955,0.46961521419955676,0.15625
mt_bench,0,ucb,4.485756158828735,0.42494240517682386,1.7435897435897436
mt_bench,1,ucb,3.264007568359375,0.4790726824365387,0.6666666666666666
mt_bench,2,ucb,3.94345760345459,0.3916835851865108,1.0454545454545454
mt_bench,3,ucb,3.833972215652466,0.4045009450684961,1.119047619047619
mt_bench,4,ucb,4.264524221420288,0.3637058819813212,1.4634146341463414
mt_bench,5,ucb,4.09763240814209,0.3760671904975913,1.0930232558139534
mt_bench,6,ucb,4.056057929992676,0.3822285470429112,1.3846153846153846
mt_bench,7,ucb,4.515642404556274,0.3413594430447302,1.8857142857142857
mt_bench,8,ucb,4.420969247817993,0.34955119453069045,1.45
mt_bench,9,ucb,3.419365882873535,0.45381352209546044,0.7857142857142857
mt_bench,10,ucb,3.024329423904419,0.515214675146317,0.5833333333333334
mt_bench,11,ucb,4.479001522064209,0.34594295181369994,1.8529411764705883
mt_bench,12,ucb,3.860978126525879,0.40505971428140936,1.125
mt_bench,13,ucb,3.9440693855285645,0.39503861116125094,1.1428571428571428
mt_bench,14,ucb,5.2120583057403564,0.29836671834631945,1.9736842105263157
mt_bench,15,ucb,4.565146446228027,0.33978722777545317,1.90625
mt_bench,16,ucb,3.5557734966278076,0.44210615599643155,0.7631578947368421
mt_bench,17,ucb,4.2511279582977295,0.3704016982564112,1.3142857142857143
mt_bench,18,ucb,5.661462306976318,0.2723917659196154,3.6153846153846154
mt_bench,19,ucb,3.6567795276641846,0.42940203662296267,0.9210526315789473
mt_bench,20,ucb,3.433440685272217,0.44840486986432926,0.75
mt_bench,21,ucb,4.005327939987183,0.3956818995827451,1.2857142857142858
mt_bench,22,ucb,3.399820566177368,0.4590173648714179,0.6341463414634146
mt_bench,23,ucb,4.085431814193726,0.3835068430571474,1.1470588235294117
mt_bench,24,ucb,3.2504689693450928,0.48299664318399116,0.4523809523809524
mt_bench,25,ucb,2.6442131996154785,0.5865234575408403,0.10204081632653061
mt_bench,26,ucb,4.789518356323242,0.32512593151889996,2.1875
mt_bench,27,ucb,3.4499731063842773,0.4488997276893065,0.6829268292682927
mt_bench,28,ucb,3.514169692993164,0.44092579556315903,0.813953488372093
mt_bench,29,ucb,3.276474952697754,0.48128401665719245,0.6511627906976745
mt_bench,30,ucb,2.717482805252075,0.5697287292652389,0.0
mt_bench,31,ucb,2.7098684310913086,0.5707336926971395,0.047619047619047616
mt_bench,32,ucb,2.7472105026245117,0.5652939136496198,0.047619047619047616
mt_bench,33,ucb,2.984300136566162,0.5254626844542274,0.10810810810810811
mt_bench,34,ucb,3.1164674758911133,0.5014664827334645,0.3695652173913043
mt_bench,35,ucb,2.405904769897461,0.6458365870268205,0.07692307692307693
mt_bench,36,ucb,2.649474620819092,0.5898597838761446,0.16326530612244897
mt_bench,37,ucb,2.3763649463653564,0.6522638210120659,0.0
mt_bench,38,ucb,4.196481227874756,0.37561164453707385,1.3513513513513513
mt_bench,39,ucb,2.443045139312744,0.63545252922989,0.16
mt_bench,40,ucb,3.658306121826172,0.4243947881289214,0.875
mt_bench,41,ucb,3.668226718902588,0.4224680543399574,0.95
mt_bench,42,ucb,3.4940640926361084,0.441556551351479,0.775
mt_bench,43,ucb,3.065159320831299,0.5186983566696561,0.28205128205128205
mt_bench,44,ucb,3.0339279174804688,0.5096903659631397,0.42
mt_bench,45,ucb,3.646550178527832,0.4291763050565096,0.9302325581395349
mt_bench,46,ucb,2.9980568885803223,0.5171072820304671,0.5
mt_bench,47,ucb,3.276963710784912,0.47588671667134,0.24242424242424243
mt_bench,48,ucb,4.100840091705322,0.3794452031578758,1.2972972972972974
mt_bench,49,ucb,3.633286952972412,0.4310056820903583,0.717948717948718
mt_bench,50,ucb,4.147660255432129,0.08512838294125938,1.2941176470588236
mt_bench,51,ucb,3.962022304534912,0.10612575841293312,1.135135135135135
mt_bench,52,ucb,3.2438535690307617,0.48656482999635153,0.5
mt_bench,53,ucb,3.745631456375122,0.42215640842893243,0.7941176470588235
mt_bench,54,ucb,3.0394816398620605,0.5161232959773339,0.17777777777777778
mt_bench,55,ucb,3.821110248565674,0.415503736281344,1.1162790697674418
mt_bench,56,ucb,3.5450568199157715,0.327140221369952,0.47058823529411764
mt_bench,57,ucb,3.5097153186798096,0.4567615253315153,0.4864864864864865
mt_bench,58,ucb,3.374752998352051,0.4643726412495037,0.4864864864864865
mt_bench,59,ucb,3.2941224575042725,0.4799468405682431,0.5106382978723404
mt_bench,60,ucb,3.4435219764709473,0.4524487616229614,0.47058823529411764
mt_bench,61,ucb,3.955521583557129,0.3915916545815537,1.0625
mt_bench,62,ucb,3.2439887523651123,0.47804391723671613,0.525
mt_bench,63,ucb,3.762695550918579,0.41217822530623555,0.8333333333333334
mt_bench,64,ucb,2.9820680618286133,0.5246387425345986,0.2926829268292683
mt_bench,65,ucb,3.3853981494903564,0.45933969412345843,0.7
mt_bench,66,ucb,3.2982373237609863,0.4746400304760583,0.36363636363636365
mt_bench,67,ucb,3.967939853668213,0.3896707310199891,1.15625
mt_bench,68,ucb,3.326761484146118,0.46528173786997035,0.5135135135135135
mt_bench,69,ucb,3.460891008377075,0.4433497618391366,0.5428571428571428
mt_bench,70,ucb,3.6904022693634033,0.42180952380337094,0.9444444444444444
mt_bench,71,ucb,3.36785888671875,0.4601806591955273,0.6136363636363636
mt_bench,72,ucb,3.2503459453582764,0.47418865440533403,0.21875
mt_bench,73,ucb,3.616563081741333,0.42993941907045075,0.7575757575757576
mt_bench,74,ucb,3.491131067276001,0.45020540720685465,0.6666666666666666
mt_bench,75,ucb,4.317852735519409,0.35754752231412834,1.53125
mt_bench,76,ucb,3.093869686126709,0.5068348253745387,0.4772727272727273
mt_bench,77,ucb,3.8168532848358154,0.41042515783110833,0.9696969696969697
mt_bench,78,ucb,3.533400774002075,0.43564018923686165,0.5483870967741935
mt_bench,79,ucb,3.0377132892608643,0.509266983609648,0.4418604651162791
mt_bench,0,history,3.9441590309143066,0.48329390276323486,1.125
mt_bench,1,history,4.249614953994751,0.3679620102515813,1.4222222222222223
mt_bench,2,history,3.4068026542663574,0.4533833535141239,0.6428571428571429
mt_bench,3,history,3.617546796798706,0.42870084941822334,0.95
mt_bench,4,history,4.008049249649048,0.3869794123208901,1.0
mt_bench,5,history,3.466794013977051,0.4444986062653551,0.6388888888888888
mt_bench,6,history,3.8191938400268555,0.40593413014409263,0.9032258064516129
mt_bench,7,history,3.777076005935669,0.40810859346915407,0.5769230769230769
mt_bench,8,history,3.5961930751800537,0.42971972006282083,0.5517241379310344
mt_bench,9,history,3.267094612121582,0.47496465785917846,0.5
mt_bench,10,history,3.235025644302368,0.48165890258603616,0.6888888888888889
mt_bench,11,history,3.9589931964874268,0.3913820839843083,0.84
mt_bench,12,history,3.980919361114502,0.39285565843250475,1.3076923076923077
mt_bench,13,history,3.8324525356292725,0.4065437674434201,0.8709677419354839
mt_bench,14,history,4.0477142333984375,0.38419331080291474,0.96
mt_bench,15,history,3.7017059326171875,0.41904421463756464,0.5599999999999999
mt_bench,16,history,3.343959093093872,0.47011022217190146,0.5957446808510638
mt_bench,17,history,4.316116809844971,0.36482446713840155,1.5
mt_bench,18,history,4.401698589324951,0.35035013965395634,1.3333333333333333
mt_bench,19,history,3.6835193634033203,0.42628487100156637,0.9210526315789473
mt_bench,20,history,3.516754150390625,0.437781959678749,0.6285714285714286
mt_bench,21,history,4.177049160003662,0.37941515817462446,1.2727272727272727
mt_bench,22,history,3.3444788455963135,0.46661281155274886,0.851063829787234
mt_bench,23,history,3.8463358879089355,0.4073463949188425,0.8620689655172413
mt_bench,24,history,3.22621488571167,0.4866277221398069,0.42857142857142855
mt_bench,25,history,2.6541824340820312,0.5843204477577618,0.2222222222222222
mt_bench,26,history,4.953541278839111,0.31436027873202704,2.413793103448276
mt_bench,27,history,3.460219621658325,0.4475704311650356,0.47058823529411764
mt_bench,28,history,3.113640546798706,0.497645134156562,0.4318181818181818
mt_bench,29,history,3.324145555496216,0.47438206281423306,0.6046511627906976
mt_bench,30,history,2.30029559135437,0.6730561199418872,0.0
mt_bench,31,history,2.3925561904907227,0.6464271236542746,0.18032786885245902
mt_bench,32,history,2.1489546298980713,0.7226682941750193,0.14285714285714285
mt_bench,33,history,2.144374370574951,0.7312801264998903,0.12280701754385964
mt_bench,34,history,2.8979878425598145,0.5392720979491473,0.6
mt_bench,35,history,2.652219772338867,0.5858569269061298,0.48148148148148145
mt_bench,36,history,2.3934152126312256,0.6529659036902248,0.2413793103448276
mt_bench,37,history,2.153470993041992,0.7197760661943475,0.0
mt_bench,38,history,4.734898567199707,0.3328998906524017,2.138888888888889
mt_bench,39,history,2.4474716186523438,0.6343032544148132,0.19642857142857142
mt_bench,40,history,4.27641749382019,0.36305296518096103,1.5263157894736843
mt_bench,41,history,3.619192123413086,0.4281918593896492,0.7857142857142857
mt_bench,42,history,3.6314189434051514,0.4248551089780731,0.9
mt_bench,43,history,3.0655324459075928,0.5186352226571083,0.38095238095238093
mt_bench,44,history,3.6369197368621826,0.42518503086366133,0.675
mt_bench,45,history,4.095873832702637,0.38209500481392183,1.4047619047619047
mt_bench,46,history,3.5362064838409424,0.43841247848812614,1.0816326530612246
mt_bench,47,history,3.348395824432373,0.46573451370281943,0.5897435897435898
mt_bench,48,history,3.4186904430389404,0.45515794063293136,0.5
mt_bench,49,history,4.273625135421753,0.36642599006085563,1.4705882352941178
mt_bench,50,history,3.9253358840942383,0.08994991026510363,0.8611111111111112
mt_bench,51,history,4.219419717788696,0.09965176494413429,1.1666666666666667
mt_bench,52,history,3.390533685684204,0.4655152275916714,0.43902439024390244
mt_bench,53,history,3.648444652557373,0.4334017570510171,0.8536585365853658
mt_bench,54,history,2.750894784927368,0.5702680053863339,0.2
mt_bench,55,history,4.768394708633423,0.33296018514310205,2.0277777777777777
mt_bench,56,history,2.9858438968658447,0.38840968010874244,0.38
mt_bench,57,history,3.7076642513275146,0.4323754293193054,1.0612244897959184
mt_bench,58,history,3.425065040588379,0.457551300439016,0.37142857142857144
mt_bench,59,history,3.182403326034546,0.49679550451390836,0.5833333333333334
mt_bench,60,history,3.2512097358703613,0.4792115490693329,0.7551020408163265
mt_bench,61,history,3.508268356323242,0.44151389925641926,0.7368421052631579
mt_bench,62,history,3.0984914302825928,0.5004916507098522,0.28205128205128205
mt_bench,63,history,3.6335530281066895,0.42682772552060577,1.0454545454545454
mt_bench,64,history,3.296738862991333,0.474562439771398,0.2702702702702703
mt_bench,65,history,3.852532386779785,0.40364300526304975,1.054054054054054
mt_bench,66,history,3.293081521987915,0.47538314900937106,0.4594594594594595
mt_bench,67,history,3.9101321697235107,0.39543165200259045,0.7857142857142857
mt_bench,68,history,3.33799147605896,0.46371639230484574,0.42857142857142855
mt_bench,69,history,3.2852165699005127,0.46705755059601806,0.7446808510638298
mt_bench,70,history,3.5314109325408936,0.4408002505568023,0.6944444444444444
mt_bench,71,history,3.6054000854492188,0.42986173124657456,0.9545454545454546
mt_bench,72,history,3.1214704513549805,0.49376638164626246,0.29545454545454547
mt_bench,73,history,3.568584442138672,0.43571983670467557,0.8444444444444444
mt_bench,74,history,3.44848370552063,0.455773092747789,0.6
mt_bench,75,history,3.8294827938079834,0.40314518446160086,0.6
mt_bench,76,history,3.912029266357422,0.4008356776838954,1.2682926829268293
mt_bench,77,history,3.266500473022461,0.4795751982235063,0.4166666666666667
mt_bench,78,history,3.518939256668091,0.43743050662756144,0.6060606060606061
mt_bench,79,history,3.6754395961761475,0.420903960849281,1.065217391304348
mt_bench,0,ucb_coarse,4.516777038574219,0.4220239331917848,1.8235294117647058
mt_bench,1,ucb_coarse,3.0679821968078613,0.5096825082277423,0.5652173913043478
mt_bench,2,ucb_coarse,3.6868739128112793,0.41894234754948145,0.8974358974358975
mt_bench,3,ucb_coarse,3.6980366706848145,0.41936993131833594,0.9444444444444444
mt_bench,4,ucb_coarse,3.6868770122528076,0.42069006859402647,0.85
mt_bench,5,ucb_coarse,3.7174794673919678,0.41452417449475987,0.8947368421052632
mt_bench,6,ucb_coarse,3.864508867263794,0.4011741679352579,1.054054054054054
mt_bench,7,ucb_coarse,4.401538133621216,0.35020875189835393,1.5862068965517242
mt_bench,8,ucb_coarse,3.700186014175415,0.41764253895289893,0.8484848484848485
mt_bench,9,ucb_coarse,3.3224000930786133,0.4670582805100998,0.5405405405405406
mt_bench,10,ucb_coarse,3.4171853065490723,0.4559831445740144,0.6111111111111112
mt_bench,11,ucb_coarse,4.244017601013184,0.3650972152780509,1.4615384615384615
mt_bench,12,ucb_coarse,3.34506893157959,0.46753197879208874,0.631578947368421
mt_bench,13,ucb_coarse,3.198986530303955,0.48704790646141666,0.4523809523809524
mt_bench,14,ucb_coarse,4.793839931488037,0.32439646603525907,2.4285714285714284
mt_bench,15,ucb_coarse,4.317134857177734,0.3593073894306939,1.5999999999999999
mt_bench,16,ucb_coarse,3.3233368396759033,0.4730273902483556,0.23333333333333334
mt_bench,17,ucb_coarse,4.599170923233032,0.3423714929367946,1.92
mt_bench,18,ucb_coarse,4.851760387420654,0.3178507577338266,2.65
mt_bench,19,ucb_coarse,3.8174307346343994,0.41133125544726856,0.8571428571428571
mt_bench,20,ucb_coarse,3.388770818710327,0.45431562239794676,0.45714285714285713
mt_bench,21,ucb_coarse,3.9419867992401123,0.4020398465188866,0.8928571428571429
mt_bench,22,ucb_coarse,3.5222153663635254,0.4430667960356975,0.5806451612903226
mt_bench,23,ucb_coarse,3.5900051593780518,0.4364314222484593,0.40625
mt_bench,24,ucb_coarse,3.5878121852874756,0.4375829948416357,0.44827586206896547
mt_bench,25,ucb_coarse,3.151451826095581,0.4921201890098514,0.03125
mt_bench,26,ucb_coarse,4.42228889465332,0.3521245794251846,1.5416666666666667
mt_bench,27,ucb_coarse,3.611379384994507,0.4288366917157026,0.42857142857142855
mt_bench,28,ucb_coarse,3.5891520977020264,0.4317142393098975,0.625
mt_bench,29,ucb_coarse,3.4373083114624023,0.45876449908567013,0.16666666666666666
mt_bench,30,ucb_coarse,3.0424246788024902,0.5088796564869404,0.0
mt_bench,31,ucb_coarse,3.1481411457061768,0.4912782320797809,0.03125
mt_bench,32,ucb_coarse,3.1660072803497314,0.49051731064762427,0.03125
mt_bench,33,ucb_coarse,2.5013933181762695,0.6269059526074373,0.08333333333333333
mt_bench,34,ucb_coarse,3.2701871395111084,0.47789435803419894,0.6904761904761905
mt_bench,35,ucb_coarse,3.120474338531494,0.4979439523394247,0.06451612903225806
mt_bench,36,ucb_coarse,3.1281635761260986,0.49959616535049167,0.06451612903225806
mt_bench,37,ucb_coarse,3.044214963912964,0.5091680115924022,0.0
mt_bench,38,ucb_coarse,4.11574125289917,0.38298015312810824,1.0
mt_bench,39,ucb_coarse,3.1442325115203857,0.493741861363934,0.06451612903225806
mt_bench,40,ucb_coarse,3.771549940109253,0.4116519935138868,0.75
mt_bench,41,ucb_coarse,3.3482143878936768,0.46284628917908865,0.1935483870967742
mt_bench,42,ucb_coarse,3.4962141513824463,0.4412850083383427,0.39285714285714285
mt_bench,43,ucb_coarse,3.355163335800171,0.47386459123507957,0.29411764705882354
mt_bench,44,ucb_coarse,3.549771308898926,0.4356235081087689,0.36666666666666664
mt_bench,45,ucb_coarse,3.6837167739868164,0.4248461615929139,0.5135135135135135
mt_bench,46,ucb_coarse,3.1068832874298096,0.4989942993027587,0.5238095238095238
mt_bench,47,ucb_coarse,3.402623176574707,0.4583121374452095,0.36666666666666664
mt_bench,48,ucb_coarse,3.3976333141326904,0.45797882168232074,0.2903225806451613
mt_bench,49,ucb_coarse,3.7049307823181152,0.422671141082985,0.5151515151515151
mt_bench,50,ucb_coarse,3.852553129196167,0.09164925146881457,0.9696969696969697
mt_bench,51,ucb_coarse,3.898994207382202,0.10784130459122465,0.8461538461538461
mt_bench,52,ucb_coarse,3.683610677719116,0.428477707998669,0.39285714285714285
mt_bench,53,ucb_coarse,3.566901922225952,0.44330972855428746,0.3448275862068966
mt_bench,54,ucb_coarse,3.280200958251953,0.4782473092332114,0.0967741935483871
mt_bench,55,ucb_coarse,3.4229705333709717,0.46383267677691803,0.6666666666666666
mt_bench,56,ucb_coarse,3.4482481479644775,0.33632459819369437,0.2903225806451613
mt_bench,57,ucb_coarse,3.4916739463806152,0.4591215981381403,0.2413793103448276
mt_bench,58,ucb_coarse,3.5469000339508057,0.44183454521096877,0.32142857142857145
mt_bench,59,ucb_coarse,3.5497164726257324,0.4453887171317096,0.3448275862068966
mt_bench,60,ucb_coarse,3.5462229251861572,0.43934554785326846,0.4
mt_bench,61,ucb_coarse,3.411669969558716,0.454014970808719,0.3125
mt_bench,62,ucb_coarse,3.4174575805664062,0.45377859244574525,0.3333333333333333
mt_bench,63,ucb_coarse,3.5181429386138916,0.44082949488013856,0.39285714285714285
mt_bench,64,ucb_coarse,3.2479960918426514,0.4816842120098659,0.18181818181818182
mt_bench,65,ucb_coarse,3.584711790084839,0.4337999374940598,0.65625
mt_bench,66,ucb_coarse,3.6050586700439453,0.43424410173277556,0.5806451612903226
mt_bench,67,ucb_coarse,3.940354347229004,0.3923987253861005,0.8846153846153846
mt_bench,68,ucb_coarse,3.3340208530426025,0.4642686512922685,0.16666666666666666
mt_bench,69,ucb_coarse,3.3677730560302734,0.45560825470936744,0.16666666666666666
mt_bench,70,ucb_coarse,3.431116819381714,0.4536851718629516,0.2857142857142857
mt_bench,71,ucb_coarse,3.170017957687378,0.48890054985631415,0.32432432432432434
mt_bench,72,ucb_coarse,3.1737070083618164,0.4856394009026186,0.06451612903225806
mt_bench,73,ucb_coarse,3.439643383026123,0.45205355824636045,0.36666666666666664
mt_bench,74,ucb_coarse,3.89394474029541,0.4036333817198073,0.8461538461538461
mt_bench,75,ucb_coarse,3.8995566368103027,0.3959007884970866,0.72
mt_bench,76,ucb_coarse,3.273512840270996,0.47902084965391384,0.13333333333333333
mt_bench,77,ucb_coarse,3.57067608833313,0.43872156787489947,0.5357142857142857
mt_bench,78,ucb_coarse,3.3675403594970703,0.4570966395383677,0.2903225806451613
mt_bench,79,ucb_coarse,2.911973476409912,0.5312572715463337,0.43478260869565216
mt_bench,0,linucb,3.7741386890411377,0.5050657032568462,0.9
mt_bench,1,linucb,3.4070441722869873,0.4589599612433126,0.1875
mt_bench,2,linucb,3.389725923538208,0.4556674040890756,0.31034482758620685
mt_bench,3,linucb,3.482673406600952,0.4453031345570198,0.39285714285714285
mt_bench,4,linucb,3.8687217235565186,0.4009160270531187,0.7307692307692307
mt_bench,5,linucb,3.515878677368164,0.4382930268160989,0.37037037037037035
mt_bench,6,linucb,3.752314805984497,0.41316925936767573,0.5172413793103449
mt_bench,7,linucb,3.925445318222046,0.39268339035395583,0.8399999999999999
mt_bench,8,linucb,3.4297382831573486,0.45057522002396183,0.2857142857142857
mt_bench,9,linucb,3.542379379272461,0.43805428738651764,0.4137931034482758
mt_bench,10,linucb,3.352005958557129,0.4648496813362114,0.2068965517241379
mt_bench,11,linucb,4.055010557174683,0.3821146667496083,1.0833333333333333
mt_bench,12,linucb,3.5600221157073975,0.43930252283463195,0.37037037037037035
mt_bench,13,linucb,3.436107873916626,0.4534373627236761,0.2413793103448276
mt_bench,14,linucb,4.101229667663574,0.3791801138996817,1.0476190476190477
mt_bench,15,linucb,3.676126003265381,0.4219600889563967,0.5599999999999999
mt_bench,16,linucb,3.3378450870513916,0.47097133365671573,0.2068965517241379
mt_bench,17,linucb,4.009627819061279,0.3927110161629503,0.826086956521739
mt_bench,18,linucb,4.285804986953735,0.35982405176599935,1.368421052631579
mt_bench,19,linucb,3.671405792236328,0.42769137096765814,0.5599999999999999
mt_bench,20,linucb,3.429952383041382,0.44886090293219305,0.2413793103448276
mt_bench,21,linucb,3.7226181030273438,0.42573149430964624,0.5
mt_bench,22,linucb,3.4081637859344482,0.4578936856740615,0.2857142857142857
mt_bench,23,linucb,3.5138440132141113,0.4458908966062859,0.37037037037037035
mt_bench,24,linucb,3.4877688884735107,0.45013464227973343,0.2068965517241379
mt_bench,25,linucb,3.161651611328125,0.49053256303027964,0.03125
mt_bench,26,linucb,4.179992914199829,0.3725357073780009,1.04
mt_bench,27,linucb,3.5182604789733887,0.44018684723515233,0.32142857142857145
mt_bench,28,linucb,3.5133585929870605,0.441027588450508,0.32142857142857145
mt_bench,29,linucb,3.3647217750549316,0.46866134293832223,0.16666666666666666
mt_bench,30,linucb,3.0394420623779297,0.5093790220910261,0.0
mt_bench,31,linucb,3.1218111515045166,0.4954217732404397,0.03125
mt_bench,32,linucb,3.1805617809295654,0.4882726648982331,0.03125
mt_bench,33,linucb,3.157611846923828,0.4966216359065369,0.06451612903225806
mt_bench,34,linucb,3.14676570892334,0.49663817654319903,0.06451612903225806
mt_bench,35,linucb,3.130723237991333,0.49631385695372204,0.06451612903225806
mt_bench,36,linucb,3.1267783641815186,0.49981749430160555,0.06451612903225806
mt_bench,37,linucb,3.075132131576538,0.5040488713051651,0.0
mt_bench,38,linucb,3.808344602584839,0.4138930112052227,0.6
mt_bench,39,linucb,3.143366813659668,0.49387784017215713,0.06451612903225806
mt_bench,40,linucb,3.4990921020507812,0.44370539734384573,0.37037037037037035
mt_bench,41,linucb,3.3396852016448975,0.4640283473572129,0.16666666666666666
mt_bench,42,linucb,3.462503433227539,0.4455813317439236,0.2857142857142857
mt_bench,43,linucb,3.2578651905059814,0.48801684835797227,0.13333333333333333
mt_bench,44,linucb,3.4540700912475586,0.44769324006620914,0.2413793103448276
mt_bench,45,linucb,3.556074619293213,0.4400956389758729,0.37037037037037035
mt_bench,46,linucb,3.3270187377929688,0.4659778532100835,0.2068965517241379
mt_bench,47,linucb,3.217144012451172,0.48473537241138076,0.13333333333333333
mt_bench,48,linucb,3.6924941539764404,0.42140732979614515,0.4074074074074074
mt_bench,49,linucb,3.9067533016204834,0.40083598847829116,0.4482758620689655
mt_bench,50,linucb,3.735752820968628,0.09451471429073789,0.5769230769230769
mt_bench,51,linucb,4.120644569396973,0.10204049750868414,0.72
mt_bench,52,linucb,3.584963321685791,0.44026811956511475,0.2857142857142857
mt_bench,53,linucb,3.4920144081115723,0.45281666629115214,0.2413793103448276
mt_bench,54,linucb,3.3119828701019287,0.47365803011533053,0.0967741935483871
mt_bench,55,linucb,3.8009753227233887,0.41770478632952557,0.46153846153846156
mt_bench,56,linucb,3.438779354095459,0.33725067921415414,0.0967741935483871
mt_bench,57,linucb,3.5988411903381348,0.44544975386617525,0.2413793103448276
mt_bench,58,linucb,3.5836243629455566,0.4373067053605228,0.32142857142857145
mt_bench,59,linucb,3.5017075538635254,0.451495061082331,0.2413793103448276
mt_bench,60,linucb,3.3412203788757324,0.46630185297743826,0.16666666666666666
mt_bench,61,linucb,3.6342217922210693,0.4262120834104451,0.4074074074074074
mt_bench,62,linucb,3.438199758529663,0.4510410097043483,0.2413793103448276
mt_bench,63,linucb,3.529266357421875,0.4394401038288931,0.3448275862068966
mt_bench,64,linucb,3.3448469638824463,0.4677369263837375,0.2068965517241379
mt_bench,65,linucb,3.4136860370635986,0.4555333248545174,0.2857142857142857
mt_bench,66,linucb,3.203237295150757,0.4887166699254824,0.16129032258064516
mt_bench,67,linucb,3.760709047317505,0.41114321899619727,0.6296296296296297
mt_bench,68,linucb,3.346468687057495,0.4625417147361444,0.1935483870967742
mt_bench,69,linucb,3.3103270530700684,0.4635146859257196,0.23333333333333334
mt_bench,70,linucb,3.467298746109009,0.44895088017146506,0.4137931034482758
mt_bench,71,linucb,3.3550331592559814,0.46193985245482366,0.1935483870967742
mt_bench,72,linucb,3.4688775539398193,0.4443158186516991,0.36666666666666664
mt_bench,73,linucb,3.4045941829681396,0.4567073039641796,0.3333333333333333
mt_bench,74,linucb,3.5686089992523193,0.44043101502148174,0.5
mt_bench,75,linucb,3.952259063720703,0.3906215464147381,0.84
mt_bench,76,linucb,3.1112678050994873,0.5040006197889698,0.09375
mt_bench,77,linucb,3.3998210430145264,0.46076913814790765,0.2857142857142857
mt_bench,78,linucb,3.4326436519622803,0.448427374905635,0.31034482758620685
mt_bench,79,linucb,3.240150213241577,0.4774491866366695,0.16129032258064516
mt_bench,0,linucb_explore,3.8940608501434326,0.4895116138463069,1.1142857142857143
mt_bench,1,linucb_explore,3.1725711822509766,0.49287999273750843,0.35714285714285715
mt_bench,2,linucb_explore,3.7657649517059326,0.41016569859262847,0.8181818181818182
mt_bench,3,linucb_explore,3.4077961444854736,0.4550874872921522,0.46875
mt_bench,4,linucb_explore,3.802772045135498,0.40786892424079224,0.8620689655172413
mt_bench,5,linucb_explore,3.6272621154785156,0.42483422988542013,0.6129032258064516
mt_bench,6,linucb_explore,4.080453395843506,0.37994334915875055,1.0357142857142858
mt_bench,7,linucb_explore,4.1036717891693115,0.3756287674557245,0.9
mt_bench,8,linucb_explore,3.4415814876556396,0.4490246960884553,0.2857142857142857
mt_bench,9,linucb_explore,3.6788136959075928,0.42180838795019826,0.6551724137931033
mt_bench,10,linucb_explore,3.6692748069763184,0.4246558199210997,0.6071428571428571
mt_bench,11,linucb_explore,4.119932174682617,0.3760933292161085,1.25
mt_bench,12,linucb_explore,3.500364065170288,0.44678972462861827,0.37037037037037035
mt_bench,13,linucb_explore,3.370530843734741,0.46225943764288274,0.3125
mt_bench,14,linucb_explore,4.249608516693115,0.3659407040447932,1.3636363636363635
mt_bench,15,linucb_explore,3.8317627906799316,0.4048211071744168,0.8076923076923077
mt_bench,16,linucb_explore,3.201982021331787,0.4909550839808472,0.29411764705882354
mt_bench,17,linucb_explore,4.18710732460022,0.37606511923100333,1.3199999999999998
mt_bench,18,linucb_explore,6.793982267379761,0.2269855373171846,5.52
mt_bench,19,linucb_explore,3.721993923187256,0.4218783289456642,0.5599999999999999
mt_bench,20,linucb_explore,3.5198802947998047,0.43739314826726117,0.41935483870967744
mt_bench,21,linucb_explore,3.637011766433716,0.43575216950699824,0.48148148148148145
mt_bench,22,linucb_explore,3.4398467540740967,0.4536762213241235,0.3333333333333333
mt_bench,23,linucb_explore,3.7863945960998535,0.4137949750933331,0.48484848484848486
mt_bench,24,linucb_explore,7.879858016967773,0.19923780321761958,0.55
mt_bench,25,linucb_explore,5.289672374725342,0.2931926513490595,0.3953488372093023
mt_bench,26,linucb_explore,7.346548318862915,0.21196302665405797,2.375
mt_bench,27,linucb_explore,5.485832691192627,0.28230755022436627,0.6896551724137931
mt_bench,28,linucb_explore,4.7620627880096436,0.3253816962532278,0.21875
mt_bench,29,linucb_explore,4.817425966262817,0.3273356013677097,0.47058823529411764
mt_bench,30,linucb_explore,2.753237009048462,0.562330093758067,0.0
mt_bench,31,linucb_explore,3.1751785278320312,0.48709488390756817,0.11538461538461539
mt_bench,32,linucb_explore,4.15090012550354,0.3741312317071371,0.05084745762711865
mt_bench,33,linucb_explore,3.2610301971435547,0.48087207605460314,0.2545454545454545
mt_bench,34,linucb_explore,3.419110059738159,0.45707916866766096,0.27586206896551724
mt_bench,35,linucb_explore,3.8868324756622314,0.3997654478374159,0.4
mt_bench,36,linucb_explore,3.329972982406616,0.4693186808056952,0.016666666666666666
mt_bench,37,linucb_explore,3.5299887657165527,0.43909966374093046,0.16
mt_bench,38,linucb_explore,7.22663950920105,0.21811620923723923,2.511111111111111
mt_bench,39,linucb_explore,3.713477849960327,0.41805533128887734,0.27450980392156865
mt_bench,40,linucb_explore,6.624407052993774,0.23437056917894283,2.411764705882353
mt_bench,41,linucb_explore,4.131143808364868,0.37512821550165454,0.325
mt_bench,42,linucb_explore,5.272780179977417,0.2926021639976735,0.9393939393939394
mt_bench,43,linucb_explore,5.563153505325317,0.28578990335678356,1.0689655172413792
mt_bench,44,linucb_explore,5.032490015029907,0.307276085188063,0.3548387096774194
mt_bench,45,linucb_explore,4.686445713043213,0.33394453444067873,0.3548387096774194
mt_bench,46,linucb_explore,4.247460603713989,0.3649985705978976,0.45
mt_bench,47,linucb_explore,4.912212133407593,0.31746664407482855,0.6857142857142857
mt_bench,48,linucb_explore,4.832018613815308,0.32202775404593337,0.5454545454545454
mt_bench,49,linucb_explore,4.95099401473999,0.3162935193889774,0.6451612903225806
mt_bench,50,linucb_explore,5.382955312728882,0.06559289275535016,1.1
mt_bench,51,linucb_explore,5.389970541000366,0.07801018924301688,1.032258064516129
